video_id,title,publishedAt,channelId,channelTitle,categoryId,trending_date,tags,view_count,likes,dislikes,comment_count,thumbnail_link,comments_disabled,ratings_disabled,description,category,country,engagement_ratio
gRKGiLwHTzA,IONIQxBTS - IONIQ: I’m On it (Lyric video),2020-08-31T03:19:28Z,UC5f97D60yHa7UE9rFfbej8g,HyundaiWorldwide,2,2020-09-01T00:00:00Z,#IONIQ|#IONIQxBTS|#BTSxIONIQ|#Hyundai|#LyricVideo|#Official|#BTSxHyundai|#HyundaixBTS|#HyundaiPresents|#Ioniqelectric|#HyundaiIONIQ|#Hybrid|#PlugIn|#HyundaiElectric|#Electric|#mobility|#new|#lifestyle|#Premium|#Electricvehicle|#CleanMobility|#JungKook|#Jin|#j-hope|#jhope|#RM|#SUGA|#Jimin|#V|#BTSMusicVideo|#BTSFilm|#BTS|#방탄소년단|#MV|#BTSCommercials|#BigHit|#information|#film|#Future|#Review|#subscribe|#BTSAD|#BTSpurplecar|#bangtanboys|#bangtan|#bts_twt|#kpop|#btsarmy|#btsofficial|#btsfunny|#car,987598,267466,371,8081,https://i.ytimg.com/vi/gRKGiLwHTzA/default.jpg,False,False,"The #HyundaiIONIQ empowers you to live life your own way, in an eco-friendly way.Download our new #BrandMusic ‘IONIQ: I’m On it’ at 7:00 pm KST🔗https://www.hyundai.com/worldwide/en/brand/hyundai-bts-ioniq#IONIQxBTS #Lyrics:[Jung Kook]IONIQ, IONIQ, IONIQ, IONIQ, IONIQ, IONIQ[V]When I look into your eyesall I see is you filling my mind새로운 만남들은 나를 충전해[Jung Kook]Though I bump into somethingnew possibility어떤 날 발견할지 두근대[RM]Full energy, higher esteembetter focus on what’s charging me가끔 길을 잃을 때면 (I got you)영혼의 지도를 따라가[Jin & V]쉼 없이 달려가다네가 지칠 땐내가 네 휴식이 되어 줄게[Chorus: Jung Kook]I'm on it. Chasing my chanceIONIQ takes me there[Jimin]내가 원하는 건 simple멀리 보단 늘 함께 가고 싶어Show you the way[V]IONIQ, IONIQ, IONIQ, IONIQ, IONIQ, IONIQ[SUGA]I see a sign saying slow it downI’ve pushed myself too hard몰아 세우기보단나아갈 힘을 줄래 (cheer up)[Jimin]When we're togetherI get my energythe memory, it makes me go again[j-hope]실바람 소리가 들려와그 위에 내 목소리를 실어 난새로운 음악으로 만들어 가Make it loudMake it right[Jin]거의 다 왔어Where I am heading forIt’s finally one step away[Jung Kook]I'm on it. Chasing my chanceIONIQ takes me there[V]내가 원하는 건 simple멀리 보단 늘 함께 가고 싶어Show you the way[Jung Kook]IONIQ, IONIQ, IONIQ, IONIQ, IONIQ, IONIQ",Autos & Vehicles,US,0.2790072478883108
l6yzZdHruUI,IONIQ x BTS - IONIQ: I'm on it Official M/V,2020-09-02T02:00:05Z,UC5f97D60yHa7UE9rFfbej8g,HyundaiWorldwide,2,2020-09-02T00:00:00Z,#IONIQ|#IONIQxBTS|#BTSxIONIQ|#Hyundai|#MusicVideo|#Official|#BTSxHyundai|#HyundaixBTS|#HyundaiPresents|#Ioniqelectric|#HyundaiIONIQ|#Hybrid|#PlugIn|#HyundaiElectric|#Electric|#mobility|#new|#lifestyle|#Premium|#Electricvehicle|#CleanMobility|#JungKook|#Jin|#j-hope|#jhope|#RM|#SUGA|#Jimin|#V|#BTSMusicVideo|#BTSFilm|#BTS|#방탄소년단|#MV|#BTSCommercials|#BigHit|#information|#film|#Future|#Review|#subscribe|#BTSAD|#BTSpurplecar|#bangtanboys|#bangtan|#bts_twt|#kpop|#btsarmy|#btsofficial|#btsfunny|#car,3299391,808629,3273,30790,https://i.ytimg.com/vi/l6yzZdHruUI/default.jpg,False,False,"The wait is over… you can now watch the hotly anticipated #MusicVideo for ‘IONIQ: I’m on it’!🎵I’m on it. Chasing my chance #IONIQ takes me there.📼This video gives you an exclusive look at the different lifestyles of each of the BTS members, empowered by IONIQ.The HyundaiIONIQ inspires you to live life your own way, in an eco-friendly way.Watch now and let us know which member has your favourite lifestyle.✅Download music: https://www.hyundai.com/worldwide/en/brand/hyundai-bts-ioniq#IONIQxBTS",Autos & Vehicles,US,0.2544163453194847
R4Y7JIQlv20,LUMBERJACK,2021-06-16T16:01:08Z,UCsQBsZJltmLzlsJNG7HevBg,"Tyler, The Creator",2,2021-06-17T00:00:00Z,tyler the creator|lumberjack|rolls royce|le fleur|call me if you get lost|brianhead utah|igor|earfquake|goblin|golf wang,856968,200339,532,11598,https://i.ytimg.com/vi/R4Y7JIQlv20/default.jpg,False,False,DIRECTOR: WOLF HALEYDP: LUIS PANCH PEREZPRODUCER: TARA RAZAVI FOR HAPPY PLACE'LUMBERJACK' IS AVAILABLE NOW: https://tylerthecreator.lnk.to/LUMBERJACK,Autos & Vehicles,US,0.24731028463139815
99gdVje26jk,In Loving Memory of my Dad.,2021-05-10T17:00:07Z,UC21Kozr_K0yDM-VjoihG9Aw,TheStradman,2,2021-05-11T00:00:00Z,[None],1203929,223768,797,67922,https://i.ytimg.com/vi/99gdVje26jk/default.jpg,False,False,Love you Pops.,Autos & Vehicles,US,0.24228172923818597
NJea386275c,WUSYANAME,2021-06-22T16:00:27Z,UCsQBsZJltmLzlsJNG7HevBg,"Tyler, The Creator",2,2021-06-23T00:00:00Z,tyler the creator|call me if you get lost|lumberjack,2043880,310025,1143,18922,https://i.ytimg.com/vi/NJea386275c/default.jpg,False,False,DIRECTOR: WOLF HALEYDP: LUIS PANCH PEREZPRODUCER: TARA RAZAVI FOR HAPPY PLACE'LUMBERJACK' IS AVAILABLE NOW: https://tylerthecreator.lnk.to/LUMBERJACK,Autos & Vehicles,US,0.16094242323424077
ETh_n0u-g5o,BROWN SUGAR SALMON,2021-06-23T15:54:57Z,UCsQBsZJltmLzlsJNG7HevBg,"Tyler, The Creator",2,2021-06-24T00:00:00Z,tyler the creator|call me if you get lost|lumberjack|wusyaname,1930124,283983,1297,17621,https://i.ytimg.com/vi/ETh_n0u-g5o/default.jpg,False,False,DIRECTOR: WOLF HALEYDP: LUIS PANCH PEREZPRODUCER: TARA RAZAVI FOR HAPPY PLACE'LUMBERJACK' IS AVAILABLE NOW: https://tylerthecreator.lnk.to/LUMBERJACK,Autos & Vehicles,US,0.1562614629940874
2TVXi_9Bvlg,DOGTOOTH,2023-03-27T14:02:13Z,UCsQBsZJltmLzlsJNG7HevBg,"Tyler, The Creator",2,2023-03-28T00:00:00Z,call me if you get lost|cmiygl|lumberjack|wusyaname|tyler baudelaire,1315831,187948,0,9402,https://i.ytimg.com/vi/2TVXi_9Bvlg/default.jpg,False,False,"from CALL ME IF YOU GET LOST: The Estate Sale, out 3/31: https://tylerthecreator.lnk.to/TheEstateSalea collection of songs that didnt make the original album directed by TYLER OKONMAdp: LUIS PANCH PEREZproduction: TARA RAZAVI for Happy Place",Autos & Vehicles,US,0.14998126659122638
6zxnoT3XBu0,"COME ON, LET'S GO",2022-03-24T13:00:14Z,UCsQBsZJltmLzlsJNG7HevBg,"Tyler, The Creator",2,2022-03-25T00:00:00Z,the usual ones|nigo|enzo|sweating|hurry,1700840,243084,0,10303,https://i.ytimg.com/vi/6zxnoT3XBu0/default.jpg,False,False,From I KNOW NIGO compilation album releasing 3/25: https://Nigo.lnk.to/IKnowNigodirected by TYLER OKONMAsong produced by PHARRELL WILLIAMSdp: LUIS PANCH PEREZproduction: TARA RAZAVI for Happy Placetie by le FLEUR*,Autos & Vehicles,US,0.14897756402718657
E_jinqu0Qdo,Speed Testing the Twin Turbo Hellcat,2022-05-17T20:44:34Z,UChRlaISXbl2gECFAmDzxgzg,Westen Champlin,2,2022-05-19T00:00:00Z,[None],835424,116492,0,3070,https://i.ytimg.com/vi/E_jinqu0Qdo/default.jpg,False,False,Speed Testing the Twin Turbo Hellcat... and recovering a flooded truckMerch: https://westengw.com/ADD ME ONInstagram: https://www.instagram.com/westengw​​Facebook: https://www.facebook.com/westengw,Autos & Vehicles,US,0.14311535220438962
rviFWKEy6kE,"Unboxing my $1,000,000 Car",2020-08-31T18:00:06Z,UC21Kozr_K0yDM-VjoihG9Aw,TheStradman,2,2020-09-01T00:00:00Z,TheStradman|Stradman|Stradman Car Collection|Supercars|Hypercars|Money|Rich|Buying a Super|How to buy a Supercar|Buying a Bugatti|How to buy a Bugatti|Making Money|How to make money|Wealth|Bugatti Veyron|Bugatti Chiron|Lamborghini Aventador|Lamborghini|Bugatti Top Speed,1063942,128815,2365,20944,https://i.ytimg.com/vi/rviFWKEy6kE/default.jpg,False,False,"Thank you to everyone who has supported me these past 8 years!  And special thanks to Burlacher, Stefan, Tessa and Rawlin for helping me film the reveal!Follow Stefan on Instagram!https://www.instagram.com/stefanllewis/?hl=enSubscribe to Burlacher on YouTube!https://www.youtube.com/channel/UCdcRo3w9qpfD5CucWwelHtA",Autos & Vehicles,US,0.1407586127815238
1BC8F64ukSw,Just a General Update Video.,2021-05-23T18:00:00Z,UC21Kozr_K0yDM-VjoihG9Aw,TheStradman,2,2021-05-30T00:00:00Z,TheStradman|Stradman|Supercars|Super Cars|Hypercars|Exotic Cars|Stradman Car Collection|Stradman house|Stradman Bugatti|Stradman Lamborghini|lamborghini Liberty Walk|Aventador|money|rich|wealth|finances|Financial Advice|Real Estate|Cryptocurrency|Bitcoin|Dogecoin|Buying a Supercar|How to buy a Supercar|Making money|How to make money,1064052,123769,457,13132,https://i.ytimg.com/vi/1BC8F64ukSw/default.jpg,False,False,Love you Pops.,Autos & Vehicles,US,0.1286600654855214
LSIOcCcEVaE,SORRY NOT SORRY,2023-03-29T14:00:37Z,UCsQBsZJltmLzlsJNG7HevBg,"Tyler, The Creator",2,2023-03-30T00:00:00Z,call me if you get lost|cmiygl|lumberjack|dogtooth|tyler baudelaire,2471971,291952,0,12306,https://i.ytimg.com/vi/LSIOcCcEVaE/default.jpg,False,False,"from CALL ME IF YOU GET LOST: The Estate Sale, out 3/31: https://tylerthecreator.lnk.to/TheEstateSalea collection of songs that didnt make the original album directed by TYLER OKONMAdp: LUIS PANCH PEREZproduction: TARA RAZAVI for Happy Place",Autos & Vehicles,US,0.12308315914709356
ZDXWUGsFkKU,I Bought a Porsche Carrera GT – My All-Time Dream Car!,2023-02-07T16:56:33Z,UCsqjHFMB_JYTaEnf_vmTNqg,Doug DeMuro,2,2023-02-08T00:00:00Z,porsche carrera gt|carrera gt|doug demuro|demuro|doug de muro,855929,87962,0,15677,https://i.ytimg.com/vi/ZDXWUGsFkKU/default.jpg,False,False,CHECK OUT CARS & BIDS!https://carsandbids.comI bought a Porsche Carrera GT! The Porsche Carrera GT is my all-time dream car -- I've wanted one for almost 18 years. And I bought one! Today I'm going to show you around my Porsche Carrera GT and explain my journey to get here.THANKS TO REPASI MOTORWERKS AND THE CULTIVATED COLLECTOR!https://repasimotorwerks.com/https://thecultivatedcollector.com/WEBSITE & MERCH!http://www.dougdemuro.comFOLLOW ME!Twitter - http://www.twitter.com/dougdemuroInstagram - http://www.instagram.com/dougdemuroFacebook - http://www.facebook.com/ddemuroDOUGSCORE CHART:https://www.dougdemuro.com/dougscore,Autos & Vehicles,US,0.12108364128333074
ryNMsRsxv4Y,I Surprise Ed W/ His Restored Golden Nugget LJ20 Stuck 40 Years In The Mountains,2022-07-24T13:15:03Z,UCwdVOry0oNF9WIe_3uCfz9Q,Matt's Off Road Recovery,2,2022-07-25T00:00:00Z,Off road recovery|Rescue|Matts off road recovery|Sand Trap|road recovery|Recovery|Difficult rescue|Winder Towing|Towing|Sand dunes|dunes|Jeep|Sand Hollow|utah|off road recovery fails|off road recovery truck|Rescuing|matts off road recovery|morrvair|banana|off road recovery|jeep recovery|off road towing|off road fails|broken down|sand trap|jeep fails|off road sand dunes|operation golden nugget|40 year rescue|golden nugget reveal,966227,103509,0,10806,https://i.ytimg.com/vi/ryNMsRsxv4Y/default.jpg,False,False,"So I got a project to restore Ed's LJ20 Golden Nugget and today I reveal it to him.Subscribe  https://www.youtube.com/channel/UCwdVOry0oNF9WIe_3uCfz9Q/?sub_confirmation=1 Watch MORR Videos:Ed's LJ20 Stuck 40 Years In The Sierra Nevada Mountains.https://www.youtube.com/watch?v=DEM3YITOsgQ&list=PLEi6DFDVEqybxvABm2SDL4iqKO3PHRFVYToyota FJ Drives Off The Edge!  @Robby Layton ​https://www.youtube.com/watch?v=xglNCXi7big&list=PLEi6DFDVEqybxvABm2SDL4iqKO3PHRFVYWhat's The Real Cost For A Sand Hollow Rescue?https://www.youtube.com/watch?v=6uRG44eQI2U&list=PLEi6DFDVEqybxvABm2SDL4iqKO3PHRFVYOne Call Stopped Everything On The World's Largest Wreckerhttps://www.youtube.com/watch?v=-7Ff5fotZF4&list=PLEi6DFDVEqybxvABm2SDL4iqKO3PHRFVYI Can't Believe They Walked Away!https://www.youtube.com/watch?v=PHPxSk53T7Q&list=PLEi6DFDVEqybxvABm2SDL4iqKO3PHRFVYMassive Boom Installed On The World's Largest Off Road Wreckerhttps://www.youtube.com/watch?v=JfcbHotq_wQ&list=PLEi6DFDVEqybxvABm2SDL4iqKO3PHRFVYWhen Another Towing Company Needs A Rescue... Who Ya Gonna Call?https://www.youtube.com/watch?v=26xyZoDUYYY&list=PLEi6DFDVEqybxvABm2SDL4iqKO3PHRFVYNeed a cool Hat, T-shirt, or Rope:Matt's Off Road shirts, hats, hoodies, keychains and stickers!https://www.mattsoffroadrecovery.comMatt’s rope of choice 30Matt's Recovery Rope by Yankum Ropeshttps://www.mattsoffroadrecovery.com/Tank Straps, how we tie down our vehicleshttps://amzn.to/3dXBImJ10% Off the best parts for your Off Road Vehicle Barnes 4WDhttps://www.barnes4wd.com/?ApplyPromo=morrJeep Cherokee XJ bags, we use ours for first aid.https://www.amazon.com/gp/product/B071RXKC7M/ref=as_li_tl?ie=UTF8&camp=1789&creative=9325&creativeASIN=B071RXKC7M&linkCode=as2&tag=windertowing-20&linkId=8168ff9f968defa533bd00654952d1a8Follow us on Facebook! https://www.facebook.com/mattsoffroadrecoveryFollow us on Instagram!https://tinyurl.com/y6pkp3mgPlease like, subscribe, and share! Thanks for watching, from all of us at Matt's off-road recovery!",Autos & Vehicles,US,0.11831070752525027
161WT6TeYig,Trucks are getting out of hand,2021-05-07T16:00:00Z,UCL6JmiMXKoXS6bpP1D3bk8g,Donut Media,2,2021-05-08T00:00:00Z,fastest trucks|fastest truck in the world|fastest pickup truck|world's fastest truck|fast trucks|sport trucks|hennessey|hennessey velociraptor|velociraptor|0-60|cybertruck top speed|hennessey venom|ford raptor|ford lightning|james pumphrey|donut media|dlist|automotive history,838041,91616,658,4068,https://i.ytimg.com/vi/161WT6TeYig/default.jpg,False,False,"Thanks to Manscaped for sponsoring today’s video! Get 20% OFF + free shipping with the link https://manscaped.com/donut #sponsored #manscapedListen, we love trucks. We love going fast. But this is getting absurd. Pickup trucks are as fast as supercars now! But how did we get to this point? We ranked of some of the fastest trucks of all-time based on 0-60 times to show you how ridiculous these machines have gotten. This is the D-list!Check out the Up To Speed on Hennessey: https://youtu.be/ReUE7rUVgQAImages/footage used in this video via manufacturer websites or public domain unless otherwise notedNew to the Channel? ►Watch this: https://www.youtube.com/playlist?list=PLFl907chpCa42gkh1oJxuJBN0cZ4YT1HTWe upload almost every day, subscribe so you don't miss out!►Subscribe here: http://bit.ly/1JQ3qvOClick here for more info on joining the Donut Underground!►https://www.youtube.com/channel/UCL6JmiMXKoXS6bpP1D3bk8g/joinShop Donut Merch: ►http://www.donut.media/Donut Media is at the center of digital media for the next generation of automotive and motorsports enthusiasts. We are drivers, drifters, and car enthusiasts who love to tell stories.",Autos & Vehicles,US,0.11417579808147811
icoOOiSlKK0,JUGGERNAUT,2021-06-25T16:03:42Z,UCsQBsZJltmLzlsJNG7HevBg,"Tyler, The Creator",2,2021-06-27T00:00:00Z,tyler the creator|call me if you get lost,2054740,223688,1138,9297,https://i.ytimg.com/vi/icoOOiSlKK0/default.jpg,False,False,DIRECTOR: WOLF HALEYDP: LUIS PANCH PEREZPRODUCER: TARA RAZAVI FOR HAPPY PLACECALL ME IF YOU GET LOST is out now: https://tylerthecreator.lnk.to/CMIYGL,Autos & Vehicles,US,0.11338904192257901
aluFVHFjp2U,I JUST BOUGHT A WRECKED PORSCHE 911 GT3 BUT ITS 4000 MILES AWAY,2023-02-01T18:00:01Z,UCcLYOTz3ct6_lk9iLToxxAw,Mat Armstrong,2,2023-02-03T00:00:00Z,porsche 911|porsche gt3|911 gt3|salvage auction|porsche 911 gt3|porsche 911 build|matt armstrong|mat armstrong|adam lz|porsche crash|992 gt3|buying 992 gt3|florida|rebuilding a wrecked porsche|porsche gt3 rs|porsche 911 gt3 rs|porsche 911 turbo s,928318,93857,0,6623,https://i.ytimg.com/vi/aluFVHFjp2U/default.jpg,False,False,Check if your car was damaged with Car Vertical - 10% off here 👉 https://www.carvertical.com/gb/landing/britain?a=Matarmstrong&b=1e4c9523&voucher=MatAdam Lz bought this rare 992 GT3 Porsche brand new in Florida in 2022 but only 2500 miles later it was crashed into. I fell in love with the car from watching the videos & when it turned up at copart for sale i knew i had to buy the Porsche. Only problem.. I'm over 4000 miles away in the UK.⬇️ FOR MORE CONTENT CHECK OUT MY 2ND CHANNEL ⬇️https://www.youtube.com/@matarmstrongmk2387  THANKS SO MUCH FREDDY (TAVARISH) https://youtube.com/@tavarishTHANKS FOR YOUR HELP SAM!https://youtube.com/@Samcrac⬇️ ALL MA MERCHANDISE ⬇️https://matarmstrong.co.uk/⬇️ Follow Me Here Aswell ⬇️https://facebook.com/matarmstrongbmxhttps://instagram.com/matarmstrongbmxVideo credit-Top gear (Chris Harris review)https://youtu.be/jJlyB0teZGQCar wow review 992 gt3https://youtu.be/BKKrcga3y24The straight pipes 992 gt3 reviewhttps://youtu.be/7ks2bZkdfoMADAM LZ CRASH FOOTAGEhttps://youtu.be/c6jomRCiNP0Adam lz buying the gt3https://youtu.be/kFSdgw8pWlE,Autos & Vehicles,US,0.10823877162782582
27FswS3KESk,WHARF TALK,2023-03-31T14:02:34Z,UCsQBsZJltmLzlsJNG7HevBg,"Tyler, The Creator",2,2023-04-01T00:00:00Z,call me if you get lost|cmiygl|dogtooth|sorry not sorry|lumberjack,1618446,164045,0,6808,https://i.ytimg.com/vi/27FswS3KESk/default.jpg,False,False,"from CALL ME IF YOU GET LOST: The Estate Sale, out now: https://tylerthecreator.lnk.to/TheEstateSalea collection of songs that didnt make the original album directed by TYLER OKONMAdp: LUIS PANCH PEREZproduction: TARA RAZAVI for Happy Place",Autos & Vehicles,US,0.10556608005457087
YlWg0luer08,I REBUILT A WRECKED FERRARI THEN GAVE IT TO MY DAD,2024-01-09T18:00:30Z,UCcLYOTz3ct6_lk9iLToxxAw,Mat Armstrong,2,2024-01-10T00:00:00Z,mat armstrong|wrecked ferrari|matt armstrong|rebuilding a wrecked car|engine rebuild|full rebuild|rebuilding a car|gated manual|matt armstrong ferrari|mat armstrong ferrari|430 scuderia|ferrari f430|ferrari rebuild|barn find|i bought,1134892,112289,0,5684,https://i.ytimg.com/vi/YlWg0luer08/default.jpg,False,False,"Check if your car was damaged with Car Vertical - 10% off here 👉 https://www.carvertical.com/gb/landing/britain?a=Matarmstrong&b=1e4c9523&voucher=MatI bought an ex rental wrecked Ferrari F430 with a gated manual gearbox. I have spent 6 month rebuilding the engine, the gearbox and the entire car but in this video i finally finish the car and get it driving for the first time after that i gave it to my dad.⬇️ WHATSAPP WHEELMAINIA FOR ALLOY REPAIRS & NEW ALLOYS! ⬇️https://wa.me/447786888844⬇️ ICE BLASTERS ⬇️www.iceblasters.co.uk👇 FOR MORE CONTENT CHECK OUT MY SECOND CHANNEL 👇https://www.youtube.com/@matarmstrongmk2⬇️ ALL MA MERCHANDISE ⬇️https://matarmstrong.co.uk/⬇️ Follow Me Here Aswell ⬇️https://facebook.com/matarmstrongbmxhttps://instagram.com/matarmstrongbmx",Autos & Vehicles,US,0.10395086052241094
tEg-cahPKKs,Is The FREE Abandoned Airplane Finally Ours ?! Ep5,2022-02-04T13:00:25Z,UCPygLEFniGZmehxouDK-vbw,Rebuild Rescue,2,2022-02-05T00:00:00Z,Rebuild|Repair|Build|Vehicle|fix|mechanic|truck|renovation|vanlife|Auction|copart|nomad|travel|outdoors|Kove|Bluetooth speaker|Kove audio|Travel speaker|airplane|cessna|cessna 401|plane|abandoned|free,925769,75897,0,19563,https://i.ytimg.com/vi/tEg-cahPKKs/default.jpg,False,False,"In this episode of Rebuild Rescue we move onto the other engine to see if it will have a better chance at firing up! Before testing this engine, we check the fuel pressure running to it to make sure the engine is receiving enough fuel, as well as testing the compression of each cylinder. After running those tests, we take the 401 back outside and try to fire it up again, will it start this time or will we hang our heads in defeat once again? Find out in this episode of Rebuild Rescue!Get 67% off or more on the Kove Split Speaker here: http://koveaudio.com/rr67Code RR67Grab yourself some Rebuild Rescue Merch!https://rebuild-rescue.myshopify.comCHECK OUT THIS LINK..... its free...https://www.youtube.com/channel/UCPygLEFniGZmehxouDK-vbw?sub_confirmation=1Contact info Sales@rebuildrescue.comJason@rebuildrescue.com",Autos & Vehicles,US,0.10311427580746385
Spx6s9Q2xFg,Rocket Bunny - Everything You Need to Know | Up to Speed,2021-04-01T16:00:12Z,UCL6JmiMXKoXS6bpP1D3bk8g,Donut Media,2,2021-04-02T00:00:00Z,Rocketbunny|FRS|BRZ|widebody|bodykit|spoiler|overfenders|overfender|wide body|rocket bunny|kei miura|liberty walk|stance|drifting|pandem|6666|tra kyoto|up to speed,866557,75462,572,7865,https://i.ytimg.com/vi/Spx6s9Q2xFg/default.jpg,False,False,"Thanks to CarParts.com for sponsoring today’s episode. Click here http://bit.ly/carpartsdotcom1  to check out their massive inventory of car parts.Rocket Bunny made widebody kits and over fenders one of the most popular trends in the history of cars. Kei Muira has combined multiple influences from japanese car culture to create a worldwide phenomenon. How did Rocket Bunny become one of the most popular body kit companies in the world? A HUGE thanks to Dionne Mascunana for helping us with this video. We literally couldn’t have done it without him. He gave us a ton of footage, provided a bunch of really cool information and fun stories about Kei Muira, he even set up an interview with the man himself. He also has some really cool builds. To see more of his stuff follow his youtube channel OMG Miata and also Toyo Tires youtube. OMGmiata: https://www.youtube.com/c/MASCUNANABEARhttps://www.instagram.com/omgmiata/Toyo Tires: https://www.youtube.com/user/toyotireshttps://www.instagram.com/toyotires/And another big thanks to Kenji at Greddy Performance for sitting down with us. They’re the US distributor of Rocket Bunny kits and accessories. Check them out at:www.greddy.comhttps://www.instagram.com/greddyperformance/And of course thanks to Kei Muira for having such a cool story and doing such cool stuff. Check his kits out: https://pandemusa.com/https://www.instagram.com/pandemusa/Thanks to Jun Takahashi at Hardcore Tokyo for sharing so much of his incredible underground drifting footage: https://www.youtube.com/user/JUNLACOKAhttps://www.instagram.com/hardcoretokyo/Thanks to Tommy Babiarz for coming in clutch with some great last minute footage of Kei:https://www.instagram.com/tomimotofilms/https://www.youtube.com/user/tomimotofilmsAmazing animations by Raghav Arumugam Check out his stuff here.https://www.youtube.com/ragsanimationsWe were so stoked that we were able to get Ryan Hailey to edit this video. He's a super hillarious dude and a ton of funny stuff he added got cut or moved for one reason or another. Here's a link to his channel: https://www.youtube.com/c/RyansShortsAnd shouts to Jonny Grunewald for bringing his dope Rocket Bunny RX-8 by our shop to use for the UTS background! https://www.instagram.com/trmnl7/ ►Subscribe to Donut here: http://bit.ly/1JQ3qvOCheck out more Donut Media Videos: https://youtu.be/Pz8IGLgFE2s?list=PLF…Shop Donut Merch at www.donutmedia.comFollow us on Instagram @donutmediaLike us on Facebook: https://www.facebook.com/donutmedia/Donut Media is at the center of digital media for the next generation of automotive and motorsports enthusiasts. We are drivers, drifters, and car enthusiasts who love to tell stories.",Autos & Vehicles,US,0.09615870623628912
A4orCB71BgY,Ferrari SF90 v new Rimac Nevera: DRAG RACE *WORLD RECORD!!!*,2021-06-01T11:03:52Z,UCUhFaUpnq31m6TNX2VKVSVA,carwow,2,2021-06-02T00:00:00Z,carwow|mat watson|car review|car review 2021|new car review|ferrari|ferrari sf90|rimac|rimac nevera|rimac two_c|rimac hypercar|rimac production car|fastest hypercar|fastest electric car|fastest ev|fastest electric car 2021|fastest 1/4 mile|fastest drag race ever|hypercar drag race|rimac nevera 2021|ferrari drag race|ferrari rolling race|ferrari sf90 race|sf90 race|ferrari hybrid|rimac electric car|ev drag race|tesla|tesla model s plaid plus,1667777,136219,931,13290,https://i.ytimg.com/vi/A4orCB71BgY/default.jpg,False,False,"Need help buying your next car? Click the following link and my team and I will help you choose your ideal car at a fair price - from Mat Watson! http://bit.ly/-Help-Me-carwow.............................................................HEREWEGO!!!It’s time for an absolutely epic hypercar showdown! We’ve got the Ferrari SF90 going up against the all-new Rimac Nevera! So, let’s take a look at how these two hypercars compare to each other. Starting with the Ferrari, it’s powered by a 4-litre twin-turbo V8 along with some electric motors. Combined, the engine and motors can produce 1,000hp and 800Nm! It also weighs in at 1,770kg, and you can pick one up for around £376,000. But trust us, that’s NOTHING compared to the Nevera! It’s an all electric hypercar powered by 4 electric motors, which combine to produce 1,914hp and an absolutely ridiculous 2,360Nm of torque!! It weighs in at 2,150kg, and as for the price, it’s a bit more than the SF90… Costing £2,000,000!! Could it be our most exciting drag race yet?! There’s only one way to find out… LET’S RACE!! .............................................................Instagram – http://www.instagram.com/carwowTiktok - https://www.tiktok.com/@carwowFacebook – http://www.facebook.com/carwowukTwitter – http://www.twitter.com/carwowukSign Up to our Newsletter – http://bit.ly/carwow-NewsletterAwkward haggling is a thing of the past with carwow. Choose your perfect car with our configurator tool and let the country’s best dealers compete over you. Compare the five best offers by price, location and dealer ratings and choose the one that’s right for you – no hassle, no haggling, just a great deal. Oder auch in Deutschland Geld beim Autokauf sparen – http://bit.ly/carwow-DEVisita nuestra página web para saber cuánto te puedes ahorrar en tu nuevo coche – http://bit.ly/carwow-ES",Autos & Vehicles,US,0.08964567804928357
m1W2O-VKmIQ,I BOUGHT A CHEAP FERRARI FROM THE PEOPLE THAT SCAMMED ME,2023-07-05T17:00:32Z,UCcLYOTz3ct6_lk9iLToxxAw,Mat Armstrong,2,2023-07-06T00:00:00Z,Ferrari|rebuild|rebuilding|restoration|cheap|ferrari f430|scammed|exotic cars|matt armstrong|mat armstrong|restore|wrecked|damaged|engine|engine rebuild|timelapse|full rebuild|ferrari f430 pov|ferrari f430 manual|rare|manual|gated manual,972107,82432,0,3270,https://i.ytimg.com/vi/m1W2O-VKmIQ/default.jpg,False,False,Check if your car was damaged with Car Vertical - 10% off here 👉 https://www.carvertical.com/gb/landing/britain?a=Matarmstrong&b=1e4c9523&voucher=MatIve always wanted to own a Ferrari & when i saw how cheap this one was i had to go and buy it! Problem was the people selling it were the same people that sold me my Lamborghini Murcielago & that didn't end well. But i think it the Ferrari F430 was worth the risk. Ive now juts got to rebuild it.👇 FOR MORE CONTENT CHECK OUT MY SECOND CHANNEL 👇https://www.youtube.com/@matarmstrongmk2⬇️ ALL MA MERCHANDISE ⬇️https://matarmstrong.co.uk/⬇️ Follow Me Here Aswell ⬇️https://facebook.com/matarmstrongbmxhttps://instagram.com/matarmstrongbmx,Autos & Vehicles,GB,0.08816107691848737
oB0d9xxE1Hw,REBUILDING A WRECKED PORSCHE 911 GT3 | PART 5,2023-03-26T17:00:32Z,UCcLYOTz3ct6_lk9iLToxxAw,Mat Armstrong,2,2023-03-27T00:00:00Z,porsche 911|mat armstrong|porsche gt3|matt armstrong|adam lz|911 gt3|porsche rebuild|porsche gt3 rs|salvage auction|992 gt3|rebuilding a porsche|porsche 911 build|rebuilding a wrecked porsche|copart rebuild|rebuilding a wrecked car|rebuilding a car|porsche 911 gt3|mat armstrong porsche|rebuild porsche|wrecked porsche|porsche 911 gt3 rs|adam lz gt3|adam lz gt3 crash|porsche 911 992|rebuilding|restoring a car|copart|crash damaged,1019636,86171,0,3195,https://i.ytimg.com/vi/oB0d9xxE1Hw/default.jpg,False,False,"Head to eBay UK for all your parts & accessories needs and to get your car MOT ready 👉 https://ebay.us/AYwjCN Todays the day I finally get the wrecked Porsche 911 GT3 back on the road since it was crashed when Adam Lz owned it. I’ve repaired all the structural damage, but now comes the expensive part … So many parts on the Porsche were damaged in the crash and I’ve got to replace them all! But it’s not as easy as it looks!#eBayUKAutoParts #Ad 🛞 THE NEXT 100 ORDERS ON THE SHOP (with orders over £10) WILL BE ENTERED FOR THE CHANCE TO WIN THE CARBON DISC SIGNED AND FRAMED 🛞https://matarmstrong.co.uk/👇 FOR MORE CONTENT CHECK OUT MY SECOND CHANNEL 👇https://www.youtube.com/@matarmstrongmk2⬇️ ALL MA MERCHANDISE ⬇️https://matarmstrong.co.uk/⬇️ Follow Me Here Aswell ⬇️https://facebook.com/matarmstrongbmxhttps://instagram.com/matarmstrongbmx",Autos & Vehicles,US,0.08764500272646317
8jOaoaQotlk,I ATTEMPTED TO REBUILD A 720S THAT MCLAREN WON'T,2023-10-24T17:00:05Z,UCcLYOTz3ct6_lk9iLToxxAw,Mat Armstrong,2,2023-10-25T00:00:00Z,car rebuild|rebuilding a wrecked mclaren 720s|copart rebuild|mclaren 720s|crashed mclaren|matt armstrong|mat armstrong|car rebuild uk|rebuilding a wrecked mclaren|how to fix a wrecked car|car rebuild in 10 minutes|car rebuild full episodes|car rebuild series|rebuilding a wrecked mclaren 720s pt 1|copart rebuild in 10 minutes|copart rebuild cost|part 3|mat armstrong pt3|pt|rebuilding a wrecked mclaren 720s pt 3,1080541,89330,0,3592,https://i.ytimg.com/vi/8jOaoaQotlk/default.jpg,False,False,For a chace win £100 worth of YFood Enter here - https://bit.ly/matarmstrong_giveawayCan’t wait? Try yfood now: https://bit.ly/MatArmstrong_yfood_ytI bought a wrecked Mclaren 720s which had severe damage to the carbon fibre tub. Mclaren told us they were unable to fix it so our only option was to buy a whole new tub and rebuild the Mclaren from scratch.👇 FOR MORE CONTENT CHECK OUT MY SECOND CHANNEL 👇https://www.youtube.com/@matarmstrongmk2⬇️ ALL MA MERCHANDISE ⬇️https://matarmstrong.co.uk/⬇️ Follow Me Here Aswell ⬇️https://facebook.com/matarmstrongbmxhttps://instagram.com/matarmstrongbmx,Autos & Vehicles,US,0.0859958113574589
eAWwgSyHLHw,Taking Delivery of my NEWEST CAR!,2021-04-27T18:00:06Z,UC21Kozr_K0yDM-VjoihG9Aw,TheStradman,2,2021-04-28T00:00:00Z,TheStradman|Stradman|Supercars|Super Cars|Hypercars|Stradman Car Collection|Stradman Bugatti|Stradman Lamborghini|Money|Rich|Wealth|Finances|Financial Advice|Making Money|how to make money|Real Estate|Doge Coin|Cryptocurrency|Bugatti|C8 Corvette|Buying a Supercar|how to buy a Supercar,845491,67085,1313,4744,https://i.ytimg.com/vi/eAWwgSyHLHw/default.jpg,False,False,"Stefan will buy a Donk if we get him to a 100,000 Subs by next week LOLhttps://www.youtube.com/channel/UCxswUTu1DV0yyGIAaX_rwcAMassive shout to my homies at THE TRIPLE F COLLECTION!!! Go subscribe to them:https://www.youtube.com/channel/UCHBLyFd8Jct6IAZPu-StzBA",Autos & Vehicles,US,0.08495536912870746
m9L8zCHGtHM,I BOUGHT MARCUS RASHFORDS WRECKED ROLLS ROYCE WRAITH,2024-03-24T18:00:10Z,UCcLYOTz3ct6_lk9iLToxxAw,Mat Armstrong,2,2024-03-25T00:00:00Z,rolls royce|marcus rashford|rashford car crash|rashford crash|marcus rashford crashes rolls royce|marcus rashford rolls royce|marcus rashford crash|rashford rolls royce accident|rashford rolls royce|marcus rashfords car crash|mat armstrong|matt armstrong|salvage|crashed car,1479121,119343,0,6093,https://i.ytimg.com/vi/m9L8zCHGtHM/default.jpg,False,False,"Check if your car was damaged with Car Vertical - 20% off here 👉 https://www.carvertical.com/gb/landing/britain?a=Matarmstrong&b=1e4c9523&voucher=MatI bought Marcus Rashfords 2023 Rolls Royce Wraith Mansory edition for a salvage auction after Rashford crashed it after a football game. He bought the Rolls Royce for £700,000 making it one of the most expensive cars he owned. But seeing it at a salvage yard made me think theres a good deal to be made!⬇️ FOR THE CHANCE TO WIN THE SIGNED WING & MERCH, WHILST RAISING MONEY FOR CHARITY ⬇️https://www.highspeedcomps.com/competition/marcus-rashford-mat-armstrong-wing/👇 FOR MORE CONTENT CHECK OUT MY SECOND CHANNEL 👇https://www.youtube.com/@matarmstrongmk2⬇️ ALL MA MERCHANDISE ⬇️https://matarmstrong.co.uk/⬇️ Follow Me Here Aswell ⬇️https://facebook.com/matarmstrongbmxhttps://instagram.com/matarmstrongbmx",Autos & Vehicles,GB,0.08480442100409635
U4FAqwkn-pc,[HOONIGAN] Ken Block’s Electrikhana TWO: One More Playground; Mexico City in the Audi S1 Hoonitron,2023-12-06T14:00:31Z,UCXlfi8sf6cKGQ8sOd0-yRuw,Hoonigan,2,2023-12-07T00:00:00Z,electrikhana|electrickhana|Hoonigan|electric gymkhana|audi hoonitron|hoonigan racing|Ken Block|ken block gymkhana|audi s1 hoonitron|hoonigan ev|audi s1 quattro|car drift|cars|awd|modified cars|donuts|electric car|hooning|electricana|brian scotto|hoonicorn|juca|juca viapri|drifting|paddle shift|kb43|43i|43 institute|burnouts|hoon|ev race car|audi electric car|electrichana|mexico city|mexico df|audi etron|audi e tron|audi e-tron|Kb43ver,1525463,120202,0,6696,https://i.ytimg.com/vi/U4FAqwkn-pc/default.jpg,False,False,"In November of 2022, Ken Block and the Hoonigan team headed to Mexico City, MX to film the next installment of the Electrikhana series with the Audi S1 Hoonitron. Just over one month later, the devastating loss of Ken Block meant that the project was shelved - until now.Block, The Hoonigans, and Audi continue pushing the limits of what’s possible in the performance EV world with Electrikhana TWO, sliding through iconic areas of Mexico City in Block’s infamously aggressive, rally-inspired driving style. Improving the car immediately after the first film, Block and Audi built on important development lessons from their experience in Las Vegas.A BIG thank you goes out to the partners who helped make Electrikhana TWO possible:Audihttps://www.instagram.com/audiofficialhttps://www.facebook.com/audiofficialhttps://twitter.com/AudiOfficialhttps://www.audi.comSpray Ninehttps://www.instagram.com/spraynineofficialhttps://www.facebook.com/SprayNinehttps://twitter.com/SprayNinehttps://www.youtube.com/@spraynine9155Rotiformhttps://www.instagram.com/rotiformhttps://www.facebook.com/rotiformwheelshttps://twitter.com/rotiformhttps://www.youtube.com/rotiformhttp://www.rotiform.comToyo Tireshttps://www.instagram.com/toyotireshttps://www.facebook.com/TOYOTIREhttps://www.youtube.com/user/toyotireshttps://www.toyotires.comMonster Energyhttps://www.instagram.com/monsterenergyhttps://www.facebook.com/MonsterEnergyhttps://twitter.com/MonsterEnergyhttps://www.youtube.com/MonsterEnergyhttps://www.monsterenergy.comKubotahttp://instagram.com/kubotausahttp://facebook.com/kubotatractorhttps://www.youtube.com/user/Kubotatractorcorphttps://www.kubotausa.com➤ Gear Up in Hoonigan Style: https://shop.hoonigan.com➤ Upgrade your ride with Throtl performance parts: https://throtl.com/?ref=HooniganDo yourself a favor and hit the bell so you don't miss any uploads!",Autos & Vehicles,US,0.08318654729744346
UHVPqR5s4bI,Tesla Paint Removal #shorts,2021-05-17T06:32:12Z,UCWFPOpUyJSPt2zz-p-LDXkQ,CharlieOliverBates,2,2021-06-01T00:00:00Z,spray cans|spray|diy|howto|fix|refinish|paint|collosion|copart|repair|light|fast|tesla|model 3|tesla model 3|tesla spray paint|tesla paint|experiment|science experiment|tik tok|trend|challenge|satisfying|science|comedy|funny|funk bros|capron funk|corey funk|drew dirksen|at home|oddly satisfying|gnar char|gnarly charlie|charlie oliver bates|shorts|youtube shorts|easy experiments|chalk spray paint|spray chalk|chalk paint|tesla paint removal|car paint,1158712,95627,2701,762,https://i.ytimg.com/vi/UHVPqR5s4bI/default.jpg,False,False,In this short I show you how easily spray chalk washes off my Tesla Model 3 using just a garden hose. I definitely recommend doing this with your vehicle :D I have to be the favorite uncle after this one! I let my two nephews completely cover my brand new Tesla Model 3 in spray paint as part of their Christmas present. I think it came out pretty satisfying. Follow me on Tik Tok@CharlieOliverBateshttps://linktr.ee/CharlieOliverBates,Autos & Vehicles,GB,0.083186331029626
HUL2s9xsqO8,REBUILDING A WRECKED PORSCHE 911 GT3 | PT4,2023-03-23T18:00:06Z,UCcLYOTz3ct6_lk9iLToxxAw,Mat Armstrong,2,2023-03-25T00:00:00Z,mat armstrong|adam lz|matt armstrong|porsche gt3|porsche 911|911 gt3|porsche rebuild|rebuilding a car|salvage auction|copart rebuild|rebuilding a wrecked car|rebuilding a porsche|992 gt3|rebuilding a wrecked porsche|mat armstrong porsche|porsche gt3 rs|porsche 911 build|porsche 911 gt3|adam lz gt3|adam lz porsche crash|adam lz crash|restoring|restoration,1077120,86585,0,2721,https://i.ytimg.com/vi/HUL2s9xsqO8/default.jpg,False,False,"Check if your car was damaged with Car Vertical - 10% off here 👉 https://www.carvertical.com/gb/landing/britain?a=Matarmstrong&b=1e4c9523&voucher=MatAfter i bought Adam Lz's old Porsche 911 992 GT3 in Florida i didnt realise how difficult it would be to find parts. Porsche in the US cannot sell you structural parts so to fix the structural damage i had to buy parts from UK Porsche and take them in my luggage. Only issue is i can't take airbags on the flight, so im hoping US Porsche will sell me them. 👇 FOR MORE CONTENT CHECK OUT MY SECOND CHANNEL 👇https://www.youtube.com/@matarmstrongmk2⬇️ ALL MA MERCHANDISE ⬇️https://matarmstrong.co.uk/⬇️ Follow Me Here Aswell ⬇️https://facebook.com/matarmstrongbmxhttps://instagram.com/matarmstrongbmx",Autos & Vehicles,US,0.08291183897801545
jok_-0aSRcc,REBUILDING A WRECKED PORSCHE 911 GT3 | PART 6,2023-05-21T17:00:32Z,UCcLYOTz3ct6_lk9iLToxxAw,Mat Armstrong,2,2023-05-23T00:00:00Z,mat armstrong|matt armstrong|porsche 911 build|rebuilding a wrecked porsche|copart rebuild|rebuilding a porsche|porsche 911|porsche gt3|porsche rebuild|rebuilding a car|911 gt3|adam lz|992 gt3|porsche 911 gt3|mat armstrong porsche|cheap porsche|GT3|rebuilding a wrecked car from copart,981509,77445,0,3699,https://i.ytimg.com/vi/jok_-0aSRcc/default.jpg,False,False,"Check if your car was damaged with Car Vertical - 10% off here 👉 https://www.carvertical.com/gb/landing/britain?a=Matarmstrong&b=1e4c9523&voucher=MatI bought Adam Lz's old Porsche 911 992 GT3 after it was involved in a accident over in the US. Ive been flying back to the UK to get parts which US Porsche are not allowed to sell me. Now i need to solve the overheating and get the car painted, but things are proving harder than first thought as a part from Porsche is holding us back!⬇️ CHECK OUT JACKS CHANNEL ⬇️ https://www.youtube.com/@JACKBUILDSIT👇 FOR MORE CONTENT CHECK OUT MY SECOND CHANNEL 👇https://www.youtube.com/@matarmstrongmk2⬇️ ALL MA MERCHANDISE ⬇️https://matarmstrong.co.uk/⬇️ Follow Me Here Aswell ⬇️https://facebook.com/matarmstrongbmxhttps://instagram.com/matarmstrongbmx",Autos & Vehicles,GB,0.0826727009125744
SljjnQS7fsA,My Bugatti Veyron Delivered to my Landlord's House! (*Burlacher's House),2020-09-01T18:00:04Z,UC21Kozr_K0yDM-VjoihG9Aw,TheStradman,2,2020-09-03T00:00:00Z,TheStradman|Stradman|Supercars|Super Cars|Hypercars|Exotic Cars|Buying a Bugatti|Buying a Supercar|making Money|how to make money|Rich|wealth|finances|Bugatti Veyron|Bugatti|Bugatti Chiron|How to buy a Supercar|McLaren|Ferrari|lamborghini|Aventador,1366375,103353,1836,9299,https://i.ytimg.com/vi/SljjnQS7fsA/default.jpg,False,False,"Fortnite Nexus War is here with the Lore, Legends, Heroes and Villains from Marvel! Click here to join the fight: https://pixly.go2cloud.org/SH1x3Thanks to Epic Games for sponsoring this videoSubscribe to Claytons Channel!!https://www.youtube.com/channel/UCLcLV-QJMzUJccuolyu3dOQ",Autos & Vehicles,US,0.08244588784191748
tb3r0e_LSbc,REBUILDING A WRECKED MCLAREN 720S | PT2,2023-10-17T17:00:28Z,UCcLYOTz3ct6_lk9iLToxxAw,Mat Armstrong,2,2023-10-18T00:00:00Z,rebuilding a wrecked mclaren 720s|copart rebuild|rebuilding a wrecked 2018 mclaren 720s|rebuilding a wrecked mclaren|how to fix a wrecked car|car rebuild|crashed mclaren|salvage mclaren|auto auction|matt armstrong|mat armstrong|richard hammond|top gear|grand tour|cheap|rebuilding a super car,936403,73880,0,2567,https://i.ytimg.com/vi/tb3r0e_LSbc/default.jpg,False,False,Check if your car was damaged with Car Vertical - 10% off here 👉 https://www.carvertical.com/gb/landing/britain?a=Matarmstrong&b=1e4c9523&voucher=MatI bought a cheap crash damaged Mclaren 720s from Amsterdam & brought it back to the UK. Then Mclaren told me the car was unsafe to repair. I now have no option but to rebuild it myself. But in this episode i call in for some help & Richard Hammand from @Drivetribe turns up...👇 FOR MORE CONTENT CHECK OUT MY SECOND CHANNEL 👇https://www.youtube.com/@matarmstrongmk2⬇️ ALL MA MERCHANDISE ⬇️https://matarmstrong.co.uk/⬇️ Follow Me Here Aswell ⬇️https://facebook.com/matarmstrongbmxhttps://instagram.com/matarmstrongbmx,Autos & Vehicles,GB,0.08163899517622221
Ln9Ddv9BBXA,REBUILDING A WRECKED PORSCHE 911 GT3 | PART 2,2023-02-12T18:00:08Z,UCcLYOTz3ct6_lk9iLToxxAw,Mat Armstrong,2,2023-02-14T00:00:00Z,mat armstrong|matt armstrong|porsche gt3|porsche 911|crash damaged|rebuilding a car|salvage auction|911 gt3|rebuilding a wrecked porsche|rebuilding a wrecked car|adam lz|porsche 911 build|wrecked car|car crash|porsche rebuild|992 gt3|copart rebuild|mat armstrong mk2|tavarish|rebuilding a porsche|champion porsche|building a car|restoring a car,991865,78227,0,2741,https://i.ytimg.com/vi/Ln9Ddv9BBXA/default.jpg,False,False,"Check if your car was damaged with Car Vertical - 10% off here 👉 https://www.carvertical.com/gb/landing/britain?a=Matarmstrong&b=1e4c9523&voucher=MatI flew to Florida to buy Adam Lz's old Porsche 911 992 GT3 which was in an accident. I am rebuilding it a Tavarish's workshop whilst im over here. But as i started to work on the car in the last video i found there was structural damage and US Porsche are unable to sell structural parts unless you are a registered repairer, but i went to Champion Porsche in Miami to try my luck anyway!Thanks to @tavarish for accommodating myself and the GT3 out here in Florida⬇️ NEXT 100 ORDERS OF ANY T-SHIRT OR HOODIE WILL RECEIVE  A SIGNED PEICE OF THE 992 GT3 ⬇️https://matarmstrong.co.uk/⬇️ FOR MORE CONTENT CHECK ON MY 2ND CHANNEL ⬇️  https://www.youtube.com/@matarmstrongmk2 ⬇️ ALL MA MERCHANDISE ⬇️https://matarmstrong.co.uk/⬇️ Follow Me Here Aswell ⬇️https://facebook.com/matarmstrongbmxhttps://instagram.com/matarmstrongbmx",Autos & Vehicles,GB,0.08163207694595535
ZIZOIHmsQF0,REBUILDING A WRECKED MCLAREN 720S | PT1,2023-09-11T17:00:19Z,UCcLYOTz3ct6_lk9iLToxxAw,Mat Armstrong,2,2023-09-12T00:00:00Z,rebuilding a wrecked mclaren 720s|copart rebuild|rebuilding a wrecked 2018 mclaren 720s|rebuilding a wrecked mclaren|car rebuild|mclaren 720s|crashed mclaren|how to fix a wrecked car|rebuild|mclaren|matt armstrong|mat armstrong|new video|carbon repair,1079534,84437,0,3239,https://i.ytimg.com/vi/ZIZOIHmsQF0/default.jpg,False,False,Check if your car was damaged with Car Vertical - 10% off here 👉 https://www.carvertical.com/gb/landing/britain?a=Matarmstrong&b=1e4c9523&voucher=MatI bought a crash damaged Mclaren 720s from Amsterdam but after it was delivered back to the UK i found some serious damage on the carbon tub that mclaren repair specialist wont touch. As i had spent so much on the car i was desperate to get it back on the road so i called Mclaren for help.👇 FOR MORE CONTENT CHECK OUT MY SECOND CHANNEL 👇https://www.youtube.com/@matarmstrongmk2⬇️ ALL MA MERCHANDISE ⬇️https://matarmstrong.co.uk/⬇️ Follow Me Here Aswell ⬇️https://facebook.com/matarmstrongbmxhttps://instagram.com/matarmstrongbmx,Autos & Vehicles,US,0.08121652490796955
x8T0S75yE4U,DRIVING MY WRECKED MCLAREN 720s I JUST REBUILT,2023-12-12T17:59:38Z,UCcLYOTz3ct6_lk9iLToxxAw,Mat Armstrong,2,2023-12-14T00:00:00Z,rebuilding a wrecked mclaren 720s|copart rebuild|rebuilding a wrecked mclaren|how to fix a wrecked car|crashed mclaren|rebuilding a wrecked 2018 mclaren 720s|matt armstrong|mat armstrong|car rebuild|salvage mclaren|mclaren 720s|rebuilding a wrecked mclaren 720s pt3|rebuilding a wrecked mclaren 720s pt 2 mat armstrong|rebuilding a wrecked mclaren 720s part 2|matt armstrong porsche|Matt armstrong,1283466,101033,0,2427,https://i.ytimg.com/vi/x8T0S75yE4U/default.jpg,False,False,"Check if your car was damaged with Car Vertical - 10% off here 👉 https://www.carvertical.com/gb/landing/britain?a=Matarmstrong&b=1e4c9523&voucher=MatFinally the Mclaren 720's is on the road, thanks to a little trick from Mclaren! It wasnt easy though from buying it crash damaged in Amsterdam to having to swap the whole tub and rebuild the 720s from scratch. Now ive got to finish it....👇 FOR MORE CONTENT CHECK OUT MY SECOND CHANNEL 👇https://www.youtube.com/@matarmstrongmk2⬇️ ALL MA MERCHANDISE ⬇️https://matarmstrong.co.uk/⬇️ Follow Me Here Aswell ⬇️https://facebook.com/matarmstrongbmxhttps://instagram.com/matarmstrongbmx",Autos & Vehicles,GB,0.08060984864421808
NcoWB34KYV0,I ATTEMPTED TO DRIVE MY WRECKED MCLAREN 720s,2023-12-06T18:43:22Z,UCcLYOTz3ct6_lk9iLToxxAw,Mat Armstrong,2,2023-12-07T00:00:00Z,rebuilding a wrecked mclaren 720s|copart rebuild|car rebuild|matt armstrong|mat armstrong|rebuilding a wrecked mclaren|how to fix a wrecked car|crashed mclaren|rebuilding a wrecked 2018 mclaren 720s|mclaren 720s|salvage mclaren|rebuilding a wrecked mclaren 720s pt 1|rebuilding a wrecked mclaren 720s pt 2|rebuilding a wrecked mclaren 720s pt3|mclaren|rebuild|restoring|restoration,932415,72120,0,2330,https://i.ytimg.com/vi/NcoWB34KYV0/default.jpg,False,False,Check if your car was damaged with Car Vertical - 10% off here 👉 https://www.carvertical.com/gb/landing/britain?a=Matarmstrong&b=1e4c9523&voucher=MatI bought a wrecked Mclaren 720s from Amsterdam in hopes to rebuild it for myself. After i got it back to the UK Mclaren said it wasnt possible to repair the damage to so i was forced to buy a new carbon tub. Richard Hammond didnt think i could get the car back on the road before Christmas and i want to prove him wrong but after rebuilding it and attempting to drive it another huge problem occured!BRAND NEW SECOND HAND MERCHhttps://matarmstrong.co.uk/👇 FOR MORE CONTENT CHECK OUT MY SECOND CHANNEL 👇https://www.youtube.com/@matarmstrongmk2⬇️ ALL MA MERCHANDISE ⬇️https://matarmstrong.co.uk/⬇️ Follow Me Here Aswell ⬇️https://facebook.com/matarmstrongbmxhttps://instagram.com/matarmstrongbmx,Autos & Vehicles,US,0.07984642031713346
oR4Z9udNuWM,Building the World’s Fastest Walmart Motorcycle (Day 3),2023-06-23T15:00:28Z,UCL6JmiMXKoXS6bpP1D3bk8g,Donut,2,2023-06-24T00:00:00Z,donut|donut media|cars|james pumphrey|up to speed|moneypit,1123689,84198,0,5393,https://i.ytimg.com/vi/oR4Z9udNuWM/default.jpg,False,False,"For all your battery needs, visit your local AutoZone and click here to learn more http://bit.ly/AutoZoneBatteryServices.Source: The NPD Group, Inc. / Checkout Automotive Tracking, 12 months ending December 2022. Restrictions Apply.To get your own performance minibike parts seen in this episode visit : https://www.gopowersports.com/Big thanks to Fast Lane Mini Bikes and Big Daddy Motor Sports for all of their contributions to Little Red.Fast Lane Mini Bikes -- https://www.instagram.com/flr_minibikes/?hl=enBig Daddy Motor Sports -- https://www.instagram.com/_bdms__/?hl=enDonut = We like cars, and we like making videos about cars. Hopefully our videos make you like cars too. Subscribe for +50hpNotification bell for +100hpGet a Donut shirt ►http://www.donut.media/Like little car collectibles? Get a STOCKY ►https://www.stockycars.com/Join the Donut Underground: https://www.youtube.com/channel/UCL6JmiMXKoXS6bpP1D3bk8g/joinLike working on vehicles? Subscribe to Real Mechanic Stuff! https://www.youtube.com/@realmechanicstuffAlso our instagram has good memes: https://instagram.com/donutmedia/",Autos & Vehicles,US,0.07972935572031051
nVJm0PIKgZQ,"$21,000 vs $45,000 Overland Tacoma Build - HiLow FINALE!",2021-09-26T16:00:25Z,UCL6JmiMXKoXS6bpP1D3bk8g,Donut Media,2,2021-09-27T00:00:00Z,hilo|tcmoa|high low|cheap vs expensive|donut|dnt|doughnut|doughnut media|aaron parker|james pumphrey|hi low|off road|toyota tacoma|overlanding|tacoma|road trip|travel|colorado|imogene|poughkeepsie|the wall,956219,69614,359,6322,https://i.ytimg.com/vi/nVJm0PIKgZQ/default.jpg,False,False,"Thanks to Ebay Motors for sponsoring this video! CLICK HERE https://bit.ly/EbayMotorsDonut to search through thousands of cars and parts & list those project cars and spare parts sitting around!New to the Channel? ►Watch this: https://www.youtube.com/playlist?list=PLFl907chpCa42gkh1oJxuJBN0cZ4YT1HTWe upload almost every day, subscribe so you don't miss out!►Subscribe here: http://bit.ly/1JQ3qvOClick here for more info on joining the Donut Underground!►https://www.youtube.com/channel/UCL6JmiMXKoXS6bpP1D3bk8g/joinShop Donut Merch: ►http://www.donut.media/Donut Media is at the center of digital media for the next generation of automotive and motorsports enthusiasts. We are drivers, drifters, and car enthusiasts who love to tell stories.",Autos & Vehicles,US,0.07941277050550136
mLUTB5TwM4o,Bugatti Chiron v F1 Car: DRAG RACE,2021-06-26T08:05:42Z,UCUhFaUpnq31m6TNX2VKVSVA,carwow,2,2021-06-27T00:00:00Z,carwow|mat watson|car review|car review 2021|new car review|bugatti|bugatti chiron|chiron|bugatti drag race|bugatti chiron drag race|chiron drag race|red bull|red bull racing|red bull racing drag race|f1|formula 1|formula 1 drag race|f1 car drag race|RB7|RB7 racing|formula 1 drag racing|fastest f1 car|fastest formula 1 car|fastest bugatti|chiron drag racing|hypercar drag race|hypercar drag racing|drag race|rolling race|f1 brake test,3499615,252473,2113,23358,https://i.ytimg.com/vi/mLUTB5TwM4o/default.jpg,False,False,"Need help buying your next car? Click the following link and my team and I will help you choose your ideal car at a fair price - from Mat Watson! http://bit.ly/-Help-Me-carwowThanks to Shaz for bringing his Chiron - https://pulserally.com/Thanks to Red Bull Racing for bringing the RB7 - https://www.youtube.com/user/redbullracingThanks to Ciro for setting up this race - https://www.petrolheadonism.club/.............................................................Get ready for our greatest drag race EVER… Bugatti Chiron vs Red Bull F1 Car!! We’re sure we don’t need to tell you, but the stats on both of these cars are out of this world! Starting with the Chiron, it’s powered by a humungous 8-litre quad-turbo W16, which pumps out an astronomical 1,500hp & 1,600Nm of torque! It’s pretty heavy though, weighing in at 1,995kg. And then we come to the F1 car. This is no ordinary F1 car though - it’s the 2011 world-championship winning RB7! Powered by a 2.4-litre naturally-aspirated V8, it can put down 750hp. Think it’s therefore at a disadvantage compared to the Chiron’s huge W16? Well don’t forget it’s built out of carbon fibre and weighs just 650kg! Trust us, this one is NOT to be missed! But do you think the Chiron has a chance? Let us know in the COMMENTS! .............................................................Instagram – http://www.instagram.com/carwowTiktok - https://www.tiktok.com/@carwowFacebook – http://www.facebook.com/carwowukTwitter – http://www.twitter.com/carwowukSign Up to our Newsletter – http://bit.ly/carwow-NewsletterAwkward haggling is a thing of the past with carwow. Choose your perfect car with our configurator tool and let the country’s best dealers compete over you. Compare the five best offers by price, location and dealer ratings and choose the one that’s right for you – no hassle, no haggling, just a great deal. Oder auch in Deutschland Geld beim Autokauf sparen – http://bit.ly/carwow-DEVisita nuestra página web para saber cuánto te puedes ahorrar en tu nuevo coche – http://bit.ly/carwow-ES",Autos & Vehicles,US,0.07881752707083493
NOze-1ygsrQ,I BOUGHT A WRECKED PORSCHE 911 GT3 & REBUILT IT IN 24 HOURS,2024-01-01T20:11:19Z,UCcLYOTz3ct6_lk9iLToxxAw,Mat Armstrong,2,2024-01-03T00:00:00Z,992 gt3|matt armstrong|porsche 911|porsche gt3|911 gt3|porsche 911 build|rebuilding a wrecked porsche|copart rebuild|porsche 911 gt3|rebuilding a car|porsche rebuild|restoring a car|rebuilding a gt3|gt3 rs|full rebuild|rebuilding a car in 24 hours|matt armstrong gt3|porsche 911 gt3 rs|mat armstrong|rebuilding a wrecked car|rebuilding a wrecked car from copart,1618178,122416,0,4179,https://i.ytimg.com/vi/NOze-1ygsrQ/default.jpg,False,False,To grab a Yfood taster pack with 10% exclusive discount click here USE CODE MAT-YOUTUBE https://bit.ly/MatArmstrong_yfood_ytI cannot believe ive finally got one! Another 992 911 Porsche GT3 & this one is even cheaper than the wrecked GT3 i bought in the USA! Today i go to collect the porsche from Copart and set out to rebuild it in 24hours! But will it be as easy as that? ⬇️ WHATSAPP WHEELMAINIA FOR ALLOY REPAIRS & NEW ALLOYS! ⬇️https://wa.me/447786888844THANKS @Chris_Slix & @liamcareyBMX  for the help!👇 FOR MORE CONTENT CHECK OUT MY SECOND CHANNEL 👇https://www.youtube.com/@matarmstrongmk2⬇️ ALL MA MERCHANDISE ⬇️https://matarmstrong.co.uk/⬇️ Follow Me Here Aswell ⬇️https://facebook.com/matarmstrongbmxhttps://instagram.com/matarmstrongbmx,Autos & Vehicles,GB,0.07823304976337585
-7bIDbaU_zQ,"$8000 Junkyard V8 vs $30,000 Crate V8 Engine Swap",2022-07-08T12:00:00Z,UCL6JmiMXKoXS6bpP1D3bk8g,Donut Media,2,2022-07-09T00:00:00Z,v8 swap|v8|ls swap|nissan 350z|350z|hilow|donut|donut media,1508432,109520,0,7044,https://i.ytimg.com/vi/-7bIDbaU_zQ/default.jpg,False,False,"Thanks to K&N for sponsoring today’s video. Get $50 off your new air intake from June 15-July 26th by clicking here: https://www.knfilters.com/donutHiLow with the Nissan 350Z's is back! But no turbos this time --we're going #v8 baby! #lsswap HERE IN MY GARAGE…Curious what we use in the shop on a daily basis? Check it out below. And if you purchase these tools from these links, you’re helping support Donut. We appreciate it!Milwaukee Electric Tools 2550-20 M12 Rivet Tool (Bare Tool) https://www.amazon.com/gp/product/B07C67BGVJ?tag=brooklinexdnm-20Milwaukee - 48-22-0125G - 25 ft. Magnetic Tape Measure - 2-Pack https://www.amazon.com/gp/product/B081MCBN67?tag=brooklinexdnm-20 Milwaukee 48-59-1880 M18 REDLITHIUM HIGH OUTPUT XC 8 Ah Lithium-Ion Battery and M18 /M12 Charger Kithttps://www.amazon.com/gp/product/B07V2P6LFP?tag=brooklinexdnm-20Milwaukee Angle Grinding 2781-22 M18 Fuel 4-1/2/5 Slide, Kithttps://www.amazon.com/gp/product/B00FNDMYIK/ref=ppx_yo_dt_b_search_asin_title?tag=brooklinexdnm-20Milwaukee 2735-20 18V Li-Ion Flashlighthttps://www.amazon.com/Milwaukee-2735-20-Flashlight-48-11-1815-Battery/dp/B075FXH9KW?tag=brooklinexdnm-20Milwaukee 2557-20 M12 Fuel 3/8 Ratchethttps://www.amazon.com/gp/product/B07779CDGX/ref=ppx_yo_dt_b_search_asin_title?tag=brooklinexdnm-20Milwaukee 48-11-1880 M18 REDLITHIUM HIGH OUTPUT 18v 8.0 Ah Lithium-Ion Battery Packhttps://www.amazon.com/gp/product/B07S2WNS3H/ref=ppx_yo_dt_b_search_asin_title?tag=brooklinexdnm-20Milwaukee 2125-21XC M12 LED Underhood Light Kithttps://www.amazon.com/gp/product/B071D6B8FL/ref=ppx_yo_dt_b_search_asin_title?tag=brooklinexdnm-20Milwaukee M18 FUEL 3/8 Compact Impact Wrench with Friction Ringhttps://www.amazon.com/Milwaukee-Compact-Impact-Wrench-Friction/dp/B08P3SRT5P?tag=brooklinexdnm-20Adenna Dark Light 9 mil Nitrile Powder Free Exam Gloves (Black), Large - Box of 100 (DLG676)https://www.amazon.com/Adenna-Light-Nitrile-Powder-Gloves/dp/B00QRELG06?tag=brooklinexdnm-20Scott Shop Towels Original (75143), Blue, 55 Sheets / Standard Roll, 30 Rolls / Case (10 Bundles of 3 Rolls), 1,650 Towels / Casehttps://www.amazon.com/Scott-Original-75143-Standard-Bundles/dp/B01MXPSWUT?tag=brooklinexdnm-20Zep Cherry Bomb Industrial Pumice Hand Cleaner - 48 Ounce (Case of 4) ZUCBHC48CAhttps://www.amazon.com/Zep-Cherry-Cleaner-Ounce-ZUCBHC48CA/dp/B07FVXFFCD?pd_rd_w=1QnJz&pf_rd_p=2db006dc-2a90-4f80-818a-95125a31dd13&pf_rd_r=SMB7XG5CRPR3D88M6PYW&pd_rd_r=985687ee-12e7-401b-81eb-8d51ed53bd85&pd_rd_wg=J25v9&pd_rd_i=B07FVXFFCD&psc=1&ref_=pd_bap_d_rp_10_iAIDEA Microfiber Cleaning Cloths-100PKhttps://www.amazon.com/AIDEA-Microfiber-Absorbent-Lint-Free-12in-x12in/dp/B08CKJYXMK?tag=brooklinexdnm-20Barrow 52 in. Brown Large Rectangle Wood Coffee Table with Lift Tophttps://homedepot.sjv.io/c/2095194/456723/8154?subId1=TD-SL&sharedId=donut&u=https%3A%2F%2Fwww.homedepot.com%2Fp%2FBarrow-52-in-Brown-Large-Rectangle-Wood-Coffee-Table-with-Lift-Top-BW200CAS%2F305311400%3FcurationId%3D1058%3FMERCHBarrow 52 in. Brown Large Rectangle Wood Coffee Table with Lift Tophttps://homedepot.sjv.io/c/2095194/456723/8154?subId1=TD-SL&sharedId=donut&u=https%3A%2F%2Fwww.homedepot.com%2Fp%2FBarrow-52-in-Brown-Large-Rectangle-Wood-Coffee-Table-with-Lift-Top-BW200CAS%2F305311400%3FcurationId%3D1058%3FMERCHNew to the Channel? ►Watch this: https://www.youtube.com/playlist?list=PLFl907chpCa42gkh1oJxuJBN0cZ4YT1HTWe upload almost every day, subscribe so you don't miss out!►Subscribe here: http://bit.ly/1JQ3qvOClick here for more info on joining the Donut Underground!►https://www.youtube.com/channel/UCL6JmiMXKoXS6bpP1D3bk8g/joinShop Donut Merch: ►http://www.donut.media/Donut Media is at the center of digital media for the next generation of automotive and motorsports enthusiasts. We are drivers, drifters, and car enthusiasts who love to tell stories.",Autos & Vehicles,US,0.07727494510856306
s0WSM0ZXdsA,Massive Announcement...It's On For The World's Largest Off Road Wrecker,2023-01-22T14:15:02Z,UCwdVOry0oNF9WIe_3uCfz9Q,Matt's Off Road Recovery,2,2023-01-23T00:00:00Z,Off road recovery|Rescue|Matts off road recovery|Sand Trap|road recovery|Recovery|Difficult rescue|Winder Towing|Towing|Sand dunes|dunes|Jeep|Sand Hollow|utah|off road recovery fails|off road recovery truck|Rescuing|matts off road recovery|morrvair|banana|off road recovery|jeep recovery|off road towing|off road fails|broken down|off road sand dunes|truck stuck in mud|insane off road|search and rescue|jeeps stuck in snow,868844,60160,0,6657,https://i.ytimg.com/vi/s0WSM0ZXdsA/default.jpg,False,False,"So I got the Off Road Wrecker Games March 9=11https://www.mattsoffroadadventures.comSubscribe  https://www.youtube.com/channel/UCwdVOry0oNF9WIe_3uCfz9Q/?sub_confirmation=1 Watch MORR Videos:Search & Rescue Save 18… We Have The Aftermath!https://www.youtube.com/watch?v=O5nQp6XdAbg&list=PLEi6DFDVEqybxvABm2SDL4iqKO3PHRFVYWorst Case Scenario! Forced To Pull A Truck & Trailer Backwardshttps://www.youtube.com/watch?v=8odLIQz3Hq0&list=PLEi6DFDVEqybxvABm2SDL4iqKO3PHRFVYIt’s Been 11 Months Already… The Wrecker Olympics Won’t Wait.https://www.youtube.com/watch?v=pcepUaBgVkg&list=PLEi6DFDVEqybxvABm2SDL4iqKO3PHRFVYSnow Storm Launches Toyota Off The Mountain Pass!https://www.youtube.com/watch?v=-0xwq9YKGJo&list=PLEi6DFDVEqybxvABm2SDL4iqKO3PHRFVYI Made A Silly Mistake...Customers Stranded For Hours!https://www.youtube.com/watch?v=bjuBeIxa3wM4 Wheel Steering Installed On The World's Largest Off Road Wrecker!https://www.youtube.com/watch?v=grv0-YxQzwc&list=PLEi6DFDVEqybxvABm2SDL4iqKO3PHRFVYA Blizzard Tries To Stop This Off Road Recoveryhttps://www.youtube.com/watch?v=3aX19WLgV04&list=PLEi6DFDVEqybxvABm2SDL4iqKO3PHRFVYNeed a cool Hat, T-shirt, or Rope:Matt's Off Road shirts, hats, hoodies, keychains and stickers!https://www.mattsoffroadrecovery.comMatt’s rope of choice 30Matt's Recovery Rope by Yankum Ropeshttps://www.mattsoffroadrecovery.com/Matt’s Straps, how we tie down our vehicleshttps://mattsoffroadrecovery.com/collections/straps10% Off the best parts for your Off Road Vehicle Barnes 4WDhttps://www.barnes4wd.com/?ApplyPromo=morrJeep Cherokee XJ bags, we use ours for first aid.https://www.amazon.com/gp/product/B071RXKC7M/ref=as_li_tl?ie=UTF8&camp=1789&creative=9325&creativeASIN=B071RXKC7M&linkCode=as2&tag=windertowing-20&linkId=8168ff9f968defa533bd00654952d1a8Follow us on Facebook! https://www.facebook.com/mattsoffroadrecoveryFollow us on Instagram!https://tinyurl.com/y6pkp3mgPlease like, subscribe, and share! Thanks for watching, from all of us at Matt's off-road recovery!",Autos & Vehicles,US,0.0769033336249085
mrFWh9s5xWU,PORSCHE INSPECT THE WRECKED GT3 I JUST REBUILT,2023-06-04T17:00:23Z,UCcLYOTz3ct6_lk9iLToxxAw,Mat Armstrong,2,2023-06-06T00:00:00Z,911 gt3|porsche 911|992 gt3|porsche 911 build|porsche gt3|rebuilding a wrecked porsche|mat armstrong|matt armstrong|copart rebuild|porsche rebuild|rebuilding a car|mat armstrong porsche|crash damaged|champion porsche|exhuast|straight piped|jcr exhaust|adam lz porsche crash,1226761,91111,0,3144,https://i.ytimg.com/vi/mrFWh9s5xWU/default.jpg,False,False,Check if your car was damaged with Car Vertical - 10% off here 👉 https://www.carvertical.com/gb/landing/britain?a=Matarmstrong&b=1e4c9523&voucher=MatI bought and rebuilt Adam Lz's old 911 992 GT3 but after finishing it in the last video the car was stuck in limp mode. Ive got to fix that issue first before heading down to Champion Porsche for them to inspect my repair work.⬇️ FOR THE AMAZING JCR EXHAUST ⬇️https://jcr-developments.com/⬇️ SPECIAL THANKS TO CHAMPION PORSCHE ⬇️@ChampionPorsche https://www.champion-porsche.com/https://www.instagram.com/championporsche/?hl=en👇 FOR MORE CONTENT CHECK OUT MY SECOND CHANNEL 👇https://www.youtube.com/@matarmstrongmk2⬇️ ALL MA MERCHANDISE ⬇️https://matarmstrong.co.uk/⬇️ Follow Me Here Aswell ⬇️https://facebook.com/matarmstrongbmxhttps://instagram.com/matarmstrongbmx,Autos & Vehicles,US,0.07683240663829385
1IklBFgk7HE,REBUILDING AN EX RENTAL FERRARI | PT4,2023-09-28T17:00:02Z,UCcLYOTz3ct6_lk9iLToxxAw,Mat Armstrong,2,2023-09-30T00:00:00Z,mat armstrong|matt armstrong|engine rebuild|full rebuild|mat armstrong ferrari|wrecked ferrari|barn find|rebuilding a wrecked car|430 scuderia|gated manual|matt armstrong ferrari|gearbox rebuild|rebuilding a car|ferrari rebuild|ferrari f430|new video|full build|ferrari|cheap,1268958,94418,0,2337,https://i.ytimg.com/vi/1IklBFgk7HE/default.jpg,False,False,Grab a YFood Taster Pack Here USE CODE MAT-YOUTUBE  👉 https://bit.ly/MatArmstrong_yfood_birthdayI bought a cheap ex track rental Ferrari F430 which came with a engine completely stripped engine & gearbox. My Dad and I have worked together to rebuild the Ferrari Engine & Gearbox whilst keeping it on a budget & todays the day we find out whether all our hard work pays of because we are starting it for the first time!👇 FOR MORE CONTENT CHECK OUT MY SECOND CHANNEL 👇https://www.youtube.com/@matarmstrongmk2⬇️ ALL MA MERCHANDISE ⬇️https://matarmstrong.co.uk/⬇️ Follow Me Here Aswell ⬇️https://facebook.com/matarmstrongbmxhttps://instagram.com/matarmstrongbmx,Autos & Vehicles,GB,0.07624759842327326
LT7lrn3nIjo,"Rebuilding A Flooded $2,000,000 McLaren P1 | Part 12",2023-10-29T16:00:14Z,UCvAhDxNNUDhi78tMXVGBUaQ,Tavarish,2,2023-10-31T00:00:00Z,aston martin|mercedes|amg|hyundai|bmw|lamborghini|ferrari|toyota|supra|mr2|sw20|3sgte|2jz|1jz|sl55|r230|r231|m113k|vantage|v8|v12|v10|v6|gallardo|turbo|cheap|budget|diy|wrench everyday|doug demuro|chrisfix|hoovies garage|tavarish|jalopnik|mightycarmods|motor trend|roadkill|hack|bendpak|tools|lift|4 post|2 post|quick jack|welding|how to|tutorial|mclaren|p1|flooded|wrecked|rebuild|sema|hre|wheels,1337027,96920,0,4749,https://i.ytimg.com/vi/LT7lrn3nIjo/default.jpg,False,False,Download War Thunder for FREE and get your bonus!►https://wtplay.link/tavarishThanks to War Thunder for sponsoring this video! --------------------------------------------------------------------Thanks to Tint World Orlando!►https://www.tintworld.com/locations/fl/orlando-047/Thanks to Unobtanium Welding!►https://www.unobtainium.ca/Thanks to Dryce Nation!►https://www.drycenation.com/Thanks to E3 Customs! ►https://www.e3customs.com/--------------------------------------------------------------------Subscribe! ►http://bit.ly/2xZGtYNInstagram ►https://www.instagram.com/therealtavarishTavarish Shirts and Merch! ►http://bit.ly/shoptavarish--------------------------------------------------------------------Thanks to the companies that support this channel!Valvoline - The Original Motor Oil►https://www.valvoline.com/Find your dream car on AutoTempest!►https://bit.ly/foundonautotempest--------------------------------------------------------------------Questions? Comments? Business inquiries? Email me at asktavarish@gmail.com--------------------------------------------------------------------My Equipment: Simiron Epoxy Floor Coating►https://simiron.comBendpak Lifts and Equipment►https://bendpak.com--------------------------------------------------------------------Music used in this video:NIVIRO - You [NCS Release]►https://www.youtube.com/watch?v=2Nv5juZKhKoMalik Bash - Ghosts [NCS Release]►https://www.youtube.com/watch?v=-9Z5Nhsm7GA,Autos & Vehicles,US,0.0760410971506185
E9T-dEGPirM,REBUILDING AN EX RENTAL FERRARI | PT6,2023-12-21T18:00:06Z,UCcLYOTz3ct6_lk9iLToxxAw,Mat Armstrong,2,2023-12-23T00:00:00Z,mat armstrong|matt armstrong|engine rebuild|full rebuild|mat armstrong ferrari|barn find|gated manual|wrecked ferrari|430 scuderia|rebuilding a wrecked car|matt armstrong ferrari|f430|restoring a ferrari|wrecked car rebuild|rebuilding a car,1050477,77470,0,1569,https://i.ytimg.com/vi/E9T-dEGPirM/default.jpg,False,False,"Check if your car was damaged with Car Vertical - 10% off here 👉 https://www.carvertical.com/gb/landing/britain?a=Matarmstrong&b=1e4c9523&voucher=MatThe first drive of my wrecked Ferrari F430 is here..  kind of.  After buying this abandoned ex rental Ferrari from a track experience company myself and my dad have worked together to rebuild the Engine, Manual Gearbox & the full car & finally we have got it to a point where we can find out if all of it is actually going to work!👇 FOR MORE CONTENT CHECK OUT MY SECOND CHANNEL 👇https://www.youtube.com/@matarmstrongmk2⬇️ ALL MA MERCHANDISE ⬇️https://matarmstrong.co.uk/⬇️ Follow Me Here Aswell ⬇️https://facebook.com/matarmstrongbmxhttps://instagram.com/matarmstrongbmx",Autos & Vehicles,GB,0.07524105715784353
y5g-PTeDkwY,"BTS, Jimmy Fallon and The Roots Sing Dynamite",2020-09-29T03:56:28Z,UC8-Th83bH_thdKZDJCrn88g,The Tonight Show Starring Jimmy Fallon,23,2020-09-29T00:00:00Z,The Tonight Show|Jimmy Fallon|BTS|The Roots|Sing|Dynamite|NBC|NBC TV|Television|Funny|Talk Show|comedic|humor|snl|tonight|show|jokes|funny video|interview|variety|comedy sketches|talent|celebrities|video|clip|highlight|BTS on Fallon|BTS live|BTS interview|Bangtan Boys|Bangtan|K Pop|Kpop|music|Korean Pop|J-Hope|RM|Jin|Jimin|Jungkook|Suga|boy band|Boy With Luv|Euphoria|ON|Filter|My Time|Stay Gold|Dynamite live|a capella|acapella,3131708,870826,4218,38104,https://i.ytimg.com/vi/y5g-PTeDkwY/default.jpg,False,False,"Jimmy and The Roots join RM, Jin, SUGA, j-hope, Jimin, V and Jung Kook of BTS for a performance of “Dynamite.”The Tonight Show Starring Jimmy Fallon.  Stream now on Peacock: https://bit.ly/3gZJaNySubscribe NOW to The Tonight Show Starring Jimmy Fallon: http://bit.ly/1nwT1aN Watch The Tonight Show Starring Jimmy Fallon Weeknights 11:35/10:35c Get more The Tonight Show Starring Jimmy Fallon: https://www.nbc.com/the-tonight-show JIMMY FALLON ON SOCIALFollow Jimmy: http://Twitter.com/JimmyFallonLike Jimmy: https://Facebook.com/JimmyFallonFollow Jimmy: https://www.instagram.com/jimmyfallon/ THE TONIGHT SHOW ON SOCIALFollow The Tonight Show: http://Twitter.com/FallonTonightLike The Tonight Show: https://Facebook.com/FallonTonightFollow The Tonight Show: https://www.instagram.com/fallontonight/Tonight Show Tumblr: http://fallontonight.tumblr.com The Tonight Show Starring Jimmy Fallon features hilarious highlights from the show, including comedy sketches, music parodies, celebrity interviews, ridiculous games, and, of course, Jimmy's Thank You Notes and hashtags! You'll also find behind the scenes videos and other great web exclusives. GET MORE NBCNBC YouTube: http://bit.ly/1dM1qBHLike NBC: http://Facebook.com/NBCFollow NBC: http://Twitter.com/NBCNBC Instagram: http://instagram.com/nbctvNBC Tumblr: http://nbctv.tumblr.com/ BTS, Jimmy Fallon and The Roots Sing Dynamitehttp://www.youtube.com/fallontonight#FallonTonight#BTS#JimmyFallon",Comedy,US,0.2902345940298393
2rcKpY-4QBI,BTS: HOME,2020-09-30T04:30:09Z,UC8-Th83bH_thdKZDJCrn88g,The Tonight Show Starring Jimmy Fallon,23,2020-09-30T00:00:00Z,The Tonight Show|Jimmy Fallon|#BTSWEEK|PERFORMANCE 2|NBC|NBC TV|Television|Funny|Talk Show|comedic|humor|snl|tonight|show|jokes|funny video|interview|variety|comedy sketches|talent|celebrities|video|clip|highlight|BTS on Fallon|BTS live|BTS interview|Bangtan Boys|Bangtan|K Pop|Kpop|music|Korean Pop|J-Hope|RM|Jin|Jimin|Jungkook|Suga|boy band|Boy With Luv|Euphoria|Dynamite|ON|Filter|My Time|Stay Gold,4510854,1131072,4588,60102,https://i.ytimg.com/vi/2rcKpY-4QBI/default.jpg,False,False,"Musical guest BTS performs HOME for their weeklong special on The Tonight Show Starring Jimmy Fallon.The Tonight Show Starring Jimmy Fallon.  Stream now on Peacock: https://bit.ly/3gZJaNySubscribe NOW to The Tonight Show Starring Jimmy Fallon: http://bit.ly/1nwT1aN Watch The Tonight Show Starring Jimmy Fallon Weeknights 11:35/10:35c Get more The Tonight Show Starring Jimmy Fallon: https://www.nbc.com/the-tonight-show JIMMY FALLON ON SOCIALFollow Jimmy: http://Twitter.com/JimmyFallonLike Jimmy: https://Facebook.com/JimmyFallonFollow Jimmy: https://www.instagram.com/jimmyfallon/ THE TONIGHT SHOW ON SOCIALFollow The Tonight Show: http://Twitter.com/FallonTonightLike The Tonight Show: https://Facebook.com/FallonTonightFollow The Tonight Show: https://www.instagram.com/fallontonight/Tonight Show Tumblr: http://fallontonight.tumblr.com The Tonight Show Starring Jimmy Fallon features hilarious highlights from the show, including comedy sketches, music parodies, celebrity interviews, ridiculous games, and, of course, Jimmy's Thank You Notes and hashtags! You'll also find behind the scenes videos and other great web exclusives. GET MORE NBCNBC YouTube: http://bit.ly/1dM1qBHLike NBC: http://Facebook.com/NBCFollow NBC: http://Twitter.com/NBCNBC Instagram: http://instagram.com/nbctvNBC Tumblr: http://nbctv.tumblr.com/ BTS: HOMEhttp://www.youtube.com/fallontonight#FallonTonight#BTS#JimmyFallon",Comedy,US,0.26406840035168505
MXFkjMNXfpY,BTS: IDOL,2020-09-29T04:30:10Z,UC8-Th83bH_thdKZDJCrn88g,The Tonight Show Starring Jimmy Fallon,23,2020-09-29T00:00:00Z,tonight show|talk|Jimmy Fallon|BTS|bts|bts army|NBC|NBC TV|Television|Funny|Talk Show|comedic|humor|snl|tonight|show|jokes|funny video|interview|comedy sketches|talent|celebrities|video|clip|highlight|Bangtan Boys|Bangtan|K Pop|Kpop|music|Korean Pop|J-Hope|RM|Jin|Jimin|Jungkook|Suga|boy band|Boy With Luv|Blood Sweat & Tears|Euphoria|IDOL|Make It Right|HOME|compilation|bts week|fallon bts week|bts idol|bts idol on fallon|bts idol performance|idol live,4581124,1101169,5356,61083,https://i.ytimg.com/vi/MXFkjMNXfpY/default.jpg,False,False,"Musical guests BTS performs IDOL to kick off a special week of performances on The Tonight Show Starring Jimmy Fallon.The Tonight Show Starring Jimmy Fallon.  Stream now on Peacock: https://bit.ly/3gZJaNySubscribe NOW to The Tonight Show Starring Jimmy Fallon: http://bit.ly/1nwT1aN Watch The Tonight Show Starring Jimmy Fallon Weeknights 11:35/10:35c Get more The Tonight Show Starring Jimmy Fallon: https://www.nbc.com/the-tonight-show JIMMY FALLON ON SOCIALFollow Jimmy: http://Twitter.com/JimmyFallonLike Jimmy: https://Facebook.com/JimmyFallonFollow Jimmy: https://www.instagram.com/jimmyfallon/ THE TONIGHT SHOW ON SOCIALFollow The Tonight Show: http://Twitter.com/FallonTonightLike The Tonight Show: https://Facebook.com/FallonTonightFollow The Tonight Show: https://www.instagram.com/fallontonight/Tonight Show Tumblr: http://fallontonight.tumblr.com The Tonight Show Starring Jimmy Fallon features hilarious highlights from the show, including comedy sketches, music parodies, celebrity interviews, ridiculous games, and, of course, Jimmy's Thank You Notes and hashtags! You'll also find behind the scenes videos and other great web exclusives. GET MORE NBCNBC YouTube: http://bit.ly/1dM1qBHLike NBC: http://Facebook.com/NBCFollow NBC: http://Twitter.com/NBCNBC Instagram: http://instagram.com/nbctvNBC Tumblr: http://nbctv.tumblr.com/ The Tonight Show Starring Jimmy Fallonhttp://www.youtube.com/fallontonight#FallonTonight#BTS#JimmyFallon",Comedy,US,0.2537045493638679
g1-sFn-j5D0,BTS: Black Swan,2020-10-01T04:30:10Z,UC8-Th83bH_thdKZDJCrn88g,The Tonight Show Starring Jimmy Fallon,23,2020-10-01T00:00:00Z,The Tonight Show|Jimmy Fallon|#BTSWEEK PERFORMANCE 3|NBC|Television|Funny|Talk Show|humor|snl|tonight|show|jokes|funny video|interview|comedy sketches|talent|celebrities|video|clip|highlight|BTS on Fallon|BTS live|BTS interview|Bangtan Boys|Bangtan|K Pop|Kpop|music|Korean Pop|J-Hope|RM|Jin|Jimin|Jungkook|Suga|boy band|Boy With Luv|Euphoria|Dynamite|ON|Filter|My Time|Stay Gold|Black Swan|Black Swan live|Black Swan BTS|BTS Black Swan|Black Swan lyrics,4359010,1048569,2604,52870,https://i.ytimg.com/vi/g1-sFn-j5D0/default.jpg,False,False,"Musical guest BTS performs Black Swan for their weeklong special on The Tonight Show Starring Jimmy Fallon.The Tonight Show Starring Jimmy Fallon.  Stream now on Peacock: https://bit.ly/3gZJaNySubscribe NOW to The Tonight Show Starring Jimmy Fallon: http://bit.ly/1nwT1aN Watch The Tonight Show Starring Jimmy Fallon Weeknights 11:35/10:35c Get more The Tonight Show Starring Jimmy Fallon: https://www.nbc.com/the-tonight-show JIMMY FALLON ON SOCIALFollow Jimmy: http://Twitter.com/JimmyFallonLike Jimmy: https://Facebook.com/JimmyFallonFollow Jimmy: https://www.instagram.com/jimmyfallon/ THE TONIGHT SHOW ON SOCIALFollow The Tonight Show: http://Twitter.com/FallonTonightLike The Tonight Show: https://Facebook.com/FallonTonightFollow The Tonight Show: https://www.instagram.com/fallontonight/Tonight Show Tumblr: http://fallontonight.tumblr.com The Tonight Show Starring Jimmy Fallon features hilarious highlights from the show, including comedy sketches, music parodies, celebrity interviews, ridiculous games, and, of course, Jimmy's Thank You Notes and hashtags! You'll also find behind the scenes videos and other great web exclusives. GET MORE NBCNBC YouTube: http://bit.ly/1dM1qBHLike NBC: http://Facebook.com/NBCFollow NBC: http://Twitter.com/NBCNBC Instagram: http://instagram.com/nbctvNBC Tumblr: http://nbctv.tumblr.com/ BTS: Black Swanhttp://www.youtube.com/fallontonight#FallonTonight#BTS#JimmyFallon",Comedy,US,0.25268099866712856
oYpUZjxJOVg,BTS: Mikrokosmos,2020-10-02T04:30:09Z,UC8-Th83bH_thdKZDJCrn88g,The Tonight Show Starring Jimmy Fallon,23,2020-10-04T00:00:00Z,The Tonight Show|Jimmy Fallon|#BTSWEEK|PERFORMANCE 4|bts|NBC|NBC TV|Television|Funny|Talk Show|comedic|humor|snl|tonight|show|jokes|funny video|interview|variety|comedy sketches|talent|celebrities|video|clip|highlight|BTS on Fallon|BTS live|BTS interview|Bangtan Boys|Bangtan|K Pop|Kpop|music|Korean Pop|J-Hope|RM|Jin|Jimin|Jungkook|Suga|boy band|Boy With Luv|Euphoria|Dynamite|ON|Filter|My Time|Stay Gold|mikrokosmos live|mikrokosmos,5695307,1213962,1953,48188,https://i.ytimg.com/vi/oYpUZjxJOVg/default.jpg,False,False,"Musical guest BTS performs Mikrokosmos for their weeklong special on The Tonight Show Starring Jimmy Fallon.The Tonight Show Starring Jimmy Fallon.  Stream now on Peacock: https://bit.ly/3gZJaNySubscribe NOW to The Tonight Show Starring Jimmy Fallon: http://bit.ly/1nwT1aN Watch The Tonight Show Starring Jimmy Fallon Weeknights 11:35/10:35c Get more The Tonight Show Starring Jimmy Fallon: https://www.nbc.com/the-tonight-show JIMMY FALLON ON SOCIALFollow Jimmy: http://Twitter.com/JimmyFallonLike Jimmy: https://Facebook.com/JimmyFallonFollow Jimmy: https://www.instagram.com/jimmyfallon/ THE TONIGHT SHOW ON SOCIALFollow The Tonight Show: http://Twitter.com/FallonTonightLike The Tonight Show: https://Facebook.com/FallonTonightFollow The Tonight Show: https://www.instagram.com/fallontonight/Tonight Show Tumblr: http://fallontonight.tumblr.com The Tonight Show Starring Jimmy Fallon features hilarious highlights from the show, including comedy sketches, music parodies, celebrity interviews, ridiculous games, and, of course, Jimmy's Thank You Notes and hashtags! You'll also find behind the scenes videos and other great web exclusives. GET MORE NBCNBC YouTube: http://bit.ly/1dM1qBHLike NBC: http://Facebook.com/NBCFollow NBC: http://Twitter.com/NBCNBC Instagram: http://instagram.com/nbctvNBC Tumblr: http://nbctv.tumblr.com/ BTS: Mikrokosmoshttp://www.youtube.com/fallontonight#FallonTonight#BTS#JimmyFallon",Comedy,US,0.2216122853430026
1d7FDA2M-9E,Del Monte is Dead to Me,2020-11-23T17:47:39Z,UC7_YxT-KID8kRbqZo7MyscQ,Markiplier,23,2020-11-24T00:00:00Z,markiplier|del monte|markiplier corn|markiplier del monte|markiplier reviews|funny|funny reviews|sour patch kids|markiplier sour patch kids|mark fischbach|markipliergame|drama|markiplier drama,2379270,455664,4697,42583,https://i.ytimg.com/vi/1d7FDA2M-9E/default.jpg,False,False,"The Del Monte Drama is REAL. Friendship ENDED with Del Monte! Now Green Giant is my best friend! Also a b-plot roast of Sour Patch Kids...EDITED BY ► LIXIAN https://www.youtube.com/user/LixianTVI Review More Things ► https://www.youtube.com/playlist?list=PL3tRBEVW0hiAHqevzOfGqZZOTcyFZwDVzSubscribe Today! ► http://bit.ly/Markiplier",Comedy,US,0.20941171031450823
QL3H7CUJMDU,asdfmovie13,2020-10-26T21:28:39Z,UCOYWgypDktXdb-HfZnSMK6A,TomSka,23,2020-10-27T00:00:00Z,asdfmovie|asdfmovie13|asdf movie|asdf|tik tok|markiplier|song|meme|try not to laugh|movie|cartoon|funny|tik tok songs|comedy|tik tok video|animation|ytp|tik tok dance|meme compilation|kylie minogue|tik tok song|roomie|jacksfilms|roomieofficial|cow|tik toks|tik tok memes|pony|schmoyoho|tik tok funny video|random|tomska|muffin time|muffin song|baldi's basics|sheep|trains|turtle|funny tik tok|it's muffin time|pie|i like trains|darksquidge|the muffin song|adsf,2027516,366552,2640,40627,https://i.ytimg.com/vi/QL3H7CUJMDU/default.jpg,False,False,Muffin Time: the asdfmovie card game! Out now! http://MuffinTimeGame.comass-duff-moo-vee-thur-teen - More asdfmovie! https://www.youtube.com/playlist?list=PL3A5849BDE0581B19Animated by Ben ‘Wonchop’ Smallman (@Wonchop) asdfmovie merch (http://tomskashop.com)Written and Directed by Thomas Ridgewell (@TomSka)Co-Written by Eddie ‘Eddache’ Bowley (@Eddache)Music by Todd ‘LilDeuceDeuce’ Bryanton (@LilDeuceDeuce)With Alto Sax by Chris Carlier (https://linktr.ee/carliermusic)Featuring Chris Alex (http://twitter.com/FilmCow_Chris)Chris Bingham (http://twitter.com/helloiambing)Anna 'BrizzyVoices' Brisbin (@Brizzy Voices)Chloe ‘ScarfDemon’ Dungate (@ScarfDemon)Brian David Gilbert (@brian david gilbert)Stefan Johnson (http://twitter.com/S_johnson_voice)Daniel J Layton (@Daniel J. Layton)Phil 'AmazingPhil' Lester (@AmazingPhil)and Rik Bowley (http://twitter.com/rikbowley)Secondary Channel (@DarkSquidge)Twitter (http://twitter.com/thetomska)Facebook (http://fb.com/thetomska)Tumblr (http://thetomska.tumblr.com),Comedy,US,0.20082652861925626
4PU4ofbSZZU,SUGA: Haegeum | The Tonight Show Starring Jimmy Fallon,2023-05-02T04:30:46Z,UC8-Th83bH_thdKZDJCrn88g,The Tonight Show Starring Jimmy Fallon,23,2023-05-03T00:00:00Z,tonight show|jimmy fallon|Musical guest|SUGA|performance|Haegeum|NBC|NBC TV|Television|Funny|Talk Show|comedic|humor|snl|tonight|show|jokes|funny video|interview|variety|comedy sketches|talent|celebrities|video|clip|highlight|Bangtan Boys|Bangtan|K Pop|Kpop|music|Korean Pop|J-Hope|RM|Jin|Jimin|Jungkook|Suga|boy band|Boy With Luv|Blood Sweat & Tears|Euphoria|IDOL|Make It Right|HOME|live performance,1149588,221587,0,6683,https://i.ytimg.com/vi/4PU4ofbSZZU/default.jpg,False,False,"Musical guest SUGA performs Haegeum for The Tonight Show.The Tonight Show Starring Jimmy Fallon.  Stream now on Peacock: https://bit.ly/3gZJaNySubscribe NOW to The Tonight Show Starring Jimmy Fallon: http://bit.ly/1nwT1aN Watch The Tonight Show Starring Jimmy Fallon Weeknights 11:35/10:35c Get more The Tonight Show Starring Jimmy Fallon: https://www.nbc.com/the-tonight-show JIMMY FALLON ON SOCIALFollow Jimmy: http://Twitter.com/JimmyFallonLike Jimmy: https://Facebook.com/JimmyFallonFollow Jimmy: https://www.instagram.com/jimmyfallon/Follow Jimmy on TikTok: https://www.tiktok.com/@jimmyfallonTHE TONIGHT SHOW ON SOCIALFollow The Tonight Show: http://Twitter.com/FallonTonightLike The Tonight Show: https://Facebook.com/FallonTonightFollow The Tonight Show: https://www.instagram.com/fallontonight/The Tonight Show TikTok: https://www.tiktok.com/@fallontonightTonight Show Tumblr: http://fallontonight.tumblr.com The Tonight Show Starring Jimmy Fallon features hilarious highlights from the show, including comedy sketches, music parodies, celebrity interviews, ridiculous games, and, of course, Jimmy's Thank You Notes and hashtags! You'll also find behind the scenes videos and other great web exclusives. GET MORE NBCNBC YouTube: http://bit.ly/1dM1qBHLike NBC: http://Facebook.com/NBCFollow NBC: http://Twitter.com/NBCNBC Instagram: http://instagram.com/nbctvNBC Tumblr: http://nbctv.tumblr.com/ SUGA: Haegeum | The Tonight Show Starring Jimmy Fallonhttp://www.youtube.com/fallontonight#FallonTonight #SUGA#BTS",Comedy,GB,0.1985667908850823
2LK81MI2U2g,"I Built A Boat, Then Sailed The Ocean...",2021-06-27T15:58:41Z,UCAz5JW1_oryewk0eR-eP7Bw,Tubbo,23,2021-06-28T00:00:00Z,tubbo|vlog|in real life|minecraft|in|real|life|dream|twitch|stealing|funny|fun|challenge|shopping|tommyinnit vlog|jack manifold|jack|boat|blog|I Built A Boat|Then Sailed The Ocean...,1086506,201339,381,9898,https://i.ytimg.com/vi/2LK81MI2U2g/default.jpg,False,False,In this Video me and Jack Manifold buy a $50 boat off ebay!MY MERCH IS OUT NOW! https://shoptubbo.com/Editor: @LlamaNeck My Second Channel: https://www.youtube.com/channel/UCRzNmYGvKNRHEwAfs1yLHWATwitch: https://www.twitch.tv/tubboTwitter: https://twitter.com/TubboLIVE,Comedy,US,0.19441862263070797
FtF7nwfZ3f4,Accepting the Truth,2020-11-01T20:00:01Z,UCIcgBZ9hEJxHv6r_jDYOMqg,Unus Annus,23,2020-11-02T00:00:00Z,unus annus|markiplier|crankgameplays|memento mori|unus annus end|the end of unus annus|unus annus ending|unus annus final|unus annus ending reveal|unus annus secrets|unus annus livestream|unus annus final day|unus annus final video|final video|the end|end|ending|death|death of a channel|death of unus annus,1696152,272297,908,55618,https://i.ytimg.com/vi/FtF7nwfZ3f4/default.jpg,False,False,"Coming to terms with death and accepting it is all part of life. It's almost beautiful in a way. Did you make the most of this year?The End of Unus Annus - Friday, November 13th starting at 12pm Pacific. Live here on YouTube.ᴍᴇʀᴄʜ ➤ http://www.unusannus.comᴜɴᴜs ➣ http://www.youtube.com/crankgameplaysᴀɴɴᴜs ➢ http://www.youtube.com/markiplierᴛᴡɪᴛᴛᴇʀ ► http://www.twitter.com/unusannusɪɴsᴛᴀɢʀᴀᴍ ► http://www.instagram.com/unusannusʀᴇᴅᴅɪᴛ ► http://www.reddit.com/r/unusannusᴛᴜᴍʙʟʀ ► https://unusannus.tumblr.com/Edited & Music by ► https://www.youtube.com/channel/UClnQjx453Z3VcIq9bEKDSTwThis channel, along with every video that has or will ever be uploaded on this channel, will be deleted after our year has ended. This is inevitable. Inescapable. Irreversible.Do not archive or re-upload anything. This is our last wish. Our parting gift. Stay true to the purpose of our final year or we shall lay down wrath upon those that attempt to escape the end.Memento Mori.Unus Annus.",Comedy,US,0.19332878185445643
u92RWKB3CR4,If the 'Forgot your password' thing was a person,2021-05-04T22:52:12Z,UCI1XS_GkLGDOgf8YLaaXNRA,CalebCity,23,2021-05-05T00:00:00Z,[None],995050,182522,273,7954,https://i.ytimg.com/vi/u92RWKB3CR4/default.jpg,False,False,Incorrect Password *changes password*Password is too close to your old passwordMusicTidiane - MelodiesOddwin - 19,Comedy,US,0.19142354655544946
DwsZggwPRKc,WE BOUGHT SMOSH!,2023-06-20T16:00:23Z,UCY30JRSgfhYXA6i6xX1erWg,Smosh,23,2023-06-21T00:00:00Z,smosh|smosh games|smosh pit|ian and anthony|anthony and ian|smosh anthony|smosh ian|smush|smoosh|comedy|sketch comedy|sketch|skit|skit comedy|comedy sketches|funny sketches|stand up|stand up comedy|funny|ian hecox|anthony padilla|anthony is back|anthony joins smosh again|anthony back at smosh|where's anthony|WHERE'S ANTHONY?,3316730,575616,0,50315,https://i.ytimg.com/vi/DwsZggwPRKc/default.jpg,False,False,There's Anthony! BECOME A MEMBER TODAY to support a free and independent Smosh. https://youtube.com/smosh/joinSUBSCRIBE: https://smo.sh/Sub2SmoshLIMITED EDITION SMOSH REUNION T-SHIRT!: https://smosh.comOUR OTHER SMOSH CHANNELS:Smosh Pit: https://smo.sh/Sub2SmoshPitSmosh Games: https://smo.sh/Sub2SmoshGamesEl Smosh (Spanish Dub): https://smo.sh/Sub2ElSmoshFOLLOW SMOSH:TikTok: https://smo.sh/TikTokSnapchat: http://smo.sh/OnSnapchatInstagram: https://instagram.com/smoshFacebook: https://facebook.com/smoshTwitter: https://twitter.com/smosh,Comedy,US,0.1887193108875308
Qh9KBwqGxTI,The Cost of Concordia,2021-02-17T03:31:04Z,UCR1D15p_vdP3HkrH8wgjQRw,Internet Historian,23,2021-02-17T00:00:00Z,costa concordia|cruise ships|schettino|italy,1014121,172708,556,17473,https://i.ytimg.com/vi/Qh9KBwqGxTI/default.jpg,False,False,Go to https://NordVPN.com/internethistorian and use code INTERNETHISTORIAN to get a 2-year plan plus 1 additional month with a huge discount. It’s risk free with Nord’s 30 day money-back guarantee!--------Ship-a go sink.--------Patreon: https://www.patreon.com/internethistorianIncognito Mode: https://www.youtube.com/channel/UC8Q7XEy86Q7T-3kNpNjYgwATrello: https://trello.com/b/djWbWhAf/video-statusTwitch: twitch.tv/internethistorianTwitter: @nethistorian---------------Music:Benjamin Symons - My Myocardium Will Continuehttps://www.youtube.com/channel/UC337A-7uDoyeUR46o4mTISgDido - White Flag Cover provided courtesy of Fall of Envy and Octave Match Records.https://www.youtube.com/channel/UCpnsd1EfZERCQYvOzuqexxw(Down with this ship scene)--Ipanema Daydream - Bird CreekSOXX - Trouble with LoveGran Turismo 6 OST - Garage Extended: Vision GTPayday 2 - Calling All UnitsSavana - VendrediMontserrat Caballe - O mio babbino caroFilm Noir Background Music - No Copyright MusicL.A Noire - Chase 03Metal Gear Solid 4 - Guns of The PatriotsKid Icarus: Uprising - Boss Battle 2Classic Italian Music - No Copyright SoundsMetal Gear Solid 2 - Tanker IncidentFolklore OST - CollapseDead Space - Cyanide Systems OfflineHollow Knight OST - HornetHalo Combat Evolved - Undercover of NightSynergy - GeographerThe Heist - Free No Copyright MusicCartoon Bank HeistRon Meixsell - Non Piu AndraiVan Bree - Allegro: Janine JansenDead Island Soundtrack - Main ThemeGTA Vice City - Main Theme ExtendedHalo 2 Volume 2 OST - Mausoleum SuiteNon Piu Andrai - Wolfgang Amadeus MozartScott Buckley - In DreamsSkullgirls OST - Pedestrians CrossingSilent Partner - The MessengerBensound - UkuleleVadim Krakhmal - Copyright Free Adventure MusicFall of Liberty OST - Turning PointCyberpunk - OblivionTwin Musicom - Italian Morning-------Exec Producer Mitch Duffy missed the credits list so he's down here.,Comedy,US,0.18753284864429393
QgPX_NE1it8,STOP COPYING ME!!,2023-07-14T16:00:10Z,UCY30JRSgfhYXA6i6xX1erWg,Smosh,23,2023-07-15T00:00:00Z,smosh|smosh games|smosh pit|ian and anthony|anthony and ian|smosh anthony|smosh ian|smush|smoosh|comedy|sketch comedy|sketch|skit|skit comedy|comedy sketches|funny sketches|stand up|stand up comedy|funny|ian hecox|anthony padilla,1963328,345733,0,14258,https://i.ytimg.com/vi/QgPX_NE1it8/default.jpg,False,False,"We've known each other for too long...BECOME A MEMBER: https://youtube.com/@smosh/joinWEAR OUR JOKES: https://smosh.com+SMOSH ROYALTY GETS ACCESS TO THE LIVE WATCH PARTY WITH IAN & ANTHONY @ 12PM PT TODAYWHO YOU SEEIan HecoxAnthony Padilla911 Operator 1- Shayne Topp911 Operator 2 - Courtney MillerWHO YOU DON’T SEE (usually)Director, Writer, etc - Anthony PadillaDirector, Writer, etc - Ian HecoxExecutive Producer - Alessandra CataneseProducer - Elise FelberProducer - Kathy Sue HoltorfDirector of Photography/Co - Director - Kathy Sue HoltorfCam Op - Amber SteeleCam Op - Noah KellyDIT/Assistant Editor - Matt DuranGaffer - Noah KellyProduction Designer- Stephanie BatesSet Decorating - John HastieSound Mixing - Matthew FaulknerScript Supervisor - Joshua DozierSocial Media Manager - Mallory MyersPost Supervisor - Mike CriscimagnaHead Editor - Patrick HorbaEditor - Josh FleurySound Supervisor - Gareth HirdAssistant Editor - Levi VillalpandoSocial Media Editor - Cassie KornProduction Assistant - Marcus MunguiaOTHER SMOSHES:Smosh Pit: https://smo.sh/Sub2SmoshPitSmosh Games: https://smo.sh/Sub2SmoshGamesEl Smosh (Spanish Dub): https://smo.sh/Sub2ElSmoshFOLLOW US:TikTok: https://smo.sh/TikTokSnapchat: http://smo.sh/OnSnapchatInstagram: https://instagram.com/smoshFacebook: https://facebook.com/smoshTwitter: https://twitter.com/smosh",Comedy,US,0.18335754392541645
QyL9P1ccy-w,Suction Cup Man 4: Business or Pleasure,2021-06-12T17:17:42Z,UC8RBLJdSpxSVWDc_bGKmdQQ,Piemations,23,2021-06-13T00:00:00Z,piemations|piemation|pieanimation|pieanimations|pie mations|animation|comedy|funny|parody animation|animated parody|suction cup man 4|business or pleasure|scm 4|original short|animated short|funny animation|comedy short|animated short film,963775,161106,550,15344,https://i.ytimg.com/vi/QyL9P1ccy-w/default.jpg,False,False,Suction Cup Man is sued and taken to court for his sucky crimes. Hopefully he will be calm and well-spoken. hahaGet the new Plushie here! http://bit.ly/PiemationsMerchPre-Orders will take around 6 to 8 weeks to ship- ◆ - Keep Me Alive Through Patreon + Rewards! - ◆ -https://www.patreon.com/Piemations- ◆ - Suction Cup Man Playlist  - ◆ -https://www.youtube.com/playlist?list=PLPjfz9cVlCD8zyyErzKKlWnaUATSHTvMO- ◆ - The Crew - ◆ - Silas McDonnell - https://twitter.com/ProBluesPlayerZACHxFULLER - https://www.youtube.com/user/zachxfullerRobin Nelson - https://robinnelsonva.com/CrunchyCrowe - https://twitter.com/CrunchyCawsTy Harper - https://www.imdb.com/name/nm12373826/?ref_=ttfc_fc_cl_t3GhostAnjo - https://www.youtube.com/c/GhostAnjoBlake Shadyvox Swift - https://www.youtube.com/c/ShadyVoxYT‣ Twitter ‣ https://twitter.com/PieMations ‣ Twitch Channel ‣ http://www.twitch.tv/piemations‣ Second Channel ‣ https://www.youtube.com/channel/UCTlx... ‣ Newgrounds (Art Gallery) ‣ https://piemations.newgrounds.com/art,Comedy,US,0.18308215091696714
sYO30KpiVEo,Saying Goodbye Forever,2023-10-15T17:00:14Z,UCuhwvTYFvVZjyBVXc9T7CrA,DanAndPhilGAMES,23,2023-10-17T00:00:00Z,dan and phil|dan and phil games|danisnotonfire|amazingphil|phil lester|dan howell|gaming channel|games|saying goodbye forever|saying|goodbye|forever|hiatus|funeral|ceremony|service|dil|dil howlter|memorial|video|break|quit|why|what happened|crying|film,883129,142391,0,16294,https://i.ytimg.com/vi/sYO30KpiVEo/default.jpg,False,False,"In loving memory of DanAndPhilGAMES 2014-2018 We all knew it wasn't a hiatus.SUBSCRIBE FOR COMFORT CONTENT http://www.youtube.com/subscription_center?add_user=DanAndPhilGAMESStarring: Daniel Howell as DanIsNotOnFirehttp://youtube.com/@danielhowell Phil Lester as AmazingPhil http://youtube.com/@amazingphilSean McLoughlin as The Priest http://youtube.com/@jacksepticeye Dil Howlter as SelfConcept:Phil LesterWritten by: Daniel HowellDirected, Filmed and Edited By: PJ Liguori http://youtube.com/@kickthepj Produced By: Sophie Newton Sound Recordist: Tom Bartlett Hair & Make Up Artist: Silvija Vil With thanks to: Steph & Don Newton, Jake HancockMusic courtesy of Epidemic Sound:FORMANTX - Stellar FinaleDANVideos: http://youtube.com/danhowellTwitter: http://twitter.com/danielhowellInstagram: http://instagram.com/danielhowellTikTok: http://tiktok.com/daniehowellTumblr: http://danielhowell.tumblr.comMerch: http://shop.danielhowell.comPHILVideos: http://youtube.com/AmazingPhilTwitter: http://twitter.com/AmazingPhilInstagram: http://instagram.com/AmazingPhilTikTok: http://tiktok.com/AmazingPhilTumblr: http://AmazingPhil.tumblr.comMerch: http://amazingphilshop.com",Comedy,US,0.1796849610872251
AeC7zJ8DEWw,Getting in the castle speedrun (11.12 seconds),2022-01-29T17:56:31Z,UCJswRv22oiUgmT1FuFeUekw,I am MoBo,23,2022-01-30T00:00:00Z,discord ban speedrun|discord speedrun|discord ban speedrun meme|knighted speedrun|speedrun funny|speedrun skit|real life speedrun|speedrun any|speedrun beluga|mobo speedrun|mobo tiktok|speedrunners|become king speedrun|dream speedrun|stop a war speedrun|escaping death speedrun|make anyone angry speedrun|rickroll speedrun|becoming a good person speedrun|secret technique trials|summon speedrun|castle speedrun|royalty speedrun|getting in the castle,847224,148659,0,949,https://i.ytimg.com/vi/AeC7zJ8DEWw/default.jpg,False,False,We won the battle but at what cost?Subscribe and like for more skits #shortsAll My Links:https://linktr.ee/mobowlSocials:Tiktok: https://www.tiktok.com/@mobotvIG: https://www.instagram.com/mobootv/Discord: https://discord.gg/F7JSJPMcHtGaming YouTube: https://www.youtube.com/mobo1,Comedy,US,0.17658612126190948
fsbkkskt2Gc,RIP Papa Jim,2022-05-21T19:41:55Z,UC94lW_-Hr_uA7RcJ3D-WPOg,Danny Duncan,23,2022-05-23T00:00:00Z,danny duncan|danny duncan 69|danny duncan vlog|danny duncan pranks|danny duncan vlogs|vlogs|pranks|danny duncan tour|danny duncan florida|danny duncan merch,2897431,457209,0,51629,https://i.ytimg.com/vi/fsbkkskt2Gc/default.jpg,False,False,"Thanks for watching! Love you guys!Merchandise ▶ http://dannyduncan69.comTwitter ▶ http://www.twitter.com/DannyDuncan69Instagram ▶ http://www.instagram.com/DannyDuncan69Facebook▶ http://www.facebook.com/DannyDuncan69A tribute to Papa Jim’s life and all the memorable times we got a share with him ❤️",Comedy,US,0.175616951706529
zrrs9LGIfyQ,Building A Laser Baby,2020-09-02T16:45:20Z,UCtHaxi4GTYDpJgMSGy7AeSw,Michael Reeves,23,2020-09-03T00:00:00Z,laser|laser baby|software|funny|code|programming|arduino|raspberry pi|robot|robotics|pneumatics|c02|laser sensor|satire|laser eyes|electronics|programmer,3380073,561130,2860,31067,https://i.ytimg.com/vi/zrrs9LGIfyQ/default.jpg,False,False,Check out the Amazon Prime Video series The Boys here: https://amzn.to/3gNGX7CDownload the Baby Laser Tag game here:Google Play: https://play.google.com/store/apps/details?id=com.jam3.theboys&referrer=utm_source%3Dyoutube1App Store: https://apps.apple.com/app/apple-store/id1512207410?pt=341682&ct=youtube1&mt=8hit me up if you need a baby deliveredTwitch - https://www.twitch.tv/michaelreevesTwitter - https://twitter.com/michaelreevesSongs:Mantra - Kaz Moonj^p^n - amend.,Comedy,US,0.17520242905996408
oqLCDHjQxEQ,In a Zombie apocalypse...,2021-01-09T02:44:28Z,UCI1XS_GkLGDOgf8YLaaXNRA,CalebCity,23,2021-01-10T00:00:00Z,[None],990387,164245,538,8566,https://i.ytimg.com/vi/oqLCDHjQxEQ/default.jpg,False,False,Sponsored by ExpressVPN Go to https://expressvpn.com/calebcity to find out how to get 3 months free.Against actual zombies I'm scrapping 😤MusicOddwin - 19,Comedy,US,0.17448835657172398
-vQgwUtcnaE,The Amazing Interrogation,2020-12-05T17:57:07Z,UC8RBLJdSpxSVWDc_bGKmdQQ,Piemations,23,2020-12-07T00:00:00Z,piemations|piemation|pieanimation|pieanimations|pie mations|animation|comedy|funny|parody animation|animated parody|tf2|team fortress 2|meet the amazing|piemations tf2|soldier|spy|engineer|meet the team,1191583,183683,649,17850,https://i.ytimg.com/vi/-vQgwUtcnaE/default.jpg,False,False,"BLU team has captured an enemy spy. The Soldier wonders what information can be beaten out of him.Ending Card Art by CrunchyCrowe - https://twitter.com/CrunchyCaws- ◆ - Keep Me Alive Through Patreon + Rewards! - ◆ -https://www.patreon.com/Piemations- ◆ - Or Support Me By Treating Yourself to MERCH - ◆ -https://piemations.fanfiber.com/‣ Twitter ‣ https://twitter.com/PieMations ‣ Twitch Channel ‣ http://www.twitch.tv/piemations‣ Second Channel ‣ https://www.youtube.com/channel/UCTlx4XK2E4RKXShi9nj9Cxw ‣ DeviantArt ‣ https://piemationsart.deviantart.com/",Comedy,US,0.1691304760138404
kZ9x25yTwdU,Dinosaur meets his descendant #shorts,2021-11-05T21:26:59Z,UChYARX5Yj8CapM-F2Z2vPxA,Adrian Bliss,23,2021-11-07T00:00:00Z,Adrian Bliss,2021699,337833,4133,2723,https://i.ytimg.com/vi/kZ9x25yTwdU/default.jpg,False,False,Dinosaur meets his descendant #shorts,Comedy,US,0.16845039741326479
GQdIPx3XR7c,I HAVE RETURNED STRONGER THAN EVER,2021-02-22T17:03:41Z,UCYzPXprvl5Y-Sf0g4vX-m6g,jacksepticeye,23,2021-02-24T00:00:00Z,jacksepticeye|meme time,2387058,350722,1275,45747,https://i.ytimg.com/vi/GQdIPx3XR7c/default.jpg,False,False,The man is back so the memes are backMy COFFEE ☕: https://bit.ly/38CIixGReddit: https://www.reddit.com/r/jacksepticeye/Twitter 🐥: https://twitter.com/Jack_Septic_EyeInstagram 📷: http://instagram.com/jacksepticeyeEdited By: https://www.youtube.com/channel/UCHsjBlPYou_k7FgMKLCo5JA,Comedy,US,0.16609106272239718
IKCnPWoH0D4,Will It Fit? with BTS | The Tonight Show Starring Jimmy Fallon,2021-07-24T04:54:29Z,UC8-Th83bH_thdKZDJCrn88g,The Tonight Show Starring Jimmy Fallon,23,2021-07-25T00:00:00Z,Tonight Show|Jimmy Fallon|Will It Fit?|BTS|NBC|NBC TV|Television|Funny|Talk Show|comedic|humor|snl|tonight|show|jokes|funny video|interview|variety|comedy sketches|talent|celebrities|video|clip|highlight|Bangtan Boys|Bangtan|K Pop|Kpop|music|Korean Pop|J-Hope|RM|Jin|Jimin|Jungkook|Suga|boy band|Boy With Luv|Blood Sweat & Tears|Euphoria|IDOL|Make It Right|HOME|Will It Fit|BTS on Fallon|BTS Games,3237110,516021,1618,16930,https://i.ytimg.com/vi/IKCnPWoH0D4/default.jpg,False,False,"Jimmy challenges BTS to fit random objects inside other objects, like 33 sticks of butter into a fishbowl.The Tonight Show Starring Jimmy Fallon.  Stream now on Peacock: https://bit.ly/3gZJaNySubscribe NOW to The Tonight Show Starring Jimmy Fallon: http://bit.ly/1nwT1aN Watch The Tonight Show Starring Jimmy Fallon Weeknights 11:35/10:35c Get more The Tonight Show Starring Jimmy Fallon: https://www.nbc.com/the-tonight-show JIMMY FALLON ON SOCIALFollow Jimmy: http://Twitter.com/JimmyFallonLike Jimmy: https://Facebook.com/JimmyFallonFollow Jimmy: https://www.instagram.com/jimmyfallon/ THE TONIGHT SHOW ON SOCIALFollow The Tonight Show: http://Twitter.com/FallonTonightLike The Tonight Show: https://Facebook.com/FallonTonightFollow The Tonight Show: https://www.instagram.com/fallontonight/Tonight Show Tumblr: http://fallontonight.tumblr.com The Tonight Show Starring Jimmy Fallon features hilarious highlights from the show, including comedy sketches, music parodies, celebrity interviews, ridiculous games, and, of course, Jimmy's Thank You Notes and hashtags! You'll also find behind the scenes videos and other great web exclusives. GET MORE NBCNBC YouTube: http://bit.ly/1dM1qBHLike NBC: http://Facebook.com/NBCFollow NBC: http://Twitter.com/NBCNBC Instagram: http://instagram.com/nbcNBC Tumblr: http://nbctv.tumblr.com/ Will It Fit? with BTS | The Tonight Show Starring Jimmy Fallon http://www.youtube.com/fallontonight#FallonTonight#BTS#JimmyFallon",Comedy,US,0.16463790232645786
dnpC9YaosIY,BTS: Butter | The Tonight Show Starring Jimmy Fallon,2021-07-15T04:30:09Z,UC8-Th83bH_thdKZDJCrn88g,The Tonight Show Starring Jimmy Fallon,23,2021-07-16T00:00:00Z,Tonight Show|Jimmy Fallon|BTS|Butter|NBC|NBC TV|Television|Funny|Talk Show|comedic|humor|snl|tonight|show|jokes|funny video|interview|variety|comedy sketches|talent|celebrities|video|clip|highlight|BTS on Fallon|Bangtan Boys|Bangtan|K Pop|Kpop|music|Korean Pop|J-Hope|RM|Jin|Jimin|Jungkook|Suga|boy band|Boy With Luv|Blood Sweat & Tears|Euphoria|IDOL|Make It Right|HOME|Butter Live|Butter on Fallon|BTS Butter,6559047,1035965,4522,38720,https://i.ytimg.com/vi/dnpC9YaosIY/default.jpg,False,False,"Musical guest BTS performs Butter for The Tonight Show.The Tonight Show Starring Jimmy Fallon.  Stream now on Peacock: https://bit.ly/3gZJaNySubscribe NOW to The Tonight Show Starring Jimmy Fallon: http://bit.ly/1nwT1aN Watch The Tonight Show Starring Jimmy Fallon Weeknights 11:35/10:35c Get more The Tonight Show Starring Jimmy Fallon: https://www.nbc.com/the-tonight-show JIMMY FALLON ON SOCIALFollow Jimmy: http://Twitter.com/JimmyFallonLike Jimmy: https://Facebook.com/JimmyFallonFollow Jimmy: https://www.instagram.com/jimmyfallon/ THE TONIGHT SHOW ON SOCIALFollow The Tonight Show: http://Twitter.com/FallonTonightLike The Tonight Show: https://Facebook.com/FallonTonightFollow The Tonight Show: https://www.instagram.com/fallontonight/Tonight Show Tumblr: http://fallontonight.tumblr.com The Tonight Show Starring Jimmy Fallon features hilarious highlights from the show, including comedy sketches, music parodies, celebrity interviews, ridiculous games, and, of course, Jimmy's Thank You Notes and hashtags! You'll also find behind the scenes videos and other great web exclusives. GET MORE NBCNBC YouTube: http://bit.ly/1dM1qBHLike NBC: http://Facebook.com/NBCFollow NBC: http://Twitter.com/NBCNBC Instagram: http://instagram.com/nbcNBC Tumblr: http://nbctv.tumblr.com/ BTS: Butter | The Tonight Show Starring Jimmy Fallonhttp://www.youtube.com/fallontonight#FallonTonight#BTS#JimmyFallon",Comedy,US,0.16384773580674145
lPi7cQGNqcM,BTS: Dynamite,2020-10-03T04:30:09Z,UC8-Th83bH_thdKZDJCrn88g,The Tonight Show Starring Jimmy Fallon,23,2020-10-05T00:00:00Z,The Tonight Show|Jimmy Fallon|NBC|NBC TV|Television|Funny|Talk Show|comedic|humor|snl|tonight|show|jokes|funny video|interview|variety|comedy sketches|talent|celebrities|video|clip|highlight|BTS on Fallon|BTS live|BTS interview|Bangtan Boys|Bangtan|K Pop|Kpop|music|Korean Pop|J-Hope|RM|Jin|Jimin|Jungkook|Suga|boy band|Boy With Luv|Euphoria|Dynamite|ON|Filter|My Time|Stay Gold|Dynamite live|Dynamite BTS|BTS Dynamite|Dynamite lyrics,9439019,1493458,6172,48397,https://i.ytimg.com/vi/lPi7cQGNqcM/default.jpg,False,False,"Musical guest BTS performs Dynamite to cap off their weeklong special on The Tonight Show Starring Jimmy Fallon.The Tonight Show Starring Jimmy Fallon.  Stream now on Peacock: https://bit.ly/3gZJaNySubscribe NOW to The Tonight Show Starring Jimmy Fallon: http://bit.ly/1nwT1aN Watch The Tonight Show Starring Jimmy Fallon Weeknights 11:35/10:35c Get more The Tonight Show Starring Jimmy Fallon: https://www.nbc.com/the-tonight-show JIMMY FALLON ON SOCIALFollow Jimmy: http://Twitter.com/JimmyFallonLike Jimmy: https://Facebook.com/JimmyFallonFollow Jimmy: https://www.instagram.com/jimmyfallon/ THE TONIGHT SHOW ON SOCIALFollow The Tonight Show: http://Twitter.com/FallonTonightLike The Tonight Show: https://Facebook.com/FallonTonightFollow The Tonight Show: https://www.instagram.com/fallontonight/Tonight Show Tumblr: http://fallontonight.tumblr.com The Tonight Show Starring Jimmy Fallon features hilarious highlights from the show, including comedy sketches, music parodies, celebrity interviews, ridiculous games, and, of course, Jimmy's Thank You Notes and hashtags! You'll also find behind the scenes videos and other great web exclusives. GET MORE NBCNBC YouTube: http://bit.ly/1dM1qBHLike NBC: http://Facebook.com/NBCFollow NBC: http://Twitter.com/NBCNBC Instagram: http://instagram.com/nbctvNBC Tumblr: http://nbctv.tumblr.com/ #BTSWEEK PERFORMANCE 5 | The Tonight Show Starring Jimmy Fallonhttp://www.youtube.com/fallontonight#FallonTonight#BTS#JimmyFallon",Comedy,US,0.1633490726101939
GXevNfUAtIs,Jimin: Like Crazy | The Tonight Show Starring Jimmy Fallon,2023-03-25T04:28:10Z,UC8-Th83bH_thdKZDJCrn88g,The Tonight Show Starring Jimmy Fallon,23,2023-03-26T00:00:00Z,The Tonight Show|Jimmy Fallon|NBC|NBC TV|Television|Funny|Talk Show|comedic|humor|snl|tonight|show|jokes|funny video|interview|variety|comedy sketches|talent|celebrities|video|clip|highlight|Bangtan Boys|Bangtan|K Pop|Kpop|music|Korean Pop|J-Hope|RM|Jin|Jimin|Jungkook|Suga|boy band|Boy With Luv|Blood Sweat & Tears|Euphoria|IDOL|Make It Right|HOME|BTS|Jimin performance|Like Crazy|Jimin on Tonight Show|Jimin on Jimmy Fallon|BTS Army,4320299,664841,0,27884,https://i.ytimg.com/vi/GXevNfUAtIs/default.jpg,False,False,"Jimin performs Like Crazy for The Tonight Show.The Tonight Show Starring Jimmy Fallon.  Stream now on Peacock: https://bit.ly/3gZJaNySubscribe NOW to The Tonight Show Starring Jimmy Fallon: https://pck.tv/3d7lcDy Watch The Tonight Show Starring Jimmy Fallon Weeknights 11:35/10:35c Get more The Tonight Show Starring Jimmy Fallon: https://www.nbc.com/the-tonight-show JIMMY FALLON ON SOCIALFollow Jimmy: http://Twitter.com/JimmyFallonLike Jimmy: https://Facebook.com/JimmyFallonFollow Jimmy: https://www.instagram.com/jimmyfallon/ THE TONIGHT SHOW ON SOCIALFollow The Tonight Show: http://Twitter.com/FallonTonightLike The Tonight Show: https://Facebook.com/FallonTonightFollow The Tonight Show: https://www.instagram.com/fallontonight/Tonight Show Tumblr: http://fallontonight.tumblr.com The Tonight Show Starring Jimmy Fallon features hilarious highlights from the show, including comedy sketches, music parodies, celebrity interviews, ridiculous games, and, of course, Jimmy's Thank You Notes and hashtags! You'll also find behind the scenes videos and other great web exclusives. GET MORE NBCNBC YouTube: http://bit.ly/1dM1qBHLike NBC: http://Facebook.com/NBCFollow NBC: http://Twitter.com/NBCNBC Instagram: http://instagram.com/nbcNBC Tumblr: http://nbctv.tumblr.com/ Jimin: Like Crazy | The Tonight Show Starring Jimmy Fallonhttp://www.youtube.com/fallontonight#FallonTonight #Jimin#JimmyFallon",Comedy,US,0.16034191152047578
LdFDAmjfYjo,The friend thats OVERLY hospitable when you're sleeping at their house,2021-08-03T23:12:39Z,UCI1XS_GkLGDOgf8YLaaXNRA,CalebCity,23,2021-08-05T00:00:00Z,[None],856342,130235,280,6859,https://i.ytimg.com/vi/LdFDAmjfYjo/default.jpg,False,False,A portion of this video is sponsored by Google. You can experience these  and more features yourself RIGHT NOW! Thanks again to Google.MusicOddwin - 19,Comedy,US,0.16009257983375802
mxBdortgD0I,Mental breakdown speedrun (12.71 seconds),2021-12-04T17:58:25Z,UCJswRv22oiUgmT1FuFeUekw,I am MoBo,23,2021-12-05T00:00:00Z,discord ban speedrun|discord speedrun|discord ban speedrun meme|knighted speedrun|speedrun funny|speedrun skit|real life speedrun|speedrun any|speedrun beluga|mobo speedrun|mobo tiktok|speedrunners|become king speedrun|speedrun to become king|impress parents speedrun|dream speedrun|stop a war speedrun|escaping death speedrun|make anyone angry speedrun|get any job speedrun|mental breakdown speedrun|rickroll speedrun|speedrun to sadness|knight speedrun,1869279,297763,1797,1184,https://i.ytimg.com/vi/mxBdortgD0I/default.jpg,False,False,Use this tactic to send people's minds into the abyssSubscribe and like for more skits #shortsAll My Links:https://linktr.ee/mobowlSocials:Tiktok: https://www.tiktok.com/@mobotvIG: https://www.instagram.com/mobootv/Discord: https://discord.gg/F7JSJPMcHtGaming YouTube: https://www.youtube.com/mobo1,Comedy,US,0.1599263673320034
8AlihXsl7Rs,I no longer care for sports,2021-05-10T14:41:39Z,UCOsATJw-IZgqGT8MFrHjKGg,Ice Cream Sandwich,23,2021-05-11T00:00:00Z,icecreamsandwich|ice cream sandwich|sports|baseball|football|skiing|running|animation|cartoon,958972,142907,487,9677,https://i.ytimg.com/vi/8AlihXsl7Rs/default.jpg,False,False,"The first 1000 people to use this link will get a free trial of Skillshare Premium Membership: https://skl.sh/icecreamsandwich04211hello how's it going. This cartoon is done and now you are watching it. Isn't that wild? yes. I hope you like this one. It's about the times I played sports. I played basketball, baseball... I am just realizing right now that baseball is called base ball because you run around the bases... wow. I really just didn't know that this whole time. Anyway I also did skiing and track and field. I was bad at everything I did. I also talk about how I'm really bad at golf, but I am kind of thinking listening back to it that you kinda had to be there for that one. I think I've come a long way when it comes to making these videos but oof sometimes I just fall right on my face when it comes to telling stories. But it's all about improvement right? I'll just do better next time :)I find that I am not really big into competitive stuff. Sports being one thing, but video games too. I like more casual games like minecraft. I used to be big into league of legends, but haven't played in years. It was so toxic, so now I just play block game :) and make block house.thanks for watching ❤️ hope you liked it.(new merch is happening so I won't plug what I have now)📱 twitter:https://twitter.com/ICSandwichGuy📷 instagram:https://www.instagram.com/icecreamsandwichguy/DISCLAIMER: Ice Cream Sandwich content is inappropriate for children under 13 years old. For children over 13 years old, parental discretion is advised. Ice Cream Sandwich does not control the comments produced by third-party users. By watching, reading, or otherwise consuming Ice Cream Sandwich content, you agree that (1) you are over the age of 13 years, (2) you agree to abide by Youtube's Terms of Service, and (3) you agree you have read and accept the disclaimer available at https://www.youtube.com/icecreamsandwich/about",Comedy,US,0.15911204915263427
USKD3vPD6ZA,"I Gave My Goldfish $50,000 to Trade Stocks",2022-03-31T23:49:49Z,UCtHaxi4GTYDpJgMSGy7AeSw,Michael Reeves,23,2022-04-02T00:00:00Z,Code|programmer|machine learning|sentiment analysis|python|arduino|computer vision|diy|funny|satire|robinhood|stock market|stocks|options|wallstreetbets|wsb|fish|aquarium,3596123,541082,0,28485,https://i.ytimg.com/vi/USKD3vPD6ZA/default.jpg,False,False,Go to http://Public.com/reeves and you’ll receive a free stock worth up to $300 once you open an account. *This is not investment advice. Offer valid for U.S. residents 18+ and subject to account approval. See Public.com/disclosures/I am not a qualified licensed investment advisor. Nothing in this video constitutes professional and/or financial advice. This video is for entertainment purposes only. Do not do what I did in this video.fredrick fish poster: https://www.pissbaby.store/products/723023-fredrick-vs-wsb-posterfishother places:https://twitter.com/michaelreeveshttps://www.instagram.com/michaelreeves808/songs:Pax - Gee (Disco Remix)Everett Kim Tracks,Comedy,US,0.15838362592158278
dHTJkKMYDCE,I Deepfaked My Videos And Nobody Realised,2021-03-18T20:00:05Z,UCaFUrR3oSxOl5Y9y6tvLTEg,WillNE,23,2021-03-20T00:00:00Z,willne|willne deepfake|I Deepfaked My Videos And Nobody Realised|willne tommyinnit|will ne,987126,149687,786,4445,https://i.ytimg.com/vi/dHTJkKMYDCE/default.jpg,False,False,"i deepfaked my videos and nobody realised... Mr Carlin:  @Ciarán Carlin  Jimbo: @James Marriott  Young King Thomas: @TommyInnit I've nabbed this idea from @CNET, check theirs out here:https://www.youtube.com/watch?v=b-VCzLiyFxcMy Second Channel: https://www.youtube.com/user/willlenneyMy TikTok: https://vm.tiktok.com/XHeVBq/MY REDDIT: https://www.reddit.com/r/WillNE/My Twitter: https://twitter.com/willneMy Facebook: https://www.facebook.com/WillNEYTMy Instagram: https://www.instagram.com/willne",Comedy,GB,0.15614217435261557
Xa4Ge7E-4ZA,I Made A Viral TikTok Song,2020-10-21T18:00:09Z,UCSUf5_EPEfl4zlBKZHkZdmw,Danny Gonzalez,23,2020-10-22T00:00:00Z,danny gonzalez|funny|commentary|comedy|react|reaction|reacting|awful|humor,958259,136192,638,12902,https://i.ytimg.com/vi/Xa4Ge7E-4ZA/default.jpg,False,False,"Thanks to Upstart for sponsoring this video. Go to https://Upstart.com/dannygonzalez, to find out how low your Upstart rate is!Featuring Ned FlamezThanks to Christian for filming https://www.youtube.com/user/PancancakesSong produced by Diamond StyleSupport MeMERCH ► http://dannygonzalez.storeFollow MeINSTAGRAM ► https://www.instagram.com/dannygonzalez/TWITTER ► https://twitter.com/dannygonzalezSECOND CHANNEL ► https://www.youtube.com/c/2Danny2FuriousSPOTIFY ► https://open.spotify.com/artist/6pDkmNhHCLh7YEb3sXceOs?si=8ZpMgF41SoufOS1UZ4vbkgWHY DO I CALL MY FANS GREG?Greg is the strongest family on the internet, we're the fastest growing channel on Youtube, and we make fire content. So, instead of making up some pun using my name and calling my fans that, I decided to use a different name entirely. A name so strong, haters tremble when it is spoken. WE ARE GREG. AND WE ARE TAKING OVER THE INTERNET. And all you have to do to join is hit subscribe and turn on notifications. #dannygonzalez",Comedy,US,0.1555884160754034
h1EmqGSeisg,Old People Got Weird Products - JonTron,2021-04-27T18:30:55Z,UCdJdEguB1F1CiYe7OEi3SBg,JonTronShow,23,2021-04-28T00:00:00Z,jontron|jontronshow|old people|funny|comedy,1650021,231158,1408,24670,https://i.ytimg.com/vi/h1EmqGSeisg/default.jpg,False,False,Get Honey for FREE today ▸ http://joinhoney.com/jontronHoney finds coupons with one click. Thanks to Honey for sponsoring!--Follow JonTron Here:Instagram: http://www.Instagram.com/JonTronShow​Twitter: http://www.Twitter.com/JonTronShow​Business Inquiries:jontron(at)ellifyagency.com--Crew:Jon Jafari - Director/Editor/WriterSergio Torres - Director of Photography/Line Producer/CreativeAndrew Reynoso - Key Grip/CreativeLewis Bown - Editor/WriterMaria Alexandria - Special Effects/MakeupCharlotte Jafari - Production Assistant,Comedy,US,0.15504529942346187
uU0lAxkQ6w0,Getting caught in a stealth game.,2021-07-03T23:11:57Z,UCI1XS_GkLGDOgf8YLaaXNRA,CalebCity,23,2021-07-05T00:00:00Z,[None],1340707,195278,383,11560,https://i.ytimg.com/vi/uU0lAxkQ6w0/default.jpg,False,False,Literally EVERYONE starts catching you.MusicTidiane - MelodicOddwin - 19,Comedy,US,0.1542753189175562
cx74YpzDrqQ,When the writer of a show only focuses on progressing the plot.,2021-01-24T06:56:22Z,UCI1XS_GkLGDOgf8YLaaXNRA,CalebCity,23,2021-01-25T00:00:00Z,[None],1192237,174717,543,9099,https://i.ytimg.com/vi/cx74YpzDrqQ/default.jpg,False,False,Won't say any names.MusicOddwin 19,Comedy,US,0.15417739929225482
_hrwlnzW8rM,Retrieving stolen goods speedrun (11.31 seconds),2022-02-06T18:00:28Z,UCJswRv22oiUgmT1FuFeUekw,I am MoBo,23,2022-02-07T00:00:00Z,discord ban speedrun|discord speedrun|discord ban speedrun meme|knighted speedrun|speedrun funny|speedrun skit|real life speedrun|speedrun any|speedrun beluga|mobo speedrun|mobo tiktok|speedrunners|become king speedrun|dream speedrun|stop a war speedrun|escaping death speedrun|make anyone angry speedrun|rickroll speedrun|becoming a good person speedrun|secret technique trials|summon speedrun|castle speedrun|royalty speedrun|stolen goods speedrun,2401540,367790,0,823,https://i.ytimg.com/vi/_hrwlnzW8rM/default.jpg,False,False,strategy 3 is tested and proven to workSubscribe and like for more skits #shortsAll My Links:https://linktr.ee/mobowlSocials:Tiktok: https://www.tiktok.com/@mobotvIG: https://www.instagram.com/mobootv/Discord: https://discord.gg/F7JSJPMcHtGaming YouTube: https://www.youtube.com/mobo1,Comedy,US,0.15349026041623293
W9Aen8hG20Y,When Our Generation Gets Old and Hears a Throwback Song 5,2020-08-10T22:33:48Z,UCR9NuNwCUIhMOLUQnLN7_WA,Kyle Exum,23,2020-08-12T00:00:00Z,When Our Generation Gets Old and Hears a Throwback Song 5|When Our Generation Gets Old and Hears a Throwback Song|When Our Generation Gets Old and Hears a Throwback Song 3|When Our Generation Gets Old and Hears a Throwback Song 4|Kyle Exum|Exum|Bassthoven|Generation Old|Kyle TikTok|trap 3 little pigs|kyle exum parody songs|starbucks be like|gooba|6ix9ine|blueberry faygo|lil mosey|apple be like|songs|old belt road|mama mode|parents be like|exumseason|tiktokin|kyle,921261,124183,1678,16460,https://i.ytimg.com/vi/W9Aen8hG20Y/default.jpg,False,False,"500,000 Likes and I’ll drop a Part 6!Thanks for Watching! Like, Subscribe and Comment! 1M Likes and I’ll respond to every comment up until the 1M mark2090 Merch:  https://montlaurel.com/products/mont-laurel-x-kyle-exum-collab-t-shirt?_pos=1&_sid=26016b9e4&_ss=rFollow My Social Media:Instagram: http://www.Instagram.com/KyleExumTikTok: Kyle Exum Twitter: http://www.Twitter.com/KyleExumFacebook: http://www.Facebook.com/KyleExumOfficial Apple Music:  https://music.apple.com/us/artist/kyle-exum/956157064Spotify:  https://open.spotify.com/artist/6EYpuJIDJshhN4CHCg43te?si=8ggbOm3rSAuRSwag2MV9iwStream my “Trap 3 Little Pigs” Song: https://fanlink.to/Trap3LittlePigsApple Music:  https://music.apple.com/us/album/trap-3-little-pigs-single/1468734263Spotify: https://open.spotify.com/track/3WoHA0OFlzXofpKnblSFmr?si=QVTzn8XmQ3ipfH1Wpce1JgSoundCloud: http://www.soundcloud.com/kyleexumYou can Buy my Trap 3 Little Pigs Book Here: Trap 3 Little Pigs (Lyrically Accurate Version): https://amzn.to/30qvtzdTrap 3 Little Pigs (Young Readers Version): https://amzn.to/2LGEG2aStream my “The Exum Household” Album: https://fanlink.to/TheExumHouseholdBusiness Email: kyleexum@select.coMerchandise: https://exumerch.com/———————————————————————————For anyone looking to start your own YouTube channel, here’s the equipment I use to make my videos:Camera: https://amzn.to/2szlclaLighting Set-Up: https://amzn.to/2W5KgxSTripod: https://amzn.to/2RXftnnComputer: https://amzn.to/2RWuDJSMicrophone (For Parodies & Raps): https://amzn.to/2T5xDkjCamera Microphone: https://amzn.to/2S59u0d",Comedy,US,0.15266357742268477
Il96_Hf4eeU,click this video,2020-11-20T20:01:04Z,UCOsATJw-IZgqGT8MFrHjKGg,Ice Cream Sandwich,23,2020-11-23T00:00:00Z,ice cream sandwich|youtooz|promo|aquire the product or perish,882605,128557,1137,5574,https://i.ytimg.com/vi/Il96_Hf4eeU/default.jpg,False,False,"https://youtooz.com/products/ice-cream-sandwichDROP DAY IS TODAY I try and make my sponsorships/ads as funny as I can so I hope this video could make you laugh even if it's really short. Like I said in the video I'm working on another video right now as we speak. It will be done in a couple weeks for sure. It's one I wanted to do for a while because it has some of the more interesting stories in it.Check out my shorts channel in the mean time. I think I might even upload something there later today. Or maybe I'll play minecraft. Anything is possible.https://www.youtube.com/channel/UC6KVHFHpCwujbw2TfKnQ3uQhave a good one ❤️DISCLAIMER: Ice Cream Sandwich content is inappropriate for children under 13 years old. For children over 13 years old, parental discretion is advised. Ice Cream Sandwich does not control the comments produced by third-party users. By watching, reading, or otherwise consuming Ice Cream Sandwich content, you agree that (1) you are over the age of 13 years, (2) you agree to abide by Youtube's Terms of Service, and (3) you agree you have read and accept the disclaimer available at https://www.youtube.com/icecreamsandwich/about",Comedy,US,0.15197172007863088
w_6HHWCdl7w,Can I Ruin Someone’s Life With A Free Car?,2021-06-30T18:00:30Z,UCSUf5_EPEfl4zlBKZHkZdmw,Danny Gonzalez,23,2021-07-02T00:00:00Z,danny gonzalez|funny|commentary|comedy|react|reaction|reacting|awful|humor,1309277,184804,671,13523,https://i.ytimg.com/vi/w_6HHWCdl7w/default.jpg,False,False,"Thanks to Current for sponsoring this video! Head on over to http://current.com/Danny and use my code DANNY for a chance to win $500. youtubers are obsessed with giving away Teslas. and now so am i.shot by Christian Owens https://www.instagram.com/imchristianowens/Current Giveaway terms: https://current.com/sweepstakes/dannygonzalez/Support MeMERCH ► http://dannygonzalez.storeFollow MeSECOND CHANNEL ► https://www.youtube.com/c/2Danny2FuriousGAMING CHANNEL ► https://www.youtube.com/channel/UC2mQG51F8wu7njF84D-49cAINSTAGRAM ► https://www.instagram.com/dannygonzalez/TWITTER ► https://twitter.com/dannygonzalezTWITCH ► https://twitch.tv/dannygoonzalezSPOTIFY ► https://open.spotify.com/artist/6pDkmNhHCLh7YEb3sXceOs?si=8ZpMgF41SoufOS1UZ4vbkgWHY DO I CALL MY FANS GREG?Greg is the strongest family on the internet, we're the fastest growing channel on Youtube, and we make fire content. So, instead of making up some pun using my name and calling my fans that, I decided to use a different name entirely. A name so strong, haters tremble when it is spoken. WE ARE GREG. AND WE ARE TAKING OVER THE INTERNET. And all you have to do to join is hit subscribe and turn on notifications. #dannygonzalez",Comedy,US,0.1514782586114321
JqOtt7BbNUc,Sneak into a party Speedrun (10.46 seconds),2021-11-20T17:54:00Z,UCJswRv22oiUgmT1FuFeUekw,I am MoBo,23,2021-11-21T00:00:00Z,discord ban speedrun|discord speedrun|discord ban speedrun meme|knighted speedrun|speedrun funny|speedrun skit|real life speedrun|speedrun any|speedrun beluga|mobo speedrun|mobo tiktok|speedrunners|become king speedrun|speedrun to become king|impress parents speedrun|dream speedrun|stop a war speedrun|escaping fate speedrun|escaping death speedrun|death note speedrun|party speedrun|sneak into a party speedrun|sneak into a house speedrun,2002525,301870,1913,1043,https://i.ytimg.com/vi/JqOtt7BbNUc/default.jpg,False,False,lucky king gets to visit AincradSubscribe and like for more skits #shortsAll My Links:https://linktr.ee/mobowlSocials:Tiktok: https://www.tiktok.com/@mobotvIG: https://www.instagram.com/mobootv/Discord: https://discord.gg/F7JSJPMcHtGaming YouTube: https://www.youtube.com/mobo1,Comedy,US,0.15126552727181933
j_azcqt-tuM,BTS: Permission to Dance (TV Debut) | The Tonight Show Starring Jimmy Fallon,2021-07-14T04:30:11Z,UC8-Th83bH_thdKZDJCrn88g,The Tonight Show Starring Jimmy Fallon,23,2021-07-15T00:00:00Z,tonight show|talk|Jimmy Fallon|bts|music performance|permission to dance|NBC|NBC TV|Television|Funny|Talk Show|comedic|humor|snl|tonight|show|jokes|funny video|interview|variety|comedy sketches|talent|celebrities|video|clip|highlight|BTS|Olympics|The Tonight Show|Bangtan Boys|Bangtan|K Pop|Kpop|music|Korean Pop|J-Hope|RM|Jin|Jimin|Jungkook|Suga|boy band|Boy With Luv|Blood Sweat & Tears|Euphoria|IDOL|Make It Right|HOME,7988272,1167627,6483,39799,https://i.ytimg.com/vi/j_azcqt-tuM/default.jpg,False,False,"Musical guest BTS delivers their debut performance of Permission to Dance for The Tonight Show.The Tonight Show Starring Jimmy Fallon.  Stream now on Peacock: https://bit.ly/3gZJaNySubscribe NOW to The Tonight Show Starring Jimmy Fallon: http://bit.ly/1nwT1aN Watch The Tonight Show Starring Jimmy Fallon Weeknights 11:35/10:35c Get more The Tonight Show Starring Jimmy Fallon: https://www.nbc.com/the-tonight-show JIMMY FALLON ON SOCIALFollow Jimmy: http://Twitter.com/JimmyFallonLike Jimmy: https://Facebook.com/JimmyFallonFollow Jimmy: https://www.instagram.com/jimmyfallon/ THE TONIGHT SHOW ON SOCIALFollow The Tonight Show: http://Twitter.com/FallonTonightLike The Tonight Show: https://Facebook.com/FallonTonightFollow The Tonight Show: https://www.instagram.com/fallontonight/Tonight Show Tumblr: http://fallontonight.tumblr.com The Tonight Show Starring Jimmy Fallon features hilarious highlights from the show, including comedy sketches, music parodies, celebrity interviews, ridiculous games, and, of course, Jimmy's Thank You Notes and hashtags! You'll also find behind the scenes videos and other great web exclusives. GET MORE NBCNBC YouTube: http://bit.ly/1dM1qBHLike NBC: http://Facebook.com/NBCFollow NBC: http://Twitter.com/NBCNBC Instagram: http://instagram.com/nbcNBC Tumblr: http://nbctv.tumblr.com/ BTS: Permission to Dance (TV Debut) | The Tonight Show Starring Jimmy Fallonhttp://www.youtube.com/fallontonight#FallonTonight#BTS#JimmyFallon",Comedy,US,0.1511498356590762
86edQauL7J0,Heroes when ANY of their allies are under mind control.,2020-09-06T04:27:54Z,UCI1XS_GkLGDOgf8YLaaXNRA,CalebCity,23,2020-09-07T00:00:00Z,[None],1341406,192150,815,9597,https://i.ytimg.com/vi/86edQauL7J0/default.jpg,False,False,"There is no other conclusion, just hands.Music -King Kaiyo - MelodicOddwin - 19",Comedy,US,0.15039965528706448
gfHTj5P2w6Y,The Truth of Unus Annus,2020-10-31T19:00:12Z,UCIcgBZ9hEJxHv6r_jDYOMqg,Unus Annus,23,2020-11-02T00:00:00Z,unus annus|markiplier|crankgameplays|memento mori|unus annus ending|halloween|halloween sketch|unus annus sketch|end of unus annus|when does unus annus end|unus annus secrets|unus annus code|markiplier sketch|crankgameplays sketch|mark ethan sketch|unus annus coffin|coffin|custom coffin|coffin reveal|unus annus coffin reveal|unus annus suits|the truth of unus annus,1930946,250529,742,38376,https://i.ytimg.com/vi/gfHTj5P2w6Y/default.jpg,False,False,"One year. That was the deal.ᴍᴇʀᴄʜ ➤ http://www.unusannus.comᴜɴᴜs ➣ http://www.youtube.com/crankgameplaysᴀɴɴᴜs ➢ http://www.youtube.com/markiplierᴛᴡɪᴛᴛᴇʀ ► http://www.twitter.com/unusannusɪɴsᴛᴀɢʀᴀᴍ ► http://www.instagram.com/unusannusʀᴇᴅᴅɪᴛ ► http://www.reddit.com/r/unusannusᴛᴜᴍʙʟʀ ► https://unusannus.tumblr.com/Edited by ► https://www.youtube.com/markiplierThis channel, along with every video that has or will ever be uploaded on this channel, will be deleted after our year has ended. This is inevitable. Inescapable. Irreversible.Do not archive or re-upload anything. This is our last wish. Our parting gift. Stay true to the purpose of our final year or we shall lay down wrath upon those that attempt to escape the end.Memento Mori.Unus Annus.",Comedy,US,0.14961837358476104
Bp-GYzxGmAM,Escaping your fate speedrun (21.13 seconds),2021-11-16T19:02:31Z,UCJswRv22oiUgmT1FuFeUekw,I am MoBo,23,2021-11-17T00:00:00Z,discord ban speedrun|discord speedrun|discord ban speedrun meme|knighted speedrun|speedrun funny|speedrun skit|real life speedrun|speedrun any|speedrun beluga|mobo speedrun|mobo tiktok|speedrunners|become king speedrun|speedrun to become king|impress parents speedrun|dream speedrun|stop a war speedrun|escaping fate speedrun|escaping destiny speedrun|change destiny speedrun|escaping death speedrun|death note speedrun|grim reaper speedrun,1472229,218665,1824,1060,https://i.ytimg.com/vi/Bp-GYzxGmAM/default.jpg,False,False,and from here on you shall call me KiraSubscribe and like for more skits #shortsAll My Links:https://linktr.ee/mobowlSocials:Tiktok: https://www.tiktok.com/@mobotvIG: https://www.instagram.com/mobootv/Discord: https://discord.gg/F7JSJPMcHtGaming YouTube: https://www.youtube.com/mobo1,Comedy,US,0.149246482714306
Ofu0I4jshY4,How the main character develops in 90% of shows.,2021-08-29T19:28:48Z,UCI1XS_GkLGDOgf8YLaaXNRA,CalebCity,23,2021-08-31T00:00:00Z,[None],990416,140391,292,7253,https://i.ytimg.com/vi/Ofu0I4jshY4/default.jpg,False,False,"This usually takes a contrary, but with this special training you're gonna do it in 3 daysMusicOddwin - 19Tidiane - Melodic",Comedy,US,0.14907271288024426
t6fIp7mMJ90,what happened.,2022-10-04T00:30:15Z,UCpi8TJfiA4lKGkaXs__YdBA,The Try Guys,23,2022-10-04T00:00:00Z,try guys|keith|ned|zach|eugene|habersberger|fulmer|kornfeld|yang|buzzfeedvideo|buzzfeed|ariel|ned & ariel|comedy|education|funny|try|learn|fail|experiment|test|tryceratops,4155591,575041,0,39646,https://i.ytimg.com/vi/t6fIp7mMJ90/default.jpg,False,False,,Comedy,US,0.14791806989667655
6QzMbiPgYOg,Jung Kook: Standing Next to You | The Tonight Show Starring Jimmy Fallon,2023-11-07T05:28:44Z,UC8-Th83bH_thdKZDJCrn88g,The Tonight Show Starring Jimmy Fallon,23,2023-11-08T00:00:00Z,tonight show|jimmy fallon|NBC|NBC TV|Television|Funny|Talk Show|comedic|humor|snl|tonight|show|jokes|funny video|interview|variety|comedy sketches|talent|celebrities|video|clip|highlight|Bangtan Boys|Bangtan|K Pop|Kpop|music|Korean Pop|J-Hope|RM|Jin|Jimin|Jungkook|Suga|boy band|Boy With Luv|Blood Sweat & Tears|Euphoria|IDOL|Make It Right|HOME|Musical guest|Jung Kook|performs|Standing Next to You|BTS,2718403,384621,0,16345,https://i.ytimg.com/vi/6QzMbiPgYOg/default.jpg,False,False,"Musical guest Jung Kook performs Standing Next to You for The Tonight Show.The Tonight Show Starring Jimmy Fallon.  Stream now on Peacock: https://bit.ly/3gZJaNySubscribe NOW to The Tonight Show Starring Jimmy Fallon: http://bit.ly/1nwT1aN Watch The Tonight Show Starring Jimmy Fallon Weeknights 11:35ET/10:35c Get more The Tonight Show Starring Jimmy Fallon: https://www.nbc.com/the-tonight-show JIMMY FALLON ON SOCIALFollow Jimmy: http://Twitter.com/JimmyFallonLike Jimmy: https://Facebook.com/JimmyFallonFollow Jimmy: https://www.instagram.com/jimmyfallon/Follow Jimmy on TikTok: https://www.tiktok.com/@jimmyfallonTHE TONIGHT SHOW ON SOCIALFollow The Tonight Show: http://Twitter.com/FallonTonightLike The Tonight Show: https://Facebook.com/FallonTonightFollow The Tonight Show: https://www.instagram.com/fallontonight/The Tonight Show TikTok: https://www.tiktok.com/@fallontonightTonight Show Tumblr: http://fallontonight.tumblr.com The Tonight Show Starring Jimmy Fallon features hilarious highlights from the show, including comedy sketches, music parodies, celebrity interviews, ridiculous games, and, of course, Jimmy's Thank You Notes and hashtags! You'll also find behind the scenes videos and other great web exclusives. GET MORE NBCNBC YouTube: http://bit.ly/1dM1qBHLike NBC: http://Facebook.com/NBCFollow NBC: http://Twitter.com/NBCNBC Instagram: http://instagram.com/nbctvNBC Tumblr: http://nbctv.tumblr.com/ Jung Kook: Standing Next to You | The Tonight Show Starring Jimmy Fallonhttp://www.youtube.com/fallontonight#FallonTonight #JungKook#BTS",Comedy,US,0.14750057294668967
HYhdX2WiRUc,Crypto Dragon #shorts,2022-01-20T01:26:08Z,UChYARX5Yj8CapM-F2Z2vPxA,Adrian Bliss,23,2022-01-21T00:00:00Z,[None],1239851,181004,0,1179,https://i.ytimg.com/vi/HYhdX2WiRUc/default.jpg,False,False,Crypto Dragon #shorts,Comedy,US,0.14693943062513157
2WkDviplN8Y,Villains with TRASH reasons on why they're evil.,2020-11-15T02:12:50Z,UCI1XS_GkLGDOgf8YLaaXNRA,CalebCity,23,2020-11-16T00:00:00Z,[None],1133738,157349,658,9022,https://i.ytimg.com/vi/2WkDviplN8Y/default.jpg,False,False,Villain: I fell on my way in the house from my car and I had food in my hands. This planet will know pain.MusicOddwin - 19King Kaiyo - Melodic,Comedy,US,0.1467455443850343
6_6zwVNn88o,Return Home,2020-10-19T21:52:39Z,UCL_f53ZEJxp8TtlOkHwMV9Q,Jordan B Peterson,27,2020-10-20T00:00:00Z,Jordan Peterson|Jordan B Peterson|psychology|psychoanalysis|Jung|existentialism|family|thankful|toronto|2020|return|mikhaila peterson|mikhaila,1189294,248708,1222,51529,https://i.ytimg.com/vi/6_6zwVNn88o/default.jpg,False,False,I have returned home to Toronto after spending much of the last eighteen months in hospitals. I am hoping that my health has improved to the point where I can start producing original content again. Thank you to all who are watching for your support over the course of this trying time. I hope that you all are coping with the COVID crisis successfully.  Please do not forget to subscribe to the channel to enjoy weekly videos.Other ways to connect:Join the JBP newsletter: https://mailchi.mp/jbpdaily/jbp-weekly-signupWebsite: https://jordanbpeterson.com/Podcast: https://jordanbpeterson.com/podcast/Twitter: https://twitter.com/jordanbpetersonInstagram: https://www.instagram.com/jordan.b.peterson/Facebook: https://www.facebook.com/drjordanpetersonDonations: https://www.jordanbpeterson.com/donateMerchandise: https://teespring.com/stores/jordanbpeterson--- BOOKS ---12 Rules for Life: An Antidote to Chaos: https://jordanbpeterson.com/12-rules-for-life/Maps of Meaning: The Architecture of Belief: https://jordanbpeterson.com/maps-of-meaning/--- PRODUCTS ---Personality Course:  https://jordanbpeterson.com/personalitySelf Authoring Suite: https://selfauthoring.com/Understand Myself personality test: https://understandmyself.com/,Education,GB,0.2524497727223042
Rr1f0nIW5TI,I spent a day with WILBUR SOOT,2022-01-26T23:12:27Z,UCPJHQ5_DLtxZ1gzBvZE99_g,AnthonyPadilla,27,2022-01-28T00:00:00Z,anthony padilla|padilla|anthony|i spent a day with|interview,850859,128864,0,3963,https://i.ytimg.com/vi/Rr1f0nIW5TI/default.jpg,False,False,"I spent a day with Wilbur Soot to learn the truth about being one of the fastest growing Minecrafters and musicians on the Internet. Sponsors ▸Go to http://betterhelp.com/padilla to get 10% off your first month! ▸Visit http://joinhoney.com/PADILLA to get Honey for FREE.🎙THE PODCAST (UNCENSORED)Spotify ▸ https://open.spotify.com/show/5aOLuPenneHbhLh05fmkeu Apple ▸ https://podcasts.apple.com/us/podcast/i-spent-a-day-with/id1550213250 💥NEW YOUTOOZ FIGURE: https://youtooz.com/products/anthony-padilla 🧨HUGE thank you to WILBUR SOOT:▸ WILBUR’S YOUTUBE - https://youtube.com/c/WilburPlays ▸ WILBUR’S INSTAGRAM -  https://instagram.com/wilbursoot/ ▸ WILBUR’S TWITCH - https://www.twitch.tv/wilbursoot 🗯RELATED EPISODES…▸ RANBOO - https://youtu.be/GJwSQDoF-O8 ▸ TUBBO - https://youtu.be/taNI_AVMpSo  ▸ KARL JACOBS - https://youtu.be/WutHmVdsSg8 🎥Crew▸ Creator, Director, Writer, etc. - Anthony Padilla▸ Executive Producer - Alessandra Catanese▸ Producer, Co-writer & Research - Elise Felber▸ Director of Photography/Gaffer - Kathy Sue Holtorf▸ Camera Operator - Matt Faulkner▸ Production Assistant - Cade Huseby▸ Editor - Mike Criscimagna AKA Mork Crispy▸ Assistant Editor - Patrick Horba▸ Post PA / Assistant Editor - Ash Duckworth▸ Sound Editor - Gareth Hird🎵Theme Music Composer - Matt Good AKA The King of Emo 🖼Portrait painted by: Rhianna Robles - https://instagram.com/zerogattsu🦥Slade mascot built by: The Pastel Prince - https://youtube.com/channel/UC7wq2U4FF2NyZD1o_P8QP0g 📺3D animations by: Jacob Dalton - https://twitter.com/jacobdaltonvfx 📢BE ON THE SHOW▸ If you are part of an underrepresented subculture or live a lifestyle you feel is not widely understood and would like to be interviewed by me, email inquiry[at]pressalike.com with your subculture in the title of the email.❗️You dug this deep into the description. You owe it to yourself to subscribe ▶ https://youtube.com/subscription_center?add_user=AnthonyPadilla or get more at http://instagram.com/anthonypadilla & http://twitter.com/anthonypadilla",Education,US,0.1561092966049604
GJwSQDoF-O8,I spent a day with RANBOO,2021-12-31T22:35:52Z,UCPJHQ5_DLtxZ1gzBvZE99_g,AnthonyPadilla,27,2022-01-02T00:00:00Z,anthony padilla|padilla|anthony|i spent a day with|interview,848302,125888,0,4621,https://i.ytimg.com/vi/GJwSQDoF-O8/default.jpg,False,False,"I spent a day with Ranboo to learn the truth about being one the biggest Minecrafters online. Sponsors ▸Go to http://betterhelp.com/padilla to get 10% off your first month! ▸Sign up at http://hbom.ax/spentadaydec to start streaming on your favorite devices.  🎙THE PODCASTSpotify ▸ https://open.spotify.com/show/5aOLuPenneHbhLh05fmkeu Apple ▸ https://podcasts.apple.com/us/podcast/i-spent-a-day-with/id1550213250 💥NEW YOUTOOZ FIGURE: https://youtooz.com/products/anthony-padilla 🧨HUGE thank you to Ranboo:▸ RANBOO TWITCH - https://twitch.tv/ranboolive ▸ RANBOO YOUTUBE - https://youtube.com/c/Ranboo/featured ▸ RANBOO TWITTER - https://twitter.com/Ranboosaysstuff  🗯RELATED EPISODES…▸ DREAM - https://youtu.be/3WAkPJ6654o ▸ TUBBO - https://youtu.be/taNI_AVMpSo ▸ MINECRAFTERS RANBOO, TOMMYINNIT, NIHACHU - https://youtu.be/_9JiBWwW3VE 🎥Crew▸ Creator, Director, Writer, etc. - Anthony Padilla▸ Executive Producer - Alessandra Catanese▸ Producer, Co-writer & Research - Elise Felber▸ Director of Photography/Gaffer - Kathy Sue Holtorf▸ Camera Operator - Moriah Nejadeh▸ Production Assistant - Cade Huseby▸ Editor - Mike “Mork Crispy” Criscimagna▸ Assistant Editor - Patrick Horba▸ Post PA / Assistant Editor - Ash Duckworth▸ Sound Editor - Gareth Hird🎵Theme Music Composer - Matt “The King of Emo” Good🖼Portrait painted by: Rhianna Robles - https://instagram.com/zerogattsu🦥Slade mascot built by: The Pastel Prince - http://instagram.com/theeepastelprince📺3D animations by: Jacob Dalton - https://twitter.com/jacobdaltonvfx📢BE ON THE SHOW▸ If you are part of an underrepresented subculture or live a lifestyle you feel is not widely understood and would like to be interviewed by me, email inquiry[at]pressalike.com with your subculture in the title of the email.❗️You dug this deep into the description. You owe it to yourself to subscribe ▶ https://youtube.com/subscription_center?add_user=AnthonyPadilla or get more at http://instagram.com/anthonypadilla & http://twitter.com/anthonypadilla",Education,US,0.15384733267161932
Ecy1FBdCRbQ,[1299] Unpickable Locks From Stuff Made Here,2021-05-31T16:00:09Z,UCm9K6rby98W8JigLoZOh6FQ,LockPickingLawyer,27,2021-06-01T00:00:00Z,[None],1217351,173951,578,11172,https://i.ytimg.com/vi/Ecy1FBdCRbQ/default.jpg,False,False,http://www.covertinstruments.comStuff Made Here LinksChannel: https://youtube.com/c/StuffMadeHereLock #1: https://youtu.be/_7vPNcnYWQ4Lock #2: https://youtu.be/2A2NY29iQdI,Education,US,0.1520703560435733
dFCbJmgeHmA,The Day the Dinosaurs Died – Minute by Minute,2021-06-15T14:09:03Z,UCsXVk37bltHxD1rDPwtNM8Q,Kurzgesagt – In a Nutshell,27,2021-06-16T00:00:00Z,[None],1405425,195617,758,15344,https://i.ytimg.com/vi/dFCbJmgeHmA/default.jpg,False,False,"DISCOVER ANCIENT WORLDSPeek into the past and learn about dinosaurs and other amazing creatures: https://kgs.link/dinoSources & further reading:https://sites.google.com/view/sourcesdinosaurapocalypse/66 million years ago, maybe on a Tuesday afternoon, life was the same as it had been the day before or a thousand years before or pretty much a million years before. Things were good for our feathered dinosaur buddies. Until a tiny, tiny detail in the sky changed. OUR CHANNELS▀▀▀▀▀▀▀▀▀▀▀▀▀▀▀▀▀▀▀▀▀▀▀▀▀▀German Channel: https://kgs.link/youtubeDE Spanish Channel: https://kgs.link/youtubeES HOW CAN YOU SUPPORT US?▀▀▀▀▀▀▀▀▀▀▀▀▀▀▀▀▀▀▀▀▀▀▀▀▀▀This is how we make our living and it would be a pleasure if you support us!Get Merch designed with ❤ https://kgs.link/shop  Join the Patreon Bird Army 🐧  https://kgs.link/patreon  DISCUSSIONS & SOCIAL MEDIA▀▀▀▀▀▀▀▀▀▀▀▀▀▀▀▀▀▀▀▀▀▀▀▀▀▀Reddit:            https://kgs.link/redditInstagram:     https://kgs.link/instagramTwitter:           https://kgs.link/twitterFacebook:      https://kgs.link/facebookDiscord:          https://kgs.link/discordNewsletter:    https://kgs.link/newsletterOUR VOICE▀▀▀▀▀▀▀▀▀▀▀▀▀▀▀▀▀▀▀▀▀▀▀▀▀▀The Kurzgesagt voice is from Steve Taylor:  https://kgs.link/youtube-voiceOUR MUSIC ♬♪▀▀▀▀▀▀▀▀▀▀▀▀▀▀▀▀▀▀▀▀▀▀▀▀▀▀700+ minutes of Kurzgesagt Soundtracks by Epic Mountain:Spotify:            https://kgs.link/music-spotifySoundcloud:   https://kgs.link/music-soundcloudBandcamp:     https://kgs.link/music-bandcampYoutube:          http://kgs.link/music-youtubeFacebook:       https://kgs.link/music-facebookThe Soundtrack of this video:Soundcloud:   https://bit.ly/3cGoESFBandcamp:     https://bit.ly/2SwqvSUIf you want to help us caption this video, please send subtitles to subtitle@kurzgesagt.orgYou can find info on what subtitle files work on YouTube here:https://support.google.com/youtube/answer/2734698?hl=en-GB&ref_topic=7296214Thank you!🐦🐧🐤 PATREON BIRD ARMY 🐤🐧🐦▀▀▀▀▀▀▀▀▀▀▀▀▀▀▀▀▀▀▀▀▀▀▀▀▀▀Many Thanks to our wonderful Patreons (from http://kgs.link/patreon) who support us every month and made this video possible:Nicolas F. R. A. Prado, Máté Dusik, Patrick Alvarado, ThomasM0120, Aadit Kamat, xathor, Parathan Ramamurthi, Luca Rasche, Xueyang Hu, Escape Into Adventures, Silas dresser, Andrés Rodart, Kevin Cortes, Koichi Tsunoda, Ronaldo Ramos, 빛날해 달, Shawon Ashraf, Paris, Soumen Koley, David Heer, Shayne Scheller, Dominic German, Erik Botsford, Misha Black, Colin Strigenz, Samuel Comeau, Hari, Joshua Shou, Evan Davis, Adam Reed, Lumentus, Logan Hawk, Cornel Dixon, MonkeyKid12, Jessi Miller-Webster, Seth Roberts, Public Domain, Katherine Jean Christmas, Suzanne Barker, Erin Donohue, Rafael Alvarez, Simon Horwell, Abhinav Bairathi, Campbell Melrose-Allen, Jeremy Stephens, Ash Myburgh, Zach Wright, Hannah Murphy, Tekruan, Matthew Zimmerman, César Guadarrama Cantú, Jesse Baker, Jonny Robert Bédard, sieyin, Quenby Joanette, Paulius Budzinskas, James DiLoreto, Marcelo Guimarães, Jodi Manela, Abdullah A, emirhasa, Will Block, Booty_McScooty, Waymond, Gabriel Araujo, Maksut Spahi, Kevin, Pitersonus, Jeremy Lash, Skytelegat, Bernd, Robert Richter, Theo Garnier, Kevin Shepherd, afroctopus, Michael Gentili, Dominik Dito, Isak, Michael Van Wambeke, Tutimon, Daniel D., Tim Brüning, Rory Durrant, Roman Brendel, Garrett Locke, Charles Ahearn, EvilBUrrito955, Jenny Zeng, Puwit Yahom, Andrea Yoszie Majda, Danielle Kelly, Tillmann Peeters, Mayur Ramjee, Punktrees, Takashige Yamamoto, Luke Brickman, Daniel Gamper, Chris, Mein Account_1, William Guardado, Ivo Hlebarov, daelus Lu, Ponky, Enrique Gutierrez, Asaree Thaitrakulpanich, Daniel Emig, Alexander Kazakoff, Cal Stayton, Eduardo Uriguen, nnkken, Rolan Wagener, Dávid Östör, Philippe Durand, Ysbrand Galama, Jacob Siegumfeldt, Pierre, Michael",Education,US,0.15010477257769003
2tdiKTSdE9Y,I promise this story about microwaves is interesting.,2021-05-17T15:00:02Z,UCBa659QWEk1AI4Tg--mrJ2A,Tom Scott,27,2021-05-18T00:00:00Z,tom scott|tomscott,1304187,182760,692,7998,https://i.ytimg.com/vi/2tdiKTSdE9Y/default.jpg,False,False,"I found an article that said The microwave was invented to heat hamsters humanely in 1950s experiments. And I thought, no it wasn't. ...was it?Pull down the description for thorough references and credits.Thanks to James Lovelock for his time! His latest book is Novacene: https://amzn.to/3hmKsWz [that is, of course, an Amazon affiliate link] Filmed safely: https://www.tomscott.com/safe/ - thanks to jabs, PCR tests, isolation and distancing.I did consider whether to do an extended interview with Dr Lovelock, but the Science Museum has already done far better than I ever could:On cyborgs, asteroids and Gaia theory: https://www.youtube.com/watch?v=Fg-3wBBpM_MOn his greatest epiphany: https://www.youtube.com/watch?v=lxYMl4ZBxBkAn extended 90-minute interview from the Lovelock Centenary Conference: https://www.youtube.com/watch?v=MGziItCwDJAREFERENCES:HISTORY OF THE MICROWAVE:I Burrell, in the Independent, 1997: Your money, or the cat gets microwaved: https://www.independent.co.uk/news/your-money-or-the-cat-gets-microwaved-1246775.htmlM Blitz, The Amazing True Story of How the Microwave Was Invented by Accident: https://www.popularmechanics.com/technology/gadgets/a19567/how-the-microwave-was-invented-by-accident/E Schliephake, Ultra-short waves in medicine in Short Wave Craft, Vol. 3, No. 11, March 1933, p. 646  [PDF]: https://worldradiohistory.com/Archive-Short-Wave-Television/30s/SW-TV-1933-03.pdfE Ackerman, A Brief History of the Microwave Oven, IEEE Spectrum: https://spectrum.ieee.org/tech-history/space-age/a-brief-history-of-the-microwave-ovenRadarange photo from Acroterion: https://commons.wikimedia.org/wiki/File:NS_Savannah_microwave_oven_MD8.jpg - image licensed under the Creative Commons Attribution-Share Alike 3.0 Unported license, https://creativecommons.org/licenses/by-sa/3.0/deed.enJames Lovelock in 1962: Photo by Donald Uhrbrock/The LIFE Images Collection via Getty Images/Getty ImagesPAPERS FROM NIMR:A Smith, J Lovelock, A Parkes, 1954: Resuscitation of Hamsters after Supercooling or Partial Crystallization at Body Temperatures Below 0° C.. Nature 173, 1136–1137. https://doi.org/10.1038/1731136a0R K Andjus, J E Lovelock, 1955: Reanimation of rats from body temperatures between 0 and 1° C by microwave diathermy. The Journal of Physiology, 128. https://doi.org10.1113/jphysiol.1955.sp005323. Lovelock, J E, Smith A U, 1959, Heat transfer from and to animals in experimental hypothermia and freezing. Annals of the New York Academy of Sciences, 80: 487-499. https://doi.org/10.1111/j.1749-6632.1959.tb49226.xI'm at https://tomscott.comon Twitter at https://twitter.com/tomscotton Facebook at https://facebook.com/tomscottand on Instagram as tomscottgo",Education,US,0.1462658345774034
DugNc7cLUjU,The Biggest Mystery in All of Music #mystery #singer #shorts,2022-01-24T19:00:04Z,UCRWu77ldqaQboq3JXLd5waQ,Daniel's Wall,27,2022-01-28T00:00:00Z,[None],848527,123236,0,732,https://i.ytimg.com/vi/DugNc7cLUjU/default.jpg,False,False,,Education,GB,0.14609788492293116
qEV9qoup2mQ,Someone Dead Ruined My Life… Again.,2021-09-09T17:30:12Z,UC2C_jShtL725hvbm1arSV9w,CGP Grey,27,2021-09-10T00:00:00Z,cgpgrey|education|hello internet,1053309,142088,745,8939,https://i.ytimg.com/vi/qEV9qoup2mQ/default.jpg,False,False,"Videos like this are only possible with your help, consider becoming a bonnie bee today! https://www.patreon.com/cgpgrey‣ Discuss this video: https://www.reddit.com/r/cgpgrey## Related Videos💖 The Tale of Tiffany 💖https://www.youtube.com/watch?v=9LMr5XTgeyIPhysical Characteristics of The Tiffanys: https://www.youtube.com/watch?v=ZhCAbDeLgTwBrief History of the Royal Family: https://www.youtube.com/watch?v=jNgP6d9HraI## Bonnie BeesBen Delo, Bob Kunz, Bobby, Nevin Spoljaric, Donal Botkin, BN-12, Andrew Bereza, Rebecca Wortham, Richard Jenkins, Marco Arment, Phil Gardner, Martin, Steven Grimm, Colin Millions, emptymachine, George Lin, Jason Lewandowski, Saki Comandao, David Tyler, iulus, Jordan Earls, Nick Fish, Nick Gibson, Tyler Bryant, Xueqi, Oliver Steele, Kermit Norlund, rictic, Alex Simonides, Tim Stumbaugh, Nicholas Welna, Christopher Mutchler, Derek Bonner, Mikko, Orbit_Junkie, Tómas Árni Jónasson, Bear, chrysilis, David Palomares, Drago175, Emil, Esteban Santana Santana, Freddi Hørlyck, John Rogers, Peter Lomax, Rhys Parry, ShiroiYami, Tristan Watts-Willis, Veronica Peshterianu, Dag Viggo Lokøen, John Lee, Maxime Zielony, Elizabeth Keathley, Birdstryke, AUFFRAY Clement## MusicDavid Rees: http://www.davidreesmusic.com",Education,US,0.1433833756286142
cFMkZ1nHcWo,The Fish Tier List,2020-10-05T16:14:41Z,UCHsRtomD4twRf5WVHHk-cMw,TierZoo,27,2020-10-06T00:00:00Z,moray eel|marlin|sailfish|swordfish|bass|northern pike|muskie|seahorse|catfish|sunfish|mola mola|trout|piranha,1352490,178126,717,11737,https://i.ytimg.com/vi/cFMkZ1nHcWo/default.jpg,False,False,"Get access to Nebula AND CuriosityStream by going to https://curiositystream.com/tierzoo/Nebula has ad-free versions of my videos, viewable before they're up on YouTube! Be sure to check out my Original series and Podcast episode there too!Pixel Art: twitter.com/template88VFX: twitter.com/RisunoGGMusic: Flute Salad cover by @LudiGamez https://youtu.be/QlRT2qIGTscSource Footage:Getty ImagesPond5NatureFootage",Education,US,0.14038033552928303
3WAkPJ6654o,I spent a day with DREAM,2021-06-08T19:58:49Z,UCPJHQ5_DLtxZ1gzBvZE99_g,AnthonyPadilla,27,2021-06-10T00:00:00Z,anthony padilla|padilla|anthony|i spent a day with|interview,2437691,314940,3718,20220,https://i.ytimg.com/vi/3WAkPJ6654o/default.jpg,False,False,"I spent a day w/ Dream to learn the truth about being the fastest growing Minecraft creator on the Internet.⭐️SPONSOR ▸ Visit http://joinhoney.com/PADILLA to get Honey for FREE🎙THE PODCASTSpotify ▸ https://open.spotify.com/show/5aOLuPenneHbhLh05fmkeu Apple ▸ https://podcasts.apple.com/us/podcast/i-spent-a-day-with/id1550213250  🧨HUGE thank you to DREAM:▸ DREAM’S YOUTUBE - https://youtube.com/user/DreamTraps▸ DREAM’S INSTAGRAM -  https://instagram.com/dreamwastaken/ ▸ DREAM’S MUSIC - https://open.spotify.com/artist/6LArUyIoMiHmDvvOAsE2cd🗯RELATED EPISODES…▸ MINECRAFTERS (TommyInnit, Ranboo, Nihachu) - https://youtu.be/_9JiBWwW3VE ▸ CORPSE HUSBAND - https://youtu.be/hP6KfYEr1w0  ▸ LEGENDARY YOUTUBERS (PewDiePie, MrBeast, HolaSoyGErman) - https://youtu.be/hfJ4TxTIDKU 🎨DREAM ILLUSTRATIONS/ANIMATION & THUMBNAIL by JESPERISH as part of 44+CASTLE ▸ https://twitter.com/Jesperish▸ https://twitter.com/44castles🎥Crew▸ Creator, Director, Writer, etc. - Anthony Padilla▸ Executive Producer - Alessandra Catanese▸ Production Coordinator, Co-writer & Research - Elise Felber▸ Director of Photography/Gaffer - Zach Zeidman▸ Editor - Mike Criscimagna AKA Mork Crispy▸ Assistant Editor - Patrick Horba▸ Post PA / Assistant Editor - Ash Duckworth▸ Sound Editor - Gareth Hird🎵Theme Music Composer - Matt Good AKA The King of Emo 🖼Portrait painted by: Rhianna Robles - https://instagram.com/zerogattsu📢BE ON THE SHOW▸ If you are part of an underrepresented subculture or live a lifestyle you feel is not widely understood and would like to be interviewed by me, email inquiry[at]pressalike.com with your subculture in the title of the email.❗️You dug this deep into the description. You owe it to yourself to subscribe ▶ https://youtube.com/subscription_center?add_user=AnthonyPadilla or get more at http://instagram.com/anthonypadilla & http://twitter.com/anthonypadilla",Education,US,0.13749076482622286
-1nMlukhtH8,Why You Should Do More Things ALONE! #Shorts,2021-12-28T19:00:00Z,UCT4iTe4eB9aRn2p3jRuGlDA,Josh Otusanya,27,2021-12-30T00:00:00Z,#shorts,1132164,153049,0,1291,https://i.ytimg.com/vi/-1nMlukhtH8/default.jpg,False,False,Watch this video to find out why you should do more things ALONE! #Shorts,Education,US,0.13632300620758123
L-x8DYTOv7w,YouTubers have to declare ads. Why doesn't anyone else?,2021-02-15T16:00:13Z,UCBa659QWEk1AI4Tg--mrJ2A,Tom Scott,27,2021-02-16T00:00:00Z,tom scott|tomscott|advertising|product placement|influencer regulations|influencer law|communications act 2003|fcc|ftc|federal trade commission|federal communications commision|ofcom|competition and markets authority|advertising standard authority,920037,113032,563,7008,https://i.ytimg.com/vi/L-x8DYTOv7w/default.jpg,False,False,"Around the world, there are regulations for influencers. Those regulations make sure that if someone is paid to endorse a product, they have to declare that payment to the people watching. But why does no-one on TV, or film, or anywhere else have to do that?👥👥 CREDITS 👥👥Written and performed by TOM SCOTT https://www.tomscott.com/Script assistant ANDREA MARKSAnimation BILLY CRINION https://twitter.com/BillyCrinion and WILLIAM MARLER https://wmad.co.ukDubbing mixer GRAHAM HAERTHERDoes the Spearmint Lose Its Flavor on the Bedpost Overnight by Rose/Broom/Breuer (1924), arranged for orchestra by BENJAMIN SQUIRES https://www.benjaminsquires.co.uk/Thanks to EVAN EDINGER, JESSICA ENDOYAN, CHRISTINA HERNANDEZ, the TINY SPECK team, and SAM VALIANTFilmed safely: https://www.tomscott.com/safe/© Pad 26 Limited MMXXI📄📄 SOURCES 📄📄💵 PAYMENT AND CONTROLLonnie Donegan changing Spearmint: mentioned in a lot of places, but I can't find a contemporary account.Ray Davies flying: https://twitter.com/thekinks/status/1265203792754212864 and https://www.cbc.ca/radio/undertheinfluence/why-ray-davies-flew-26-000-km-to-save-lola-1.5009086BBC trademark policy: https://www.bbc.co.uk/programmes/articles/5R152hTbVPQdYjn29q5jt4/16-songs-banned-by-the-bbcPitbull and Kodak: https://twitter.com/pitbull/status/16567622829080576Pitbull and Voli: https://voli305vodka.com/ Owned and operated by Armando Christian Perez, aka PitbullGucci on Lil Pump: no quotes, but given the lyrics and video, it's safe to say they didn't have controlYMCA reaction: https://news.google.com/newspapers?nid=1346&dat=19790329&id=M3VRAAAAIBAJ&sjid=uPoDAAAAIBAJ&pg=7192,10172867✔️ YOU HAVE TO DECLARE ITUS Code Title 15: https://www.law.cornell.edu/uscode/text/15Nikkie de Jager, One Dip Makeup Challenge: https://www.youtube.com/watch?v=CA18hTShwpkDisclosures 101 for Social Media Influencers [PDF]: https://www.ftc.gov/system/files/documents/plain-language/1001a-influencer-guide-508_1.pdfAn Influencer’s Guide to making clear that ads are ads [PDF]: https://www.asa.org.uk/uploads/assets/uploaded/3af39c72-76e1-4a59-b2b47e81a034cd1d.pdfThe FTC’s Endorsement Guides: What People Are Asking: https://www.ftc.gov/tips-advice/business-center/guidance/ftcs-endorsement-guides-what-people-are-askingYouTube declaration: https://support.google.com/youtube/answer/154235❌ NO-ONE ELSE HAS TO DECLARE ITMcFlurry: https://adage.com/article/adages/30-rock-mcflurry-scene-paid-placement/134689Snapple: https://www.reuters.com/article/us-30rock-idUSN2833828120071128Branded content pods: https://adage.com/article/media/snl-air-fewer-commercials-season/303697Farrow and Ball: https://www.bournemouthecho.co.uk/news/18014632.saturday-night-live-sketch-features-farrow-ball/Branson cameo: https://www.cinemablend.com/pop/Branson-s-Bond-Cameo-Was-Bought-1558.htmlSuperman's $40,000: https://www.latimes.com/archives/la-xpm-1989-03-08-ca-322-story.htmlBond placement: https://www.bbc.com/culture/article/20151001-does-bonds-product-placement-go-too-farLorraine Kelly's tax bill: https://www.theguardian.com/business/2019/mar/20/lorraine-kelly-theatrical-artist-tax-tribunal-judge-rules🎢 WE'RE GOING TO DISNEY WORLDMoms' conference: https://www.5minutesformom.com/disneysmmoms/SNT viewing figures: https://www.eveningexpress.co.uk/lifestyle/entertainment/saturday-night-takeaway-smashes-ratings-record-after-airing-without-audience/19 years in a row: https://www.chroniclelive.co.uk/news/tv/ant--dec-win-best-17648154Can't find any other example of the castle being covered: https://www.disboards.com/threads/ant-and-dec-tv-show-live-from-magic-kingdom-in-april.3581535/Ofcom on product placement in UK TV: https://www.ofcom.org.uk/tv-radio-and-on-demand/advice-for-consumers/television/product-placement-on-tvOne article on a tabloid web site: https://www.thesun.co.uk/tvandshowbiz/10841854/ant-and-dec-trademark-name/🇺🇸 THE LAND OF THE FREE 🇺🇸FCC, The FCC and Freedom of Speech: https://www.fcc.gov/consumers/guides/fcc-and-freedom-speechUS Bill of Rights: https://www.archives.gov/founding-docs/bill-of-rightsFirst Amendment exceptions: fact-checked by legal experts, but best summarised on Wikipedia: https://en.wikipedia.org/wiki/First_Amendment_to_the_United_States_ConstitutionCommercial speech: https://www.mtsu.edu/first-amendment/article/900/commercial-speechCommunications Act 2003: https://www.legislation.gov.uk/ukpga/2003/21/contentsAnimal Defenders International v United Kingdom: https://hudoc.echr.coe.int/fre?i=001-119244CMA, Social media endorsements: being transparent with your followers: https://www.gov.uk/government/publications/social-media-endorsements-guide-for-influencers/German product placement: https://www.grin.com/document/417399📕 CHAPTERS 📕00:00 Intro00:58 1. Payment and Control05:47 2. You Have To Declare It09:17 3. No-One Else Has To Declare It18:03 4. We're Going To Disney World24:47 5. The Land Of The Free31:15 Outro",Education,US,0.1304730135853232
thOifuHs6eY,Hexagons are the Bestagons,2020-11-03T16:30:11Z,UC2C_jShtL725hvbm1arSV9w,CGP Grey,27,2020-11-04T00:00:00Z,cgpgrey|education|hello internet,1088895,124294,1567,12727,https://i.ytimg.com/vi/thOifuHs6eY/default.jpg,False,False,"‣ Behind the Scenes: https://www.youtube.com/watch?v=4R3N1oeKbE4‣ Hexagons are the Bestagons shirt: https://store.dftba.com/collections/all/products/hexagons-t-shirt‣ Thank you Crowdfunders for making this video possible: https://www.patreon.com/cgpgrey‣ Discuss this video: https://www.reddit.com/r/cgpgrey## Special ThanksProfessor Dave ExplainsLondon MathsDavid Sheard## CrowdfundersSteven Snow, John Buchan, Nevin Spoljaric, Donal Botkin, BN-12 , Ben Delo, Bobby , Chris Chapin, Richard Jenkins, Phil Gardner, Martin, Steven Grimm, سليمان العقل, David F Watson, Colin Millions, Ben Schwab, Saki Comandao, Jason Lewandowski, Marco Arment, Shantanu Raj, rictic , emptymachine , George Lin, Henry Ng, Thunda Plum, Awoo , David Tyler, Fuesu , iulus , Jordan Earls, Joshua Jamison, Nick Fish, Nick Gibson, Tyler Bryant, Oliver Steele, Andrew Bereza, Kermit Norlund, Kevin Costello, Rebecca Wortham, Derek Bonner, Derek Jackson, Mikko , Orbit_Junkie , Ron Bowes, Tómas Árni Jónasson, Bryan McLemore, Kyle Wayman, Alex Simonides, Felix Weis, Melvin Sowah, Christopher Mutchler, Giulio Bontadini, Paul Alom, Ryan Tripicchio, Scot Melville, Julien Dubois, Bear , chrysilis , David Palomares, Emil , Erik Parasiuk, Esteban Santana Santana, Freddi Hørlyck, John Rogers, Leon , Peter Lomax, Rhys Parry, ShiroiYami , Tristan Watts-Willis, Veronica Peshterianu, Dag Viggo Lokøen, John Lee, Maxime Zielony, Elizabeth Keathley, and Nicholas Welna## MusicDavid Rees: http://www.davidreesmusic.com",Education,US,0.12583490602858863
7DKv5H5Frt0,"After ten years, it's time to stop making videos.",2024-01-01T16:00:06Z,UCBa659QWEk1AI4Tg--mrJ2A,Tom Scott,27,2024-01-03T00:00:00Z,tom scott|tomscott,6305300,743923,0,45104,https://i.ytimg.com/vi/7DKv5H5Frt0/default.jpg,False,False,"Find me here: ❓ LATERAL, free weekly podcast: https://lateralcast.com/ https://youtube.com/lateralcast 📰 WEEKLY NEWSLETTER https://www.tomscott.com/newsletter/ 🟥➕ TOM SCOTT PLUS: https://youtube.com/tomscottplus 👥 THE TECHNICAL DIFFICULTIES: https://youtube.com/techdif 🟥 MAIN SITE: https://www.tomscott.com/CREDITSProducer: Cambria Bailey-JonesDirector: Guy LarsenDoP: Jamie MacLeod | https://www.jamiemacleod.co.uk/Stunt Coordinators: Dilwyn Sanderson-Jones; Scott Heffield Drone Team: Lec Park; Andrew Lawrence Pilot: Will Banks Refueller & Ground Co-Ordinator: Gary Wise BTS: Bryn Williams | https://www.brynscamera.com/Editor / Colourist: Jamie MacLeodComposer: Ben Squires | https://www.benjaminsquires.co.uk/Sound Mix: Dan Pugsley | https://www.cassinisound.com/A Penny4 Production | https://www.penny4.co.uk/Special thanks to Abi Hensby and the team at GB Helicopters | https://gbhelicopters.com/Lifted by Benjamin Squires is available on streaming platforms: https://distrokid.com/hyperfollow/benjaminsquires/lifted/MONTAGE VIDEOS IN ORDER OF APPEARANCEhttps://www.youtube.com/watch?v=B98O6LlLT4Yhttps://www.youtube.com/watch?v=FGxKQvdLrnghttps://www.youtube.com/watch?v=IsmjW7-IaSohttps://www.youtube.com/watch?v=mRQt_PMhBXYhttps://www.youtube.com/watch?v=d3WiRunOsWYhttps://www.youtube.com/watch?v=bPTSSHRnnWwhttps://www.youtube.com/watch?v=fzfpExS_wichttps://www.youtube.com/watch?v=S0zMip62o5Ehttps://www.youtube.com/watch?v=UaGTFeibOEkhttps://www.youtube.com/watch?v=tozuzV5YZ7Uhttps://www.youtube.com/watch?v=5te73hfCpuUhttps://www.youtube.com/watch?v=q1oRaUTbk3khttps://www.youtube.com/watch?v=-khe6IY9bTMhttps://www.youtube.com/watch?v=kjQLT5CKEAUhttps://www.youtube.com/watch?v=ZLF7yife8YEhttps://www.youtube.com/watch?v=DpfrGZJyKmohttps://www.youtube.com/watch?v=UWSckm8zTc8https://www.youtube.com/watch?v=4ZX9T0kWb4Yhttps://www.youtube.com/watch?v=iCQEc736GO4https://www.youtube.com/watch?v=DMKcO-T5Y4ohttps://www.youtube.com/watch?v=EN9JzxzDXU0https://www.youtube.com/watch?v=IsWJKyR664shttps://www.youtube.com/watch?v=FO_Ox_dH0M8https://www.youtube.com/watch?v=2h1s6S4kotEhttps://www.youtube.com/watch?v=ef1jPbezKDMhttps://www.youtube.com/watch?v=c8W-auqg024https://www.youtube.com/watch?v=HuGHV0fbBiEhttps://www.youtube.com/watch?v=ELGWbY4xBDshttps://www.youtube.com/watch?v=lLUcOFwZvyYhttps://www.youtube.com/watch?v=6o38C-ultvwhttps://www.youtube.com/watch?v=3fJhTu-0zmohttps://www.youtube.com/watch?v=GFWsYJ0_KMIhttps://www.youtube.com/watch?v=pk9v3m7Slv8https://www.youtube.com/watch?v=CwABJGzifaohttps://www.youtube.com/watch?v=72RxerDwzEohttps://www.youtube.com/watch?v=XQIu5tZ0vbQhttps://www.youtube.com/watch?v=2nQ-rijlX3ohttps://www.youtube.com/watch?v=RYGFczNMAMkhttps://www.youtube.com/watch?v=Trqqn2xPaY0https://www.youtube.com/watch?v=l0fViGU-Snchttps://www.youtube.com/watch?v=TUKQfMFKfjkhttps://www.youtube.com/watch?v=10Y-gWNJ2Swhttps://www.youtube.com/watch?v=0MqtTlzde0ghttps://www.youtube.com/watch?v=gocwRvLhDf8https://www.youtube.com/watch?v=2tdiKTSdE9Yhttps://www.youtube.com/watch?v=ecVHYg4_vZwhttps://www.youtube.com/watch?v=kMLYLcniXIchttps://www.youtube.com/watch?v=G025oxyWv0Ehttps://www.youtube.com/watch?v=xXC6U0NfJg8https://www.youtube.com/watch?v=39nNXdBFQhAhttps://www.youtube.com/watch?v=xym2R6_Qd7chttps://www.youtube.com/watch?v=vxfJbW6KDp4https://www.youtube.com/watch?v=F0JDK_71yDg",Education,US,0.12513710687834045
CYUDZGwUzXE,Why I'm Leaving California,2020-10-09T22:30:00Z,UCV6KDgJskWaEckne5aPA0aQ,Graham Stephan,27,2020-10-11T00:00:00Z,investing|investing for beginners|investing in your 20s|how to invest|how to invest in real estate|how to invest in stocks|stock market investing|stock market investing for beginners|stock options|robinhood|robinhood app|best stock trading app|how to be a millionaire|how to be a millionaire in 3 years|credit score|credit score explained|credit card|credit cards for beginners|passive income|how to build wealth|how to build wealth in your 20s|real estate 101,883119,88840,3032,20221,https://i.ytimg.com/vi/CYUDZGwUzXE/default.jpg,False,False,"It's official - here is why I'm leaving California, where I'm moving to, and what's going to happen next - Thanks for watching! Add me on Instagram: GPStephanENDING SOON: Get 2 FREE STOCKS ON WEBULL WORTH $8+ EACH when you deposit $100 (Valued up to $1600): https://act.webull.com/k/Vowbik9Tm5he/mainJOIN THE WEEKLY MENTORSHIP - https://the-real-estate-agent-academy.teachable.com/p/graham-stephan-mentorship-program/THE NEW PODCAST: https://www.youtube.com/channel/UCMSYZVlQmyG8_2MkIKzg0kwThe YouTube Creator Academy:  Learn EXACTLY how to get your first 1000 subscribers on YouTube, rank videos on the front page of searches, grow your following, and turn that into another income source: https://bit.ly/2STxofv $100 OFF WITH CODE 100OFF My ENTIRE Camera and Recording Equipment: https://www.amazon.com/shop/grahamstephan?listId=2TNWZ7RP1P1EBFor business or one-on-one real estate investing/real estate agent consulting inquiries, you can reach me at GrahamStephanBusiness@gmail.com*Some of the links and other products that appear on this video are from companies which Graham Stephan will earn an affiliate commission or referral bonus. Graham Stephan is part of an affiliate network and receives compensation for sending traffic to partner sites. The content in this video is accurate as of the posting date. Some of the offers mentioned may no longer be available.",Education,US,0.12349524809227296
YIWV5fSaUB8,My channel was deleted... HOW?,2021-07-30T18:30:21Z,UCBNG0osIBAprVcZZ3ic84vw,Jim Browning,27,2021-08-01T00:00:00Z,[None],1127024,125689,625,11575,https://i.ytimg.com/vi/YIWV5fSaUB8/default.jpg,False,False,"It wasn't exactly my finest hour, but it does go to prove that anyone can be scammed if the circumstances are exactly right. There were a few unfortunate incidents just prior to this phishing email and I explain how I was convinced to delete my own YouTube channel.Thank you so much for your continued support through all of this.If you can possibly support me, this is my Patreon link:https://www.patreon.com/JimBrowning(Patrons have extra/unblurred content or special chat events depending on your Patron level)Alternatively, you can buy me a coffee! https://www.buymeacoffee.com/JimBrowningOr, to cut our the middleman I'll happily accept a BitCoin payment: 3McgSrbEJ5BcCGRbqnhcHFiQjuCrjmmUSAMany thanks if you can support me!Catch me on Twitter: https://twitter.com/JimBrowning11 @JimBrowing11Join my Discord server: https://discord.gg/HStGrHkI even have a Subreddit:https://www.reddit.com/r/JimBrowningOfficial/Intro, outro and logo by Pico.Pico's details:https://www.instagram.com/icarotkdOutro music:http://freemusicarchive.org/music/BoxCat_Games/ (Epic Song)Or, to cut our the middleman I'll happily accept a BitCoin payment: 3McgSrbEJ5BcCGRbqnhcHFiQjuCrjmmUSAMany thanks if you can support me!Catch me on Twitter: https://twitter.com/JimBrowning11 @JimBrowing11Join my Discord server: https://discord.gg/HStGrHkI even have a Subreddit:https://www.reddit.com/r/JimBrowningOfficial/Intro, outro and logo by Pico.Pico's details:https://www.instagram.com/icarotkdOutro music:http://freemusicarchive.org/music/BoxCat_Games/ (Epic Song)",Education,US,0.1217933247206803
TfVYxnhuEdU,"I asked an AI for video ideas, and they were actually good",2021-02-22T16:00:07Z,UCBa659QWEk1AI4Tg--mrJ2A,Tom Scott,27,2021-02-24T00:00:00Z,tom scott|tomscott,955213,108641,347,7491,https://i.ytimg.com/vi/TfVYxnhuEdU/default.jpg,False,False,"I didn't expect this to work so well. • Includes text generated by OpenAI's GPT-3 at my request: https://openai.com • Art by Chris Quay: https://www.chrisquay.com/ • Got an idea for a video? https://www.tomscott.com/contact/Filmed safely: https://www.tomscott.com/safe/OpenAI had no control or sign-off on this video, although I agreed to abide by their ethical guidelines and social media policy.Thanks to Eddie the corgi's owner for introducing me to the folks at OpenAI: https://instagram.com/eddie_corgArticles referenced:https://doi.org/10.18653/v1%2F2020.findings-emnlp.301https://artificialintelligence-news.com/2020/10/28/medical-chatbot-openai-gpt3-patient-kill-themselves/https://thenextweb.com/neural/2021/01/19/gpt-3-is-the-worlds-most-powerful-bigotry-generator-what-should-we-do-about-it/New River in Bowes Park image by Nick Cooper on Wikimedia Commons: https://commons.wikimedia.org/wiki/File:New_River_Bowes_Park.jpgLicensed under CC-by 3.0, https://creativecommons.org/licenses/by/3.0/deed.enI'm at https://tomscott.comon Twitter at https://twitter.com/tomscotton Facebook at https://facebook.com/tomscottand on Instagram as tomscottgo",Education,US,0.1215770723388396
1x-i9z617z4,The Business Behind Kurzgesagt,2023-03-28T14:00:05Z,UCsXVk37bltHxD1rDPwtNM8Q,Kurzgesagt – In a Nutshell,27,2023-03-29T00:00:00Z,[None],1346554,155337,0,7940,https://i.ytimg.com/vi/1x-i9z617z4/default.jpg,False,False,"Check out some of our favorite shop products here: https://kgs.link/shop-175. Our shop is not only our most important source of income, but our passion project where we create sciencey products with of lot of love and detail.A more detailed article on how we research our videos:https://medium.com/@Kurzgesagt/how-research-and-factchecking-work-at-kurzgesagt-f5b239188255In 2023, Kurzgesagt has existed for 10 years (which is insanely long in internet years).We are among the largest sciencey channels on Youtube and still a bit of a black box to people.So let us talk about ourselves in three parts: Our backstory, how we finance our work, and the values of Kurzgesagt!OUR CHANNELS▀▀▀▀▀▀▀▀▀▀▀▀▀▀▀▀▀▀▀▀▀▀▀▀▀▀German:        https://kgs.link/youtubeDESpanish:        https://kgs.link/youtubeESFrench:          https://kgs.link/youtubeFRPortuguese:  https://kgs.link/youtubePTArabic:           https://kgs.link/youtubeARHindi:             https://kgs.link/youtubeHIJapanese:     https://kgs.link/youtubeJAKorean:          https://kgs.link/youtubeKOHOW CAN YOU SUPPORT US?▀▀▀▀▀▀▀▀▀▀▀▀▀▀▀▀▀▀▀▀▀▀▀▀▀▀This is how we make our living and it would be a pleasure if you support us!Get Products designed with ❤ https://shop-us.kurzgesagt.org  Join the Patreon Bird Army 🐧  https://kgs.link/patreon  DISCUSSIONS & SOCIAL MEDIA▀▀▀▀▀▀▀▀▀▀▀▀▀▀▀▀▀▀▀▀▀▀▀▀▀▀TikTok:           https://kgs.link/tiktokReddit:            https://kgs.link/redditInstagram:     https://kgs.link/instagramTwitter:           https://kgs.link/twitterFacebook:      https://kgs.link/facebookDiscord:          https://kgs.link/discordNewsletter:    https://kgs.link/newsletterOUR VOICE▀▀▀▀▀▀▀▀▀▀▀▀▀▀▀▀▀▀▀▀▀▀▀▀▀▀The Kurzgesagt voice is from Steve Taylor:  https://kgs.link/youtube-voiceOUR MUSIC ♬♪▀▀▀▀▀▀▀▀▀▀▀▀▀▀▀▀▀▀▀▀▀▀▀▀▀▀700+ minutes of Kurzgesagt Soundtracks by Epic Mountain:Spotify:            https://kgs.link/music-spotifySoundcloud:   https://kgs.link/music-soundcloudBandcamp:     https://kgs.link/music-bandcampYoutube:          https://kgs.link/music-youtubeFacebook:       https://kgs.link/music-facebookThe Soundtrack of this video:Soundcloud: (LINK)Bandcamp: (LINK)If you want to help us caption this video, please send subtitles to subtitle@kurzgesagt.orgYou can find info on what subtitle files work on YouTube here:https://support.google.com/youtube/answer/2734698?hl=en-GB&ref_topic=7296214Thank you!🐦🐧🐤 PATREON BIRD ARMY 🐤🐧🐦▀▀▀▀▀▀▀▀▀▀▀▀▀▀▀▀▀▀▀▀▀▀▀▀▀▀Many Thanks to our wonderful Patreons (from http://kgs.link/patreon) who support us every month and made this video possible:Nithin Krishna, Sanome, Kurt Gödel's story is incomplete!, Fux, Viiruz, Armandas Pranaitis, Ryan Ebbeler, Jack Liu, David Patrick Meents, SomeoneNJ1, Wagner Patriota, Chase Schottler, Der Waldapotheker, Razzadaz, ToastyDragon, Luiz Gustavo França, Tan, Mélanie Despeisse, Pascal Dieter Beuer, Shant Hovhannesian, Lucy  Ash, Phi",Education,US,0.12125544166813956
KdlkRvL7D2k,Lies Our Parents Told Us! FACT or CAP? #shorts #lies,2022-01-01T23:37:59Z,UC9HQXWbt14wTdr_Tzc8ZE0A,"Anthony Youn, MD",27,2022-01-03T00:00:00Z,[None],2058843,243081,0,886,https://i.ytimg.com/vi/KdlkRvL7D2k/default.jpg,False,False,,Education,US,0.11849713649850911
qEfPBt9dU60,What if We Nuke the Moon?,2020-12-15T14:59:51Z,UCsXVk37bltHxD1rDPwtNM8Q,Kurzgesagt – In a Nutshell,27,2020-12-16T00:00:00Z,[None],2572752,280467,1478,20734,https://i.ytimg.com/vi/qEfPBt9dU60/default.jpg,False,False,"Get your Moon Poster and Baby Duck Plushie here:https://shop.kurzgesagt.org/Sources & further reading:https://sites.google.com/view/sources-nukethemoon/What would happen if we were to detonate a very very powerful nuclear weapon on the moon? Would the explosion knock its orbit towards  earth, causing tidal waves and misery? Could the moon be destroyed, showering the earth in a rain of meteoric death? OUR CHANNELS▀▀▀▀▀▀▀▀▀▀▀▀▀▀▀▀▀▀▀▀▀▀▀▀▀▀German Channel: https://kgs.link/youtubeDE Spanish Channel: https://kgs.link/youtubeES HOW CAN YOU SUPPORT US?▀▀▀▀▀▀▀▀▀▀▀▀▀▀▀▀▀▀▀▀▀▀▀▀▀▀This is how we make our living and it would be a pleasure if you support us!Get Merch designed with ❤ from https://kgs.link/shop  Join the Patreon Bird Army 🐧 https://kgs.link/patreon  DISCUSSIONS & SOCIAL MEDIA▀▀▀▀▀▀▀▀▀▀▀▀▀▀▀▀▀▀▀▀▀▀▀▀▀▀Reddit:            https://kgs.link/redditInstagram:     https://kgs.link/instagramTwitter:           https://kgs.link/twitterFacebook:      https://kgs.link/facebookDiscord:          https://kgs.link/discordNewsletter:    https://kgs.link/newsletterOUR VOICE▀▀▀▀▀▀▀▀▀▀▀▀▀▀▀▀▀▀▀▀▀▀▀▀▀▀The Kurzgesagt voice is from Steve Taylor:  https://kgs.link/youtube-voiceOUR MUSIC ♬♪▀▀▀▀▀▀▀▀▀▀▀▀▀▀▀▀▀▀▀▀▀▀▀▀▀▀700+ minutes of Kurzgesagt Soundtracks by Epic Mountain:Spotify:            https://kgs.link/music-spotifySoundcloud:   https://kgs.link/music-soundcloudBandcamp:     https://kgs.link/music-bandcampYoutube:          https://kgs.link/music-youtubeFacebook:       https://kgs.link/music-facebookThe Soundtrack of this video:Soundcloud:   https://bit.ly/34egtsoBandcamp:     https://bit.ly/3moakjs🐦🐧🐤 PATREON BIRD ARMY 🐤🐧🐦▀▀▀▀▀▀▀▀▀▀▀▀▀▀▀▀▀▀▀▀▀▀▀▀▀▀Many Thanks to our wonderful Patreons from http://kgs.link/patreon who support us every month and made this video possible:Hugo Peters, Tadas Patilskis, Robert Peter Carzano Miller, Gary, Eli Dean, Joel Tuckwell, Richard Powers, Peter, Smurphy, Volianer, Zach Voss, Wesley Vaughn, Ben Woods, C.J. Gore, Gáspár Márk Török, Gavin Warnock, Adam Turner, Isela Macias, Tales Escher, Noah Usiatynski, John, Veronika Samková, Heather Fanska, Christian Groß, David Hughes, Konstantin Golosov, Francisco Javier Ahumada Méndez, Ian Fleming, Kuzma, Lina Sereičikaitė, John Sowatsky, Alessandro Sartori, Ryan Anderson, Vladyslav Kushney, Capessergal, Logan Turske, Eugene Chernyshov, Christopher Delaney, Justin Enslin, Ryan Brink, Maalsc, Thomas Li, Omar, Stephanie thomson, Lyam, Spacecam, nengaman, Савенко Николай, Yelonade, DerQuacksalber, everything is learned through PAIN, Carrie Dragoni, Marcos Bello, cody Calhoun, Yori, Katherine E Gould, oscar, Mohamed Adli Bin Dimyati, Andrii Kiryk, Tim, Matthew Willett-Jeffries, Paul Bartos, Daniel Van Patten, Shane O'Brien, Philippe Paget-Bailly, Mohamed Khairat",Education,US,0.11707346841048029
q-mV4wfTMN0,This Bank Accidentally Gave Away £130 Million On Christmas #shorts,2022-01-03T19:28:38Z,UCVrEHNmwOcTM85daIG6PSVg,Andy Jiang,27,2022-01-05T00:00:00Z,[None],1460683,168185,0,1177,https://i.ytimg.com/vi/q-mV4wfTMN0/default.jpg,False,False,,Education,US,0.11594712884315077
lXfEK8G8CUI,How The Immune System ACTUALLY Works – IMMUNE,2021-08-10T13:59:41Z,UCsXVk37bltHxD1rDPwtNM8Q,Kurzgesagt – In a Nutshell,27,2021-08-11T00:00:00Z,[None],2085329,224557,848,17092,https://i.ytimg.com/vi/lXfEK8G8CUI/default.jpg,False,False,"To preorder IMMUNE click here: https://kgs.link/ImmuneBook – Its available in English and German and on amazon it should be available in pretty much all countries too.Sources & further reading:https://sites.google.com/view/sources-immunesystemexplained/The human immune system is the most complex biological system we know, after the human brain, and yet, most of us never learn how it works. Or what it is. Your immune System consists of hundreds of tiny and two large organs, it has its own transport network spread throughout your body. Every day it makes hundreds of billions of fresh cells. It is not some sort of abstract entity. Your immune system is YOU. Your biology protecting you from the billions of microorganisms that want to consume you and from your own perverted cells that turn into cancer. It's so manifold that it is impossible to cover in one video, so we’ll make a series looking at different aspects of it. Today, what happens when your body is invaded and your first lines of defenses are engaged in a fight for life and death?OUR CHANNELS▀▀▀▀▀▀▀▀▀▀▀▀▀▀▀▀▀▀▀▀▀▀▀▀▀▀German Channel: https://kgs.link/youtubeDE Spanish Channel: https://kgs.link/youtubeES HOW CAN YOU SUPPORT US?▀▀▀▀▀▀▀▀▀▀▀▀▀▀▀▀▀▀▀▀▀▀▀▀▀▀This is how we make our living and it would be a pleasure if you support us!Get Merch designed with ❤ https://kgs.link/shop  Join the Patreon Bird Army 🐧  https://kgs.link/patreon  DISCUSSIONS & SOCIAL MEDIA▀▀▀▀▀▀▀▀▀▀▀▀▀▀▀▀▀▀▀▀▀▀▀▀▀▀Reddit:            https://kgs.link/redditInstagram:     https://kgs.link/instagramTwitter:           https://kgs.link/twitterFacebook:      https://kgs.link/facebookDiscord:          https://kgs.link/discordNewsletter:    https://kgs.link/newsletterOUR VOICE▀▀▀▀▀▀▀▀▀▀▀▀▀▀▀▀▀▀▀▀▀▀▀▀▀▀The Kurzgesagt voice is from Steve Taylor:  https://kgs.link/youtube-voiceOUR MUSIC ♬♪▀▀▀▀▀▀▀▀▀▀▀▀▀▀▀▀▀▀▀▀▀▀▀▀▀▀700+ minutes of Kurzgesagt Soundtracks by Epic Mountain:Spotify:            https://kgs.link/music-spotifySoundcloud:   https://kgs.link/music-soundcloudBandcamp:     https://kgs.link/music-bandcampYoutube:          https://kgs.link/music-youtubeFacebook:       https://kgs.link/music-facebookThe Soundtrack of this video:EmergenceSoundcloud: https://bit.ly/3jEvquOBandcamp: https://bit.ly/2X30D2XLifeSoundcloud: https://bit.ly/3CBAybKBandcamp: https://bit.ly/37xr4juIf you want to help us caption this video, please send subtitles to subtitle@kurzgesagt.orgYou can find info on what subtitle files work on YouTube here:https://support.google.com/youtube/answer/2734698?hl=en-GB&ref_topic=7296214Thank you!🐦🐧🐤 PATREON BIRD ARMY 🐤🐧🐦▀▀▀▀▀▀▀▀▀▀▀▀▀▀▀▀▀▀▀▀▀▀▀▀▀▀Many Thanks to our wonderful Patreons (from http://kgs.link/patreon) who support us every month and made this video possible:BBumbrazz, Sir Harry Farr, Abigail von Kelsch, Szabolcs Dombi, Conner Wilson, Enoch, Moody Bastard, Diego Marcheselli, Paxton LaRiviere, Richard Hagen, Robin Harn, Izzy Crow, Kristy Evangelista, Michael Baker, Tuna The Fish, @charlievankamp, Calvin Black, Justin Fisher, Jan Hübler, Anshul Choudhry, garshtoshteles, Mark Moses, Mau Magaña, seasar2000, Toda, newline, Matt, schubadu, Slumperd, Cracker, Josh Carpenter, Benedikt S., Jeti, Kevin Williams, Enrique Mejia, Juan Carlos Coto Sanchez, Paulmega, Jasmeet Singh, Austin Daily, Andrew Bourgeois, Andrew Dawson, Fin Brewin, Graesha Lizardo, Hagen, Diogo Moreno, Madeline McKinnon, akshay niranjan, The Entity, sontino catalano, Aubrey Temple, Terone, Oleksandr Bolgarov, Jacob Bell, Kyle Harmse, Henry Angulo, Luka Dulčić, mors741, Billyboots75, Joe Bedell, Merasmus 2.0, jimmy davies, PBYuki-Onna, Billy Z Duke",Education,US,0.11588051573636582
cO0SW7FJbp8,Are RAW EGGS Really Safe in Japan? #Shorts,2021-11-23T15:00:31Z,UCn7DCb9ttrcw9h3vh9dfnVw,Let's ask Shogo -Your Japanese friend in Kyoto,27,2021-11-26T00:00:00Z,lets ask shogo your japanese friend in kyoto|n7DCb9ttrcw9h3vh9dfnVw|UCn7DCb9ttrcw9h3vh9dfnVw|japan|japanese|kyoto|history|culture|raw egg,1019602,116099,1419,1188,https://i.ytimg.com/vi/cO0SW7FJbp8/default.jpg,False,False,"In many countries, people don't eat their eggs raw because there is a high chance that the eggs are contaminated with salmonella, which can cause food poisoning.In Japan, however, there is a culture in which not only eggs but various other foods are eaten raw (such as sushi/sashimi). In order to protect this food culture, there is a world-class hygiene management system in place.First of all, from the stage of hatching, the chicks are fed only highly safe diets specified by law. Next, eggs are washed, inspected, and sorted following strict quality standards before being packaged in containers with little or no human contact and sold in stores under complete hygiene control. Without this multi-step process, eggs in Japan cannot make it on the store shelves.I myself grew up eating my favorite “raw egg on rice” almost everyday since I was a child, but I have never had any food poisoning before. Japanese eggs also have a best-before date and it is dangerous to eat them raw if they are past that date.▼Who is Shogo? What is this channel about?▼https://youtu.be/nhEamHfzyyg▼Related videos in this channel▼-Must See for You Who Wants to Visit Japan! 5 Things You DON'T Want to Do When Eating SUSHI in Japan!https://youtu.be/yHcQQaaNJXk-Tutorial on How to Hold/Use Them Correctly! 10 Things You Should NEVER Do With Chopsticks in Japan!https://youtu.be/GKeJ8OZV2xU-For a Special Day with Your Loved Ones! A YAKINIKU Restaurant that Provides Top Class Wagyu Beefhttps://youtu.be/y6-kLU3PXG4▼MY DREAM▼https://youtu.be/EgowIV_kagA“To make every Japan lovers’ dream come true, by making Japan a more secure, comfortable, and safer place for everyone to visit, study, and live in”I will be using the profit I gain from this channel at restaurants, hotels, and cultural facilities in Kyoto to introduce them. The more you watch the videos on this channel, Kyoto and Japan will become a more exciting place, and you can support your own and others’ dreams in the future even more.▼Join our Membership▼https://www.youtube.com/channel/UCn7DCb9ttrcw9h3vh9dfnVw/join●Membership benefits-Limited behind-the-scene videoshttps://www.youtube.com/playlist?list=UUMOn7DCb9ttrcw9h3vh9dfnVw-Weekly live stream-Priority reply to commentsEvery single yen we earn from this membership, we will be donating to groups of people who are fighting to solve social problems in Japan, the Japanese schools where foreign students can study, or use it to spread the works of people working with traditional culture in Japan to preserve the arts they are doing.▼[Sub-channel] “Shogo’s Podcast”▼https://www.youtube.com/channel/UCZAe1VayWxp5NLO4Net78DAPlease subscribe!!The perfect channel to learn about Japanese culture and history in your spare time, during your walk to school or work, and when you are cooking or doing house chores.Not only will I be covering the topics in this main channel, but also some topics that you will only be able to enjoy in the sub-channel, like answering questions I receive, and my opinions towards some of the comments.▼[Listen to the real voices of the Japanese] Voices from Japan series▼https://youtube.com/playlist?list=PLpIWoYf9KNFXxLyeQa85jDudDKqkwPg-2▼[For YOU traveling to Kyoto] Kyoto Hidden Gems series▼https://youtube.com/playlist?list=PLpIWoYf9KNFU2YmZtyfKJi9-MCpycAPWy▼Instagram▼https://www.instagram.com/lets_ask_shogo/*Please ask me questions through the DM here!（⚠️I do not use e-mail）▼Shogo’s profile▼Hello everyone, and thank you for watching my videos!I’m Shogo, a Kyoto born & Hiroshima raised Japanese, that grew up in Michigan USA for 6 years, and studied Mandarin in Beijing university for a year! I live in Kyoto now, as I train in Iaido(katana), Sado(tea ceremony), and Noh theatre(traditional stage art).In this channel, you can take a closer look at Japanese traditional culture, tips on traveling to Kyoto, and social problems in Japan. So learners and lovers of Japanese language and culture, be sure to subscribe to enjoy more content!If you enjoyed this video, please hit the LIKE button, and share with your friends and family! My goal is “to achieve 1,000,000 subscribers by January 2023”, so your help would mean a lot!♪Music♪おとわびhttps://otowabi.com/category/material/japanトーマス大森音楽工房https://www.youtube.com/channel/UC5DJL9DiUOXxv2Q1DMZNCUwぽるぽるMusichttps://www.youtube.com/channel/UCZwE4A5omTM9_29vYtoXUNg♪Sound effects♪効果音ラボhttps://soundeffect-lab.info/♪Pictures♪かわいいフリー素材屋 いらすとやhttps://www.irasutoya.com/#raweggsinjapan #namatamago #raweggonrice",Education,GB,0.11503213999187918
fzfpExS_wic,I tried to film a volcano and it was a complete disaster,2021-07-26T15:00:18Z,UCBa659QWEk1AI4Tg--mrJ2A,Tom Scott,27,2021-07-27T00:00:00Z,tom scott|tomscott,840591,92282,782,3484,https://i.ytimg.com/vi/fzfpExS_wic/default.jpg,False,False,"Iceland has a new volcano, Fagradalsfjall: I wanted to visit, to talk about the infrastructure around it, and work out how the country deals with a new and dangerous tourist attraction. It didn't go well.Thanks to Bjorn Steinbekk, who I thoroughly recommend if you need a fixer or drone pilot in Iceland! https://www.steinbekk.com/ He's also the person who flew a drone into the lava: https://www.youtube.com/watch?v=HmGKL19W_UMThe quote is from Sam Hughes' Ra, which is free online. I thoroughly recommend it: https://qntm.org/raFilmed safely: https://www.tomscott.com/safe/I'm at https://tomscott.comon Twitter at https://twitter.com/tomscotton Facebook at https://facebook.com/tomscottand on Instagram as tomscottgo",Education,US,0.11392698708408727
Xvjjpzyiig4,Catching Money Mules ft. Mark Rober,2021-03-18T18:59:34Z,UCBNG0osIBAprVcZZ3ic84vw,Jim Browning,27,2021-03-20T00:00:00Z,[None],889640,93304,284,7736,https://i.ytimg.com/vi/Xvjjpzyiig4/default.jpg,False,False,"#WeAreAllScamBaitersHi folks, this is the long awaited collaboration with Mark Rober!Money mules collect cash on behalf of scammers, keep some for themselves and pass the money on. But who are they and how do the avoid being caught? We find out using Mark's glitter bomb 3.0 and a bit of digging on the scammers' computers.It's even possible to scam them back!Mark Rober's channel: https://www.youtube.com/MarkRoberLink to Mark's version of the video: https://www.youtube.com/watch?v=VrKW58MS12gScammer Payback's channel: https://www.youtube.com/ScammerPaybackLink to Scammer Payback's video: Coming on 20/03/2021If you can possibly support me, this is my Patreon link:https://www.patreon.com/JimBrowning(Patrons have extra/unblurred content or special chat events depending on your Patron level)Or, to cut our the middleman I'll happily accept a BitCoin payment: 3McgSrbEJ5BcCGRbqnhcHFiQjuCrjmmUSAMany thanks if you can support me!Catch me on Twitter: https://twitter.com/JimBrowning11 @JimBrowning11Join my Discord server: https://discord.gg/HStGrHkI even have a Subreddit:https://www.reddit.com/r/JimBrowningOfficial/Intro, outro and logo by Pico.Pico's details:https://www.instagram.com/icarotkdOutro music:http://freemusicarchive.org/music/BoxCat_Games/ (Epic Song)",Education,US,0.11357402994469673
uzkD5SeuwzM,TRUE Limits Of Humanity – The Final Border We Will Never Cross,2021-05-11T14:00:16Z,UCsXVk37bltHxD1rDPwtNM8Q,Kurzgesagt – In a Nutshell,27,2021-05-12T00:00:00Z,[None],2876737,305263,1795,20866,https://i.ytimg.com/vi/uzkD5SeuwzM/default.jpg,False,False,"If you want to support kurzgesagt and get something beautiful in return check our shop:https://bit.ly/3dRJj71Sources & further reading:https://sites.google.com/view/sources-truelimitsofhumanity/The original Limits of Humanity: https://www.youtube.com/watch?v=ZL4yYHdDSWsIs there a border we will never cross? Are there places we will never reach, no matter how hard we try? It turns out, there are. Even with sci-fi technology, we are trapped in a limited pocket of the Universe and the finite stuff within it. How much universe is there for us and how far can we go?OUR CHANNELS▀▀▀▀▀▀▀▀▀▀▀▀▀▀▀▀▀▀▀▀▀▀▀▀▀▀German Channel: https://kgs.link/youtubeDE Spanish Channel: https://kgs.link/youtubeES HOW CAN YOU SUPPORT US?▀▀▀▀▀▀▀▀▀▀▀▀▀▀▀▀▀▀▀▀▀▀▀▀▀▀This is how we make our living and it would be a pleasure if you support us!Get Merch designed with ❤ https://kgs.link/shop  Join the Patreon Bird Army 🐧  https://kgs.link/patreon  DISCUSSIONS & SOCIAL MEDIA▀▀▀▀▀▀▀▀▀▀▀▀▀▀▀▀▀▀▀▀▀▀▀▀▀▀Reddit:            https://kgs.link/redditInstagram:     https://kgs.link/instagramTwitter:           https://kgs.link/twitterFacebook:      https://kgs.link/facebookDiscord:          https://kgs.link/discordNewsletter:    https://kgs.link/newsletterOUR VOICE▀▀▀▀▀▀▀▀▀▀▀▀▀▀▀▀▀▀▀▀▀▀▀▀▀▀The Kurzgesagt voice is from Steve Taylor:  https://kgs.link/youtube-voiceOUR MUSIC ♬♪▀▀▀▀▀▀▀▀▀▀▀▀▀▀▀▀▀▀▀▀▀▀▀▀▀▀700+ minutes of Kurzgesagt Soundtracks by Epic Mountain:Spotify:            https://kgs.link/music-spotifySoundcloud:   https://kgs.link/music-soundcloudBandcamp:     https://kgs.link/music-bandcampYoutube:          http://kgs.link/music-youtube2021Facebook:       https://kgs.link/music-facebookThe Soundtrack of this video:Soundcloud:   https://bit.ly/2RJq6M4Bandcamp:     https://bit.ly/2SFUPdG🐦🐧🐤 PATREON BIRD ARMY 🐤🐧🐦▀▀▀▀▀▀▀▀▀▀▀▀▀▀▀▀▀▀▀▀▀▀▀▀▀▀Many Thanks to our wonderful Patreons (from http://kgs.link/patreon) who support us every month and made this video possible:Denrage, Hugo Novotny, Bombibom, Bryant & Angel, Matthew, Ngoc B Khuong, Zormoe, Caoimhe Gilbert, Brandon James, Adrith Nayak, Zachary Kern, Eric Downes, Marcuss, Anthony Adkins, tomworkshere, Michael Tedder, DeepWaters, Greg Powell, fresh crystal mangos, Finalpenguin 726, Kareto Phase, Vincent Guerra, Michelle Sichting, Martin Hlaváč, Zwackelmann0, RottingMyBrain, meldanor, sprung, Pedro Antunes, supermeme, Guillaume Hellin, Carl Schanz, Drago Draco, Stephen Barker, Rors, Paco Avila, Ro-ni-n, Pol Duran Casademont, Courtney Hill, Sharbel Zarzour, Vicky, Carsten Guhr, Gary Gilbody, Jacob Geeo, Nathan Schroeder, Mark Frelih, Cédric Lothe, Joshua Valji, Thea Ilona, Jonathan Geaney, Arber, Matt Woodham, Dominic Juarez, Nelson Gollop, Дмитрий Киселёв, Adam Ellum, Lucy B, ghostman, dibidave, Dan Morris, lindryd aldar, Alberto Simonazzi, Jakub Kotucha, Hannes Burner, Mike Koss, henrythasler, Ryan McPartlan, Denis Leonte, Kai Fic, Jeremy Krall, Thomas Adamick, Andreas, Richard j, Eroviaa Hunter, PaddyO‘Lantern, Vishrut Joshi, Gwendolyn Jones, Nazar Beknazarov, Eric Rowland, José Castillo Fallas, Eben Alguire, Jesse, Greg Belote, AlphaTaco, Craig, Ryan G. Hornberger, Christien Lomax, SURGE, Ben Udris",Education,US,0.11336768011813385
yiw6_JakZFc,Can YOU Fix Climate Change?,2021-09-22T13:59:24Z,UCsXVk37bltHxD1rDPwtNM8Q,Kurzgesagt – In a Nutshell,27,2021-09-23T00:00:00Z,[None],3065887,315799,6999,31283,https://i.ytimg.com/vi/yiw6_JakZFc/default.jpg,False,False,"This video was supported by Gates Notes, the personal blog of Bill Gates, where he writes about global health, climate change, and more. Check out it out to learn more about ways the world can work together to reach zero greenhouse gas emissions:https://www.gatesnotes.com/Climate-and-energy?WT.mc_id=2021_ClimateCtr2021_CTRKurt-YT_&WT.tsrc=CTRKurtYTTo get some background on how we deal with sponsorships please read this blog post:https://medium.com/@Kurzgesagt/kurzgesagt-sponsorships-on-youtube-3121a45b0fe9Sources & further reading:https://sites.google.com/view/sources-climate-how/Never before in human history have we been richer, more advanced or powerful. And yet we feel overwhelmed in the face of rapid climate change. It seems simple on the surface. Greenhouse gases trap energy from the Sun and transfer it to our atmosphere. This leads to warmer winters, harsher summers. Dry places become drier and wet places wetter. Countless ecosystems will die while the rising oceans swallow coasts and the cities we build on them. So why don’t we just like… prevent all of that? Well, it’s complicated. OUR CHANNELS▀▀▀▀▀▀▀▀▀▀▀▀▀▀▀▀▀▀▀▀▀▀▀▀▀▀German Channel: https://kgs.link/youtubeDE Spanish Channel: https://kgs.link/youtubeES HOW CAN YOU SUPPORT US?▀▀▀▀▀▀▀▀▀▀▀▀▀▀▀▀▀▀▀▀▀▀▀▀▀▀This is how we make our living and it would be a pleasure if you support us!Get Merch designed with ❤ https://kgs.link/shop  Join the Patreon Bird Army 🐧  https://kgs.link/patreon  DISCUSSIONS & SOCIAL MEDIA▀▀▀▀▀▀▀▀▀▀▀▀▀▀▀▀▀▀▀▀▀▀▀▀▀▀Reddit:            https://kgs.link/redditInstagram:     https://kgs.link/instagramTwitter:           https://kgs.link/twitterFacebook:      https://kgs.link/facebookDiscord:          https://kgs.link/discordNewsletter:    https://kgs.link/newsletterOUR VOICE▀▀▀▀▀▀▀▀▀▀▀▀▀▀▀▀▀▀▀▀▀▀▀▀▀▀The Kurzgesagt voice is from Steve Taylor:  https://kgs.link/youtube-voiceOUR MUSIC ♬♪▀▀▀▀▀▀▀▀▀▀▀▀▀▀▀▀▀▀▀▀▀▀▀▀▀▀700+ minutes of Kurzgesagt Soundtracks by Epic Mountain:Spotify:            https://kgs.link/music-spotifySoundcloud:   https://kgs.link/music-soundcloudBandcamp:     https://kgs.link/music-bandcampYoutube:          https://kgs.link/music-youtubeFacebook:       https://kgs.link/music-facebookThe Soundtrack of this video:Nuclear Death Toll:Soundcloud: https://bit.ly/2W2g9fnBandcamp: https://bit.ly/3krkW3nClimate DoomSoundcloud: https://bit.ly/2XQFcmDBandcamp: https://bit.ly/3hWCfrtClimate Change:Soundcloud: https://bit.ly/3o2jdUBBandcamp: https://bit.ly/3lTUSh4If you want to help us caption this video, please send subtitles to subtitle@kurzgesagt.orgYou can find info on what subtitle files work on YouTube here:https://support.google.com/youtube/answer/2734698?hl=en-GB&ref_topic=7296214Thank you!🐦🐧🐤 PATREON BIRD ARMY 🐤🐧🐦▀▀▀▀▀▀▀▀▀▀▀▀▀▀▀▀▀▀▀▀▀▀▀▀▀▀Many Thanks to our wonderful Patreons (from http://kgs.link/patreon) who support us every month and made this video possible:MrXPotato, Pete Stoppani, Kyona Jarrett, Rey, Patsch, eSyr, Csaba Vajai, Phantom Foreskin, Willis Scothorn, William Pyburn, Amdla Chadwick, Nguyễn Thái Minh, Joan Oliveras Torra, Oivind, Juniper, Amallama, Serge-Eric Tremblay, Saul, Doctor Beer, 何智超, Beanslinger2, Friso Sikkema, Guntard, Kim Allen, Bianca Rosner, Vladimir Smykalov, KaTech, Alex, Kenneth Smith, Jason Azarpay, Karin Busby, christina yessaian, TehWeezle, timo, Colin Christopher, DIOMEDES ABCMNXYZ, Greg Schein, Partho P. Das, Olivier Maigniez, Steffan R., Jesse Newsome, Nikolas Anctil, Timothy James Fritz, Matrisku Boldivan, Ethan Hernandez, Ignimbrite Tuff, Dragonisser, Albert Mark, A, Vivek Narsimha Dondeti, Dimitri Averboukh, DJ 0zymandias, Leewyn Jacobs, John Allemang, RoboPhred, meat man, DRHAKE, Yohan Lee, Mecenate, Héctor Díaz, Steven Giallourakis, Dylan Savosnick, jamx2, Ben C, Kevin Finni, Tom Timmerman, ConfettiBoxer, Ivan, Elliot Moore, Nym Moondown, Fredrik Dreyer, LeqKsi, Ruchira Ramachandra, Martin Kristjansen, Bruce Welch, Talon Gutierrez, Alexander de Weese, Christopher Dasenbrock, Alexis White, Gadjiz Goblin, Megs, Kevin Winoto, WernO, Erik O., CyberValkyrie, Chad McHenry, António Lima, Ruth Korwel, Matthew Korwel, Anibal Gomez, Paul Gaffey, Mayank Singh, nate dolan, Beert, Bernadette Eve, jveezy, Frederik Polachowski, Felix the Cat, Surya Avala, Ewan Cassidy, Stefanie Saw, David Hayes, Hayden Christensen, Tealer, Luiz Vieira Pinto Neto, Mykola Ohoiko, Grey_Matter, Tomasz Paź, Joshuah hinojosa, Rob OBrien, Gavin H, Nico Latzel, Berbnote, Klara C.",Education,US,0.11320769486938038
5YtTi9zjZqA,Persuasion Trick To Get NICE THINGS IN LIFE! #Shorts,2021-12-03T19:00:03Z,UCT4iTe4eB9aRn2p3jRuGlDA,Josh Otusanya,27,2021-12-05T00:00:00Z,#shorts,941920,104391,987,867,https://i.ytimg.com/vi/5YtTi9zjZqA/default.jpg,False,False,Watch this video to find out a persuasion trick to get nice things in life! #Shorts,Education,GB,0.11174834380839137
VB_GWz25B3Q,What if the World turned to Gold? - The Gold Apocalypse,2021-03-09T14:59:36Z,UCsXVk37bltHxD1rDPwtNM8Q,Kurzgesagt – In a Nutshell,27,2021-03-10T00:00:00Z,[None],2179122,223100,2559,18748,https://i.ytimg.com/vi/VB_GWz25B3Q/default.jpg,False,False,"The Map of Evolution and other sciency posters, researched and designed with love, are now available on the kurzgesagt shop. Your purchase will support us directly and keep our videos free for everyone. ►► https://shop.kurzgesagt.org(Worldwide Shipping Available)Sources & further reading:https://sites.google.com/view/sources-goldapocalypse/Let us explore the scientific mystery of what would happen to you, if Earth suddenly turned into gold! The “Midaspocalypse”, based on the ancient tale of King Midas who was cursed so everything he touched turned into gold. OUR CHANNELS▀▀▀▀▀▀▀▀▀▀▀▀▀▀▀▀▀▀▀▀▀▀▀▀▀▀German Channel: https://kgs.link/youtubeDE Spanish Channel: https://kgs.link/youtubeES HOW CAN YOU SUPPORT US?▀▀▀▀▀▀▀▀▀▀▀▀▀▀▀▀▀▀▀▀▀▀▀▀▀▀This is how we make our living and it would be a pleasure if you support us!Get Merch designed with ❤ from https://kgs.link/shop  Join the Patreon Bird Army 🐧 https://kgs.link/patreon  DISCUSSIONS & SOCIAL MEDIA▀▀▀▀▀▀▀▀▀▀▀▀▀▀▀▀▀▀▀▀▀▀▀▀▀▀Reddit:            https://kgs.link/redditInstagram:     https://kgs.link/instagramTwitter:           https://kgs.link/twitterFacebook:      https://kgs.link/facebookDiscord:          https://kgs.link/discordNewsletter:    https://kgs.link/newsletterOUR VOICE▀▀▀▀▀▀▀▀▀▀▀▀▀▀▀▀▀▀▀▀▀▀▀▀▀▀The Kurzgesagt voice is from Steve Taylor:  https://kgs.link/youtube-voiceOUR MUSIC ♬♪▀▀▀▀▀▀▀▀▀▀▀▀▀▀▀▀▀▀▀▀▀▀▀▀▀▀700+ minutes of Kurzgesagt Soundtracks by Epic Mountain:Spotify:            https://kgs.link/music-spotifySoundcloud:   https://kgs.link/music-soundcloudBandcamp:     https://kgs.link/music-bandcampYoutube:          https://kgs.link/music-youtubeFacebook:       https://kgs.link/music-facebookThe Soundtrack of this video:Soundcloud:   https://bit.ly/3uC1UdPBandcamp:     https://bit.ly/3rafoeA🐦🐧🐤 PATREON BIRD ARMY 🐤🐧🐦▀▀▀▀▀▀▀▀▀▀▀▀▀▀▀▀▀▀▀▀▀▀▀▀▀▀Many Thanks to our wonderful Patreons from http://kgs.link/patreon who support us every month and made this video possible:Karthik Ramasamy, Vladan Lausevic, Glenn Green, Austin Millan, Wyton Chu, Gintare Petraityte, Cédric Marchal, Stacey Shpaner, Marko Cukovic, Misha Suksnguan, Christina Mansson, yem, Patrick Lathrop, Ben Saward, Igor Shevchenko, Eugen Schiller, Kamran Hassan, SrirachaSeahawk, Andrew Morse, Nick Wharff, Aleksander Lis, Andrew Conner, Linda Massie, R Armstrong, Garrett Krest, Vector-Dopamine math, James McMeeking, tuxlu, Matthew Gunn, Benjamin Lois, Xiaohan Ma, Yu Li, Fernadno, Memo Akten, Wrong_Dongle, วงศกร นันทวิชิต, Jose Mejia, Jacob B., gingerninja, Ondrej Priečinský, Leo MacMitchell, Mehran Ziadloo, Milan Mladoniczky, Jonathan Beranger, Jessie Childers, Joan Zak, Danil, Plinzler, landon, Patrick Jones, Ahmed Sultan, Ethan Holland, Ralitsa Tsoneva, David Lindvall, Bryan Roscoe, Jason aka Kypzethdurron, Christopher R. Collins, Jason Meyer, Patrick Frank, Anne Commons, James Moffatt, Emma Phillips, KoblerMan, Michael Wolfe, Kristian Küng, Morten Berg, Cristian Klein, Athletic Interest, Nomvitch, Team HAM, planloskreativ, Martin Lange",Education,US,0.1109841486617087
LxgMdjyw8uw,We WILL Fix Climate Change!,2022-04-05T13:59:18Z,UCsXVk37bltHxD1rDPwtNM8Q,Kurzgesagt – In a Nutshell,27,2022-04-06T00:00:00Z,[None],2794849,287949,0,20497,https://i.ytimg.com/vi/LxgMdjyw8uw/default.jpg,False,False,"Visit https://brilliant.org/nutshell/ to get started learning STEM for free, and the first 200 people will get 20% off their annual premium subscription.Sources & further reading:https://sites.google.com/view/sources-can-we-fix-climate/Our home is burning. Rapid climate change is destabilizing our world. It seems our emissions will not fall quickly enough to avoid runaway warming and we may soon hit tipping points that will lead to the collapse of ecosystems and our civilization.While scientists, activists and much of the younger generation urge action, it appears most politicians are not committed to do anything meaningful while the fossil fuel industry still works actively against change. It seems humanity can’t overcome its greed and obsession with short term profit and personal gain to save itself. And so for many the future looks grim and hopeless. Young people feel particularly anxious and depressed. Instead of looking ahead to a lifetime of opportunity they wonder if they will even have a future or if they should bring kids into this world. It’s an age of doom and hopelessness and giving up seems the only sensible thing to do. But that’s not true. You are not doomed. Humanity is not doomed.OUR CHANNELS▀▀▀▀▀▀▀▀▀▀▀▀▀▀▀▀▀▀▀▀▀▀▀▀▀▀German Channel: https://kgs.link/youtubeDE Spanish Channel: https://kgs.link/youtubeES HOW CAN YOU SUPPORT US?▀▀▀▀▀▀▀▀▀▀▀▀▀▀▀▀▀▀▀▀▀▀▀▀▀▀This is how we make our living and it would be a pleasure if you support us!Get Merch designed with ❤ https://kgs.link/shop  Join the Patreon Bird Army 🐧  https://kgs.link/patreon  DISCUSSIONS & SOCIAL MEDIA▀▀▀▀▀▀▀▀▀▀▀▀▀▀▀▀▀▀▀▀▀▀▀▀▀▀Reddit:            https://kgs.link/redditInstagram:     https://kgs.link/instagramTwitter:           https://kgs.link/twitterFacebook:      https://kgs.link/facebookDiscord:          https://kgs.link/discordNewsletter:    https://kgs.link/newsletterOUR VOICE▀▀▀▀▀▀▀▀▀▀▀▀▀▀▀▀▀▀▀▀▀▀▀▀▀▀The Kurzgesagt voice is from Steve Taylor:  https://kgs.link/youtube-voiceOUR MUSIC ♬♪▀▀▀▀▀▀▀▀▀▀▀▀▀▀▀▀▀▀▀▀▀▀▀▀▀▀700+ minutes of Kurzgesagt Soundtracks by Epic Mountain:Spotify:            https://kgs.link/music-spotifySoundcloud:   https://kgs.link/music-soundcloudBandcamp:     https://kgs.link/music-bandcampYoutube:          https://kgs.link/music-youtubeFacebook:       https://kgs.link/music-facebookThe Soundtrack of this video:Soundcloud: https://bit.ly/3v0ZGWuBandcamp: https://bit.ly/3r4qF29If you want to help us caption this video, please send subtitles to subtitle@kurzgesagt.orgYou can find info on what subtitle files work on YouTube here:https://support.google.com/youtube/answer/2734698?hl=en-GB&ref_topic=7296214Thank you!🐦🐧🐤 PATREON BIRD ARMY 🐤🐧🐦▀▀▀▀▀▀▀▀▀▀▀▀▀▀▀▀▀▀▀▀▀▀▀▀▀▀Many Thanks to our wonderful Patreons (from http://kgs.link/patreon) who support us every month and made this video possible:Markus Schaidinger, nanowashere x, Nicholas Bales, Alexis St-Laurent, Roberto, Patrick Rathke, ThatTubaGuy, Michael Henry, Colin Stephens, Cy 'kkm' K'Nelson, Renen Adar, Kurt Steinkraus, erikfahr, Neo Architects, Sanne van Herwijnen, Alex Schumacher, Matt Gutberlet, Jose Barrera, Glenn Hall, Steven Dawson, Vengarth, Michael Patton, ggroggs, Gabriele Vissio, Wilee, Bernt Sietsma, Teddy Toussaint, Kisay, Jayce Collins, leandro, Cassandra Riling, Spencer Czapiewski, su4ns3t, Nicha Traipipattanapong, Eigenverse, Mikakohanpepperoni, Bonku BRB, Swagner, David Wagner, Random Dev, Litten, Luke Felix-Rose, Gabriel Steel, Chlorissa Pecha, Anatidae, freakazoid, Ayrton Aquiles Mera Concha, Christoph Stock, Bruce Kneale, ShakyHades ., Alexandre Paques, Sieghard Hillbrecht, Matthieu Heras, Victoria Morgan, Aubrey T, Wyvern, NDRS, Y.Tamino, Dan Walker, Bruce A Johnson, Luke Elasky, VictorHuerta, KeyarK, Patron12, Nail Saberov, Devon Charlton, Sara & Son, Porus, Julija Besciokova, Cathy Wu, Nikita Kozlov, Kira Kuhne, David Noack, Alex Suarez Mendez, DerRobot, Rimuru Tempest, Terell Seitz, Benjamin Duggan, Martyn Warry, John Doe, William Sallembien, Gabriele Quida, Skyler Foster, Ant Corke, Nicolas, Nuttakan Chuntra, Brin, Tactical Bagels, Nathan Zubrzycki, hollowjackals, Joshua Stringham, Anveio, Carla, Ethan Ogiba, Alin Nica, David Richard Bakken, DrummerGeek",Education,US,0.11036231295501117
j5v8D-alAKE,This is why we can't have nice things,2021-03-26T17:01:54Z,UCHnyfMqiRRG1u-2MsSQLbXA,Veritasium,27,2021-03-27T00:00:00Z,veritasium|science|physics,1240395,123475,1032,10894,https://i.ytimg.com/vi/j5v8D-alAKE/default.jpg,False,False,"This video is about stuff: light bulbs, printers, phones and why they aren't better. Go to https://NordVPN.com/veritasium and use code VERITASIUM to get a 2-year plan plus 1 additional month with a huge discount. It’s risk free with Nord’s 30 day money-back guarantee!References:The Man in the White Suit — https://ve42.co/SuitLondon, B. (1932). Ending the depression through planned obsolescence. — https://ve42.co/London32Slade, G. (2009). Made to break: Technology and obsolescence in America. Harvard University Press — https://ve42.co/madetobreakKrajewski, M. (2014). The great lightbulb conspiracy. IEEE spectrum, 51(10), 56-61. — https://ve42.co/PhoebusPlanet Money, The Phoebus Cartel - https://ve42.co/PMobsThe Light Bulb Conspiracy - https://youtu.be/e9xmn228HM0Special thanks to Patreon supporters: Mac Malkawi, Oleksii Leonov, Michael Schneider, Jim Osmun, Tyson McDowell, Ludovic Robillard, jim buckmaster, fanime96, Juan Benet, Ruslan Khroma, Robert Blum, Richard Sundvall, Lee Redden, Vincent, Lyvann Ferrusca, Alfred Wallace, Arjun Chakroborty, Joar Wandborg, Clayton Greenwell, Pindex, Michael Krugman, Cy 'kkm' K'Nelson, Sam Lutfi, Ron NealWritten by Derek Muller and Petr LebedevAnimation by Ivan TelloFilmed by Derek Muller and Raquel NunoEdited by Derek MullerVideo supplied by Getty ImagesMusic by Jonny Hyman and from https://epidemicsound.comAquatic Planet, Rhythm of Dreams, Tread Lightly, Unexpected Visitors, Curved Mirrors Drunken Lullaby Fluorescent LightsThumbnail by Raquel Nuno and Karri Denise",Education,US,0.10832758919537729
wbR-5mHI6bo,"Is It Too Late To Stop Climate Change? Well, it's Complicated.",2020-09-29T14:00:26Z,UCsXVk37bltHxD1rDPwtNM8Q,Kurzgesagt – In a Nutshell,27,2020-09-30T00:00:00Z,Climate change|solve|stop|climate|CO2|greenhouse gas|emission|Carbon Dioxide|Methan|Nitrous Oxide|responsible|solution|fix|China|USA|Germany|Europe|UK|India|Canada|Australia|bushfire|bushfires|Paris Agreement|hot|glaciers|fire|drought|melting|thawing|poles|ice|sea level|Population size|Economic Growth|Energy Intensity|Emissions per Energy|Global Carbon Footprint,2479780,235743,5083,32121,https://i.ytimg.com/vi/wbR-5mHI6bo/default.jpg,False,False,"This video is part of a series about climate change supported by Breakthrough Energy – a coalition founded by Bill Gates, that is working to expand clean-energy investment and support the innovations that will lead the world to net-zero carbon emissions. https://www.gatesnotes.com/Climate-and-energy?WT.mc_id=20200625100000_ClimateCtr2020_CTRKurt-YT_&WT.tsrc=CTRKurtYTAlso a special thanks to the team at Our World for helping us out with data and research!https://ourworldindata.org/Sources & further reading:https://sites.google.com/view/sources-climate-solve/Climate Change is just too much. There is never any good news. Only graphs that get more and more red and angry. Almost every year breaks some horrible record, from the harshest heat waves to the most rapid Glacier melt. It’s endless and relentless. We have known for decades that rapid Climate Change is being caused by the release of Greenhouse Gases. But instead of reducing them, in 2019 the world was emitting 50% more CO2 than in the year 2000. And emissions are still rising. Why is that? Why is it  so hard to just stop emitting these gases?OUR CHANNELS▀▀▀▀▀▀▀▀▀▀▀▀▀▀▀▀▀▀▀▀▀▀▀▀▀▀German Channel: https://kgs.link/youtubeDE Spanish Channel: https://kgs.link/youtubeES HOW CAN YOU SUPPORT US?▀▀▀▀▀▀▀▀▀▀▀▀▀▀▀▀▀▀▀▀▀▀▀▀▀▀This is how we make our living and it would be a pleasure if you support us!Get Merch designed with ❤ from https://kgs.link/shop  Join the Patreon Bird Army 🐧 https://kgs.link/patreon  DISCUSSIONS & SOCIAL MEDIA▀▀▀▀▀▀▀▀▀▀▀▀▀▀▀▀▀▀▀▀▀▀▀▀▀▀Reddit:            https://kgs.link/redditInstagram:     https://kgs.link/instagramTwitter:           https://kgs.link/twitterFacebook:      https://kgs.link/facebookDiscord:          https://kgs.link/discordNewsletter:    https://kgs.link/newsletterOUR VOICE▀▀▀▀▀▀▀▀▀▀▀▀▀▀▀▀▀▀▀▀▀▀▀▀▀▀The Kurzgesagt voice is from Steve Taylor:  https://kgs.link/youtube-voiceOUR MUSIC ♬♪▀▀▀▀▀▀▀▀▀▀▀▀▀▀▀▀▀▀▀▀▀▀▀▀▀▀700+ minutes of Kurzgesagt Soundtracks by Epic Mountain:Spotify:            https://kgs.link/music-spotifySoundcloud:   https://kgs.link/music-soundcloudBandcamp:     https://kgs.link/music-bandcampYoutube:          https://kgs.link/music-youtubeFacebook:       https://kgs.link/music-facebookThe Soundtrack of this video:Soundcloud:   https://bit.ly/347oNcHBandcamp:     https://bit.ly/3cI1hGN🐦🐧🐤 PATREON BIRD ARMY 🐤🐧🐦▀▀▀▀▀▀▀▀▀▀▀▀▀▀▀▀▀▀▀▀▀▀▀▀▀▀Many Thanks to our wonderful Patreons from http://kgs.link/patreon who support us every month and made this video possible:Keanu Vestil, Xavier, Antonio Tavano, Scott James, Camfifty5, Michael, Paul Barth, Christian Puelacher, Katie Barton, Cole Bowden, Andreas Rautner, Sovos, Alejandro Uresti, couchy, Bill Hochberg, John Specht, Lander Verhack, Vlad Mustiață, Oliver Kurtz, Mischa Blazer, Josh Yelavich, Islam Mohamed, Robrecht Cannoodt, Kirsty, Greenleaves, Jayson Lamanca, Nithin Thaha, Tristan Jackson, Even_skjeih, Mo Alawami, Jonas Brandão, Lily McAdams, Alejandro Rodriguez, Isaac Overmyer, Cooper Norton, Biblion, Stephen Zappia, Bodo Nuber, Samhain, Kyle Goff, jota jodra, Marc Bornträger, Filip Leszczyński, Влад Кальченко, NexusValhalla, Aleksandar Zivancevic, Silas Zander, Tijn Flinterman, Shrutika Umralkar, Or Bairey-Sehayek, Terri-Ann dela Cruz, Choltikan Phothong, Collin Carey, Champ, Marcela Oliveira, rbtpzk, Jamie Grall, LAI Oscar, Ralf P., Kuba, Ryan Giles, JoghurtWiesel, Timster Ruu, John Highet, Walmyr Carvalho, Perry Williams, Aldo Vicente, Peter Paj, Vanny Khon, Olga, Theeraphong Gasparini, destroymyarrogance, Martin Pietrowski, Josip Haramija, Champ, Carlos, Davi & Nicholas",Education,US,0.10801925977304438
9LMr5XTgeyI,💖 The Tale of Tiffany 💖,2021-08-09T11:45:13Z,UC2C_jShtL725hvbm1arSV9w,CGP Grey,27,2021-08-10T00:00:00Z,cgpgrey|education|hello internet,859061,87840,686,4400,https://i.ytimg.com/vi/9LMr5XTgeyI/default.jpg,False,False,"‣ Thank you, Bonnie Bees, for making this video possible: https://www.patreon.com/cgpgrey‣ Discuss this video: https://www.reddit.com/r/cgpgrey## Related LinksSHARKS! https://www.youtube.com/watch?v=_8xhdL8BPvUhttps://www.tylervigen.com/spurious-correlations## Special ThanksDr. Richard Coates, Professor Emeritus of Onomastics, Bristol Centre for Linguistics, University of the West of EnglandDr. Gregory Clark, Distinguished Professor of Economics, University of California, Davis## Bonnie BeesBen Delo, Bob Kunz, Bobby, Nevin Spoljaric, Donal Botkin, BN-12, Andrew Bereza, Rebecca Wortham, Richard Jenkins, Marco Arment, Phil Gardner, Martin, Steven Grimm, Colin Millions, emptymachine, George Lin, Jason Lewandowski, Saki Comandao, David Tyler, iulus, Jordan Earls, Nick Fish, Nick Gibson, Tyler Bryant, Xueqi, Oliver Steele, Kermit Norlund, rictic, Alex Simonides, Tim Stumbaugh, Nicholas Welna, Christopher Mutchler, Derek Bonner, Mikko, Orbit_Junkie, Tómas Árni Jónasson, Bear, chrysilis, David Palomares, Drago175, Emil, Esteban Santana Santana, Freddi Hørlyck, John Rogers, Peter Lomax, Rhys Parry, ShiroiYami, Tristan Watts-Willis, Veronica Peshterianu, Dag Viggo Lokøen, John Lee, Maxime Zielony, Elizabeth Keathley, Birdstryke, AUFFRAY Clement## MusicDavid Rees: http://www.davidreesmusic.com",Education,US,0.10737305034217594
2UjIZheOR00,POV: Date With A Lawyer @Law By Mike #Shorts #funny #pov,2022-01-25T21:29:21Z,UCKmmERguliWTynG9OIoDhDw,Law By Mike,27,2022-01-27T00:00:00Z,law|lawyer|laws|hacks|law by mike|lawbymike|lawyer reacts|lawyer tips|legal|repeat after me|repeatafterme|shorts|shorts hot|shorts video|shorts youtube|social media addiction|tips|tips and tricks|tricks|tricky|law by mike tiktok|law school|lawsuit|lawsuit explained|lawsuits and settlements|legal analysis|music|real lawyer|real lawyer reacts|lawyers|reaction|tiktok|tik tok|news|funny|youtube shorts|trending|funny videos|react|memes|mike|pov|point of view,963750,101130,0,1075,https://i.ytimg.com/vi/2UjIZheOR00/default.jpg,False,False,"Make Sure You Don't Make These Mistakes With The Police. Subscribe to  @Law By Mike for more tips! ⚖️ Questions? Issues? Contact Me: https://lawbymike.com📲 OR TEXT 279-529-6453 (279-LAW-MIKE)👾 Join My Discord Community: https://go.lawbymike.com/Chat📸 Instagram: http://go.lawbymike.com/IG▶️ Subscribe To My YouTube: http://go.lawbymike.com/YT🎧 Podcasts: http://go.lawbymike.com/Podcast🎵 TikTok: http://go.lawbymike.com/TikTok#meme #law #lawyer #lawbymike #repeatafterme #tiktok #youtubeshorts #funny #comedy #lawyers #legal #attorney #lawschool #funnymeme #legalDISCLAIMER (Of course, I'd have one 😁)Hey, you might think that this info makes me your lawyer, but it doesn’t and I’m not. Sorry, but I AM NOT YOUR LAWYER unless we have an engagement agreement. I am just providing public information here, like a library does, and am not providing you with legal advice about your situation. So, it would be totally unreasonable for you to conclude we have an attorney-client relationship just because you're viewing this information.",Education,US,0.10604928664072633
iZnLZFRylbs,Why Progress Bars Don't Move Smoothly ▓▓▓░░░░░░,2021-03-01T16:00:12Z,UCBa659QWEk1AI4Tg--mrJ2A,Tom Scott,27,2021-03-02T00:00:00Z,tom scott|tomscott|the basics|computer science,1004695,101715,378,4652,https://i.ytimg.com/vi/iZnLZFRylbs/default.jpg,False,False,"4 minutes remaining. Then 15 seconds. Then 5 hours. Why can't computers just tell you how long something's going to take? • MORE BASICS: https://www.youtube.com/playlist?list=PL96C35uN7xGLLeET0dOWaKHkAlPsrkchaWritten with Sean Elliott https://twitter.com/SeanMElliott/ • Graphics by William Marler https://wmad.co.ukI'm at https://tomscott.comon Twitter at https://twitter.com/tomscotton Facebook at https://facebook.com/tomscottand on Instagram as tomscottgo",Education,US,0.10586994062874802
4TFTWvCfaCM,Are Hermit Crabs OP?,2021-11-16T20:31:27Z,UCHsRtomD4twRf5WVHHk-cMw,TierZoo,27,2021-11-18T00:00:00Z,[None],887641,89107,488,3077,https://i.ytimg.com/vi/4TFTWvCfaCM/default.jpg,False,False,Head to https://teamseas.org/ to donate and help clean up the world's beaches!Video Sources:Getty ImagesPond5ShutterstockSocial Media:https://twitter.com/TierZoohttps://www.tiktok.com/@tierzoohttps://www.instagram.com/thetierzoohttps://www.facebook.com/thetierzooProduction and script-writing assistance: https://twitter.com/GinaGoesOutsideMusic: Gym Leader Theme - Pokemon RubyFlute Salad Cover - Old School Runescape https://youtu.be/QlRT2qIGTscMultiplayer Menu Theme - Call of Duty Black Ops 2,Education,US,0.10385279634446809
Ocbs0KVBQDE,The Music Industry’s Big Secret #abcdefu #marketing #shorts,2021-12-24T16:00:09Z,UCRWu77ldqaQboq3JXLd5waQ,Daniel's Wall,27,2021-12-30T00:00:00Z,[None],5770196,591560,0,1757,https://i.ytimg.com/vi/Ocbs0KVBQDE/default.jpg,False,False,,Education,US,0.10282441012402352
UWSckm8zTc8,Taking The Emergency Exit From A Wind Turbine,2021-05-03T15:00:14Z,UCBa659QWEk1AI4Tg--mrJ2A,Tom Scott,27,2021-05-04T00:00:00Z,tom scott|tomscott,962560,95923,257,2948,https://i.ytimg.com/vi/UWSckm8zTc8/default.jpg,False,False,"Wind turbines have emergency exits, but they might not be for the reason you think. • Thanks to Octopus Energy: https://octopus.energy/octopus-fan-club/ (This video isn't sponsored, but obviously they did let me go up their wind turbine.)Drone camera: Tom FranconeEdited by Michelle Martin (@mrsmmartin)Thanks very much to all the team at Octopus Energy and EWT!Filmed safely: https://www.tomscott.com/safe/I'm at https://tomscott.comon Twitter at https://twitter.com/tomscotton Facebook at https://facebook.com/tomscottand on Instagram as tomscottgo",Education,US,0.10271671376329787
pTn6Ewhb27k,Why no one has measured the speed of light,2020-10-31T12:00:21Z,UCHnyfMqiRRG1u-2MsSQLbXA,Veritasium,27,2020-11-01T00:00:00Z,veritasium|science|physics|speed of light|one-way|einstein|speed|light|time|isotropic|faster|instantaneous,1248963,102628,2739,25400,https://i.ytimg.com/vi/pTn6Ewhb27k/default.jpg,False,False,"Physics students learn the speed of light, c, is the same for all inertial observers but no one has ever actually measured it in one direction. Thanks to Kiwico for sponsoring this video. For 50% off your first month of any crate, go to https://kiwico.com/veritasium50Huge thanks to Destin from Smarter Every Day for always being open and willing to engage in new ideas. If you haven't subscribed already, what are you waiting for: https://ve42.co/SEDFor an overview of the one-way speed of light check out the wiki page: https://ve42.co/wiki1wayThe script was written in consultation with subject matter experts:Prof. Geraint Lewis, University of Sydney https://ve42.co/gflProf. Emeritus Allen Janis, University of PittsburghProf. Clifford M. Will, University of Florida https://ve42.co/cmwThe stuff that's correct is theirs. Any errors are mine.References:Einstein, A. (1905). On the electrodynamics of moving bodies. Annalen der physik, 17(10), 891-921.(English) https://ve42.co/E1905 (German) https://ve42.co/G1905Greaves, E. D., Rodríguez, A. M., & Ruiz-Camacho, J. (2009). A one-way speed of light experiment. American Journal of Physics, 77(10), 894-896. https://ve42.co/Greaves09Response to Greaves et al. paper — https://arxiv.org/abs/0911.3616Finkelstein, J. (2009). One-way speed of light?. arXiv, arXiv-0911.The Philosophy of Space and Time - Reichenbach, H. (2012). Courier Corporation.Anderson, R., Vetharaniam, I., & Stedman, G. E. (1998). Conventionality of synchronisation, gauge dependence and test theories of relativity. Physics reports, 295(3-4), 93-180. https://ve42.co/Anderson98A review article about simultaneity — Janis, Allen, Conventionality of Simultaneity, The Stanford Encyclopedia of Philosophy (Fall 2018 Edition), Edward N. Zalta (ed.) https://ve42.co/janisWill, C. M. (1992). Clock synchronization and isotropy of the one-way speed of light. Physical Review D, 45(2), 403. https://ve42.co/Will92Zhang, Y. Z. (1995). Test theories of special relativity. General Relativity and Gravitation, 27(5), 475-493. https://ve42.co/Zhang95Mansouri, R., & Sexl, R. U. (1977). A test theory of special relativity: I. Simultaneity and clock synchronization. General relativity and Gravitation, 8(7), 497-513. https://ve42.co/SexlResearch and writing by Derek Muller and Petr LebedevAnimations by Ivàn TelloVFX, music, and space animations by Jonny HymanFilmed by Raquel NunoSpecial thanks for reviewing earlier drafts of this video to:Dominic Walliman, Domain of Science: https://ve42.co/DoSHenry Reich, Minutephysics: https://ve42.co/MPMy Patreon supportersAdditional music from https://epidemicsound.com Observations 2",Education,US,0.102507440172367
S7TUe5w6RHo,4.5 Billion Years in 1 Hour,2023-11-10T16:15:06Z,UCsXVk37bltHxD1rDPwtNM8Q,Kurzgesagt – In a Nutshell,27,2023-11-12T00:00:00Z,[None],2306333,221860,0,14196,https://i.ytimg.com/vi/S7TUe5w6RHo/default.jpg,False,False,"Learn more about how complex life evolved with our new, elaborately detailed Timeline of Evolution Poster. Available only on the kurzgesagt shop here: https://shop.kgs.link/timelineSources & further reading: https://sites.google.com/view/sources-timeline/startseite?authuser=2Earth is 4.5 billion years old - which is approximately the same amount of time it took us to create this video.We’ve scaled the complete timeline of our Earth’s life into our first animated movie! Every second shows about a million years of the planet’s evolution. Hop on a musical train ride and experience how long a billion years really is. It’s the perfect background for your next party, a great way to take a break from studying, or a fascinating companion while you’re on the go … and our celebration of 10 years of kurzgesagt.OUR CHANNELS▀▀▀▀▀▀▀▀▀▀▀▀▀▀▀▀▀▀▀▀▀▀▀▀▀▀German:        https://kgs.link/youtubeDESpanish:        https://kgs.link/youtubeESFrench:          https://kgs.link/youtubeFRPortuguese:  https://kgs.link/youtubePTArabic:           https://kgs.link/youtubeARHindi:             https://kgs.link/youtubeHIJapanese:     https://kgs.link/youtubeJAKorean:          https://kgs.link/youtubeKOHOW CAN YOU SUPPORT US?▀▀▀▀▀▀▀▀▀▀▀▀▀▀▀▀▀▀▀▀▀▀▀▀▀▀This is how we make our living and it would be a pleasure if you support us!Get Products designed with ❤ https://shop-us.kurzgesagt.org  Join the Patreon Bird Army 🐧  https://kgs.link/patreon  DISCUSSIONS & SOCIAL MEDIA▀▀▀▀▀▀▀▀▀▀▀▀▀▀▀▀▀▀▀▀▀▀▀▀▀▀TikTok:           https://kgs.link/tiktokReddit:            https://kgs.link/redditInstagram:     https://kgs.link/instagramTwitter:           https://kgs.link/twitterFacebook:      https://kgs.link/facebookDiscord:          https://kgs.link/discordNewsletter:    https://kgs.link/newsletterOUR VOICE▀▀▀▀▀▀▀▀▀▀▀▀▀▀▀▀▀▀▀▀▀▀▀▀▀▀The Kurzgesagt voice is from Steve Taylor:  https://kgs.link/youtube-voiceOUR MUSIC ♬♪▀▀▀▀▀▀▀▀▀▀▀▀▀▀▀▀▀▀▀▀▀▀▀▀▀▀700+ minutes of Kurzgesagt Soundtracks by Epic Mountain:Spotify:            https://kgs.link/music-spotifySoundcloud:   https://kgs.link/music-soundcloudBandcamp:     https://kgs.link/music-bandcampYoutube:          https://bit.ly/49vGl2LFacebook:       https://kgs.link/music-facebookThe Soundtrack of this video:Soundcloud: https://bit.ly/3u6XNdVBandcamp: https://bit.ly/46bxD7iIf you want to help us caption this video, please send subtitles to subtitle@kurzgesagt.orgYou can find info on what subtitle files work on YouTube here:https://support.google.com/youtube/answer/2734698?hl=en-GB&ref_topic=7296214Thank you!🐦🐧🐤 PATREON BIRD ARMY 🐤🐧🐦▀▀▀▀▀▀▀▀▀▀▀▀▀▀▀▀▀▀▀▀▀▀▀▀▀▀Many Thanks to our wonderful Patreons (from http://kgs.link/patreon) who support us every month and made this video possible:robek, Brad Christensen, Asija Newns, Pedro Castro Verdezoto, Lucas Watkins, damien perolle, Fab Cars, alomanola, MikyF2K, Mithilesh Hinge, okor, Lucan, The Gnome, Kyung Geun Kim, Misa Brass, Martin Hippenstiel, Morgan, Anthony Distel, Filip Rogowski, Gabe, Tobias Hofmann, Zaret, Bootools, David Earl, Ben Hamilton, still [Redacted], polyploidy, Elgenzay, Jared, Soda celeste, Felix, Benjamin Goodrich, Taher Rangwala, Jesse Barnes, WillowTree, DarkKot 686, Aaron Phillips, Luc Royal, Lukas Meier, esamoth, Smithius, Mermor, Laura Kühne, Tyler Fendone, gassi30, Andres Arce, Suzanne frounfelter, Akito Nozaki, SirRender, Space, Daniel Hofmeister, Dan M, Jacob Culp, ReyesX77, Aaron T Haltman, DJ Dubbes, SchnarcheNoah, Keira Standing, Steven Lamontagne, Bliss, David Anderson, Uhh Uhhh Uhhh, The Paul Family0:00 Intro0:51 Hadean8:04 Eoarchean13:20 Paleoarchean18:35 Mesoarchean23:51 Neoarchean27:47 Siderian30:24 Rhyacian33:42 Orosirian36:58 Statherian39:38 Calymmian42:15 Ectasian44:52 Stenian47:30 Tonian51:12 Cryogenian52:18 Ediacaran53:35 Cambrian54:17 Ordovician54:49 Silurian55:08 Devonian55:55 Carboniferous56:43 Permian57:21 Triassic58:02 Jurassic58:46 Cretaceous59:48 Paleogene1:00:21 Neogene1:00:38 Quaternary1:00:45 Ending",Education,GB,0.1023512216145717
JXeJANDKwDc,What Are You Doing With Your Life? The Tail End,2021-05-25T13:59:34Z,UCsXVk37bltHxD1rDPwtNM8Q,Kurzgesagt – In a Nutshell,27,2021-05-30T00:00:00Z,[None],4102294,385002,6023,34336,https://i.ytimg.com/vi/JXeJANDKwDc/default.jpg,False,False,"Gain a new perspective on your life with our Calendar & Timeline of Your Life Posters:https://kgs.link/N3KsfqvpSources & further reading:https://sites.google.com/view/sources-tailend/Wrapping your mind around your life is pretty hard, because you are up to your neck in it. It's like trying to understand the ocean while learning how to swim. On most days you are busy just keeping your head above water. So it is not easy to figure out what to do with your life and how to spend your time.There are a million distractions. Your family, friends and romantic partners, boring work, and exciting projects. Video games to play and books to read. And then there is your couch that somebody needs to lie on. It’s easy to get lost. So let us take a step back and take a look at your life from the outside. OUR CHANNELS▀▀▀▀▀▀▀▀▀▀▀▀▀▀▀▀▀▀▀▀▀▀▀▀▀▀German Channel: https://kgs.link/youtubeDE Spanish Channel: https://kgs.link/youtubeES HOW CAN YOU SUPPORT US?▀▀▀▀▀▀▀▀▀▀▀▀▀▀▀▀▀▀▀▀▀▀▀▀▀▀This is how we make our living and it would be a pleasure if you support us!Get Merch designed with ❤ https://kgs.link/shop  Join the Patreon Bird Army 🐧  https://kgs.link/patreon  DISCUSSIONS & SOCIAL MEDIA▀▀▀▀▀▀▀▀▀▀▀▀▀▀▀▀▀▀▀▀▀▀▀▀▀▀Reddit:            https://kgs.link/redditInstagram:     https://kgs.link/instagramTwitter:           https://kgs.link/twitterFacebook:      https://kgs.link/facebookDiscord:          https://kgs.link/discordNewsletter:    https://kgs.link/newsletterOUR VOICE▀▀▀▀▀▀▀▀▀▀▀▀▀▀▀▀▀▀▀▀▀▀▀▀▀▀The Kurzgesagt voice is from Steve Taylor:  https://kgs.link/youtube-voiceOUR MUSIC ♬♪▀▀▀▀▀▀▀▀▀▀▀▀▀▀▀▀▀▀▀▀▀▀▀▀▀▀700+ minutes of Kurzgesagt Soundtracks by Epic Mountain:Spotify:            https://kgs.link/music-spotifySoundcloud:   https://kgs.link/music-soundcloudBandcamp:     https://kgs.link/music-bandcampYoutube:          http://kgs.link/music-youtubeFacebook:       https://kgs.link/music-facebookThe Soundtrack of this video:Soundcloud:   https://bit.ly/3f3a9tvBandcamp:     https://bit.ly/3hJaLWU🐦🐧🐤 PATREON BIRD ARMY 🐤🐧🐦▀▀▀▀▀▀▀▀▀▀▀▀▀▀▀▀▀▀▀▀▀▀▀▀▀▀Many Thanks to our wonderful Patreons (from http://kgs.link/patreon) who support us every month and made this video possible:Denrage, Hugo Novotny, Bombibom, Bryant & Angel, Matthew, Ngoc B Khuong, Zormoe, Caoimhe Gilbert, Brandon James, Adrith Nayak, Zachary Kern, Eric Downes, Marcuss, Anthony Adkins, tomworkshere, Michael Tedder, DeepWaters, Greg Powell, fresh crystal mangos, Finalpenguin 726, Kareto Phase, Vincent Guerra, Michelle Sichting, Martin Hlaváč, Zwackelmann0, RottingMyBrain, meldanor, sprung, Pedro Antunes, supermeme, Guillaume Hellin, Carl Schanz, Drago Draco, Stephen Barker, Rors, Paco Avila, Ro-ni-n, Pol Duran Casademont, Courtney Hill, Sharbel Zarzour, Vicky, Carsten Guhr, Gary Gilbody, Jacob Geeo, Nathan Schroeder, Mark Frelih, Cédric Lothe, Joshua Valji, Thea Ilona, Jonathan Geaney, Arber, Matt Woodham, Dominic Juarez, Nelson Gollop, Дмитрий Киселёв, Adam Ellum, Lucy B, ghostman, dibidave, Dan Morris, lindryd aldar, Alberto Simonazzi, Jakub Kotucha, Hannes Burner, Mike Koss, henrythasler, Ryan McPartlan, Denis Leonte, Kai Fic, Jeremy Krall, Thomas Adamick, Andreas, Richard j, Eroviaa Hunter, PaddyO‘Lantern, Vishrut Joshi, Gwendolyn Jones, Nazar Beknazarov, Eric Rowland, José Castillo Fallas, Eben Alguire, Jesse, Greg Belote, AlphaTaco, Craig, Ryan G. Hornberger, Christien Lomax, SURGE, Ben Udris",Education,US,0.1022203674334409
dcuNq3Bw9Xs,"How Weird Is My Audience? I Polled 15,408 People To Find Out",2020-12-28T16:00:10Z,UCBa659QWEk1AI4Tg--mrJ2A,Tom Scott,27,2020-12-29T00:00:00Z,tom scott|tomscott,837138,79576,761,5889,https://i.ytimg.com/vi/dcuNq3Bw9Xs/default.jpg,False,False,"I asked my audience six questions: some sensible, some ridiculous. I compared their results to the public. And the results were... interesting. • Graphics by William Marler: https://wmad.co.uk and his Lungs Podcast: https://lungspodcast.co.ukAudio mix by Graham HaertherOwl photo credit: Amol Mende via Pexels https://www.pexels.com/photo/brown-and-white-owl-close-up-photography-2683982/Distracted Boyfriend photo credit: Antonio Guillem via Shutterstock, used under license,  https://www.shutterstock.com/image-photo/disloyal-man-walking-his-girlfriend-looking-297886754Chuck Testa is from Rhett and Link's Commercial Kings on IFC: https://www.youtube.com/watch?v=LJP1DphOWPsI'm at https://tomscott.comon Twitter at https://twitter.com/tomscotton Facebook at https://facebook.com/tomscottand on Instagram as tomscottgo",Education,US,0.1020918892703473
_8xhdL8BPvU,The Battle of SHARKS!,2021-05-23T19:38:29Z,UC2C_jShtL725hvbm1arSV9w,CGP Grey,27,2021-05-30T00:00:00Z,cgpgrey|education|hello internet,1052897,102725,546,4608,https://i.ytimg.com/vi/_8xhdL8BPvU/default.jpg,False,False,"‣ Thank you, Bonnie Bees, for making this video possible: https://www.patreon.com/cgpgrey‣ Discuss this video: https://www.reddit.com/r/cgpgrey## Related VideosMore Grey Goes Outside: https://bit.ly/3fH2Ruy## Special ThanksAntepavilionhttps://www.antepavilion.org/Jim Stephenson (photo permission)www.clickclickjim.comhttps://www.youtube.com/c/StephensonAndPUP Architects (H-VAC design)https://www.puparchitects.com/## CrowdfundersSteven Snow, Ben Delo, Bob Kunz, Nevin Spoljaric, Bobby, Donal Botkin, BN-12, Ben Schwab, Richard Jenkins, Phil Gardner, Steven Grimm, Chris Chapin, Martin, Andrew Bereza, Rebecca Wortham, Marco Arment, Colin Millions, سليمان العقل, emptymachine, Jason Lewandowski, Saki Comandao, George Lin, Henry Ng, rictic, David Tyler, Jordan Earls, Nick Fish, Nick Gibson, Tyler Bryant, Xueqi, Oliver Steele, iulus, Kermit Norlund, Alex Simonides, Julien Dubois, Christopher Mutchler, Derek Bonner, Mikko, Orbit_Junkie, Ron Bowes, Derek Jackson, Tómas Árni Jónasson, Nicholas Welna, Bear, chrysilis, David Palomares, Drago175, Emil, Esteban Santana Santana, Freddi Hørlyck, John Rogers, Peter Lomax, Rhys Parry, ShiroiYami, Tristan Watts-Willis, Veronica Peshterianu, Dag Viggo Lokøen, John Lee, Maxime Zielony, Elizabeth Keathley, Birdstryke, Rene Duedam## Music24 Caprices for Solo Violin, Op.1- Capriccio n.16 Op.1 in G minor (presto)- Capriccio n.2 Op.1 in B minor (moderato)- Capriccio n.5 Op.1 in A minor (agitato)- Capriccio n.7 Op.1 in E minor (posato)- Capriccio n.17 Op.1 in Be (sostenuto-andante)- Capriccio n.15 Op.1 in E minor (posato)- Capriccio n.6 Op.1 in G minor (lento)- Capriccio n.18 Op.1 in in C (corrente-allegro)Composed by Niccolò PaganiniPerformed by Jonathan Veredhttps://musopen.org/",Education,US,0.10194064566619526
AmefxPCNyFU,How much $$$ did my vending make for #teamseas #shorts,2021-11-02T14:07:07Z,UCTz8K5TMmkQkRArybXfoVDg,Investment Joy,27,2021-11-09T00:00:00Z,#teamseas|Vending machines,1267467,128480,1531,527,https://i.ytimg.com/vi/AmefxPCNyFU/default.jpg,False,False,"For the month of November we will be donating 100% of the profit generated from our two vending machines at the laundromat for @MrBeast #teamseasSo, how much money did we make today? Find out",Education,GB,0.10178332059138423
4b33NTAuF5E,Can You Upload Your Mind & Live Forever? feat. Cyberpunk 2077,2020-12-10T14:54:18Z,UCsXVk37bltHxD1rDPwtNM8Q,Kurzgesagt – In a Nutshell,27,2020-12-11T00:00:00Z,[None],2422743,224845,3346,20753,https://i.ytimg.com/vi/4b33NTAuF5E/default.jpg,False,False,"Get your copy of Cyberpunk 2077 here: http://cyberpunk.net/buySources & further reading: https://sites.google.com/view/sources-mindupload The desire to be free from the limits of the human experience is as old as our first stories. We exist in an endless universe, only bound by the laws of physics and yet, our consciousness is trapped in mortal machines made of meat. With the breathtaking explosion of innovation and progress, for the first time the concept of leaving our flesh piles behind and uploading our minds into a digital utopia seems possible. Even like the logical next step on our evolutionary ladder. OUR CHANNELS▀▀▀▀▀▀▀▀▀▀▀▀▀▀▀▀▀▀▀▀▀▀▀▀▀▀German Channel: https://kgs.link/youtubeDESpanish Channel: https://kgs.link/youtubeESHOW CAN YOU SUPPORT US?▀▀▀▀▀▀▀▀▀▀▀▀▀▀▀▀▀▀▀▀▀▀▀▀▀▀This is how we make our living and it would be a pleasure if you support us!Get Merch designed with ❤ from https://kgs.link/shop  Join the Patreon Bird Army 🐧 https://kgs.link/patreon  DISCUSSIONS & SOCIAL MEDIA▀▀▀▀▀▀▀▀▀▀▀▀▀▀▀▀▀▀▀▀▀▀▀▀▀▀Reddit:            https://kgs.link/redditInstagram:     https://kgs.link/instagramTwitter:           https://kgs.link/twitterFacebook:      https://kgs.link/facebookDiscord:          https://kgs.link/discordNewsletter:    https://kgs.link/newsletterOUR VOICE▀▀▀▀▀▀▀▀▀▀▀▀▀▀▀▀▀▀▀▀▀▀▀▀▀▀The Kurzgesagt voice is from Steve Taylor:  https://kgs.link/youtube-voiceOUR MUSIC ♬♪▀▀▀▀▀▀▀▀▀▀▀▀▀▀▀▀▀▀▀▀▀▀▀▀▀▀700+ minutes of Kurzgesagt Soundtracks by Epic Mountain:Spotify:            https://kgs.link/music-spotifySoundcloud:   https://kgs.link/music-soundcloudBandcamp:     https://kgs.link/music-bandcampYoutube:          https://kgs.link/music-youtubeFacebook:       https://kgs.link/music-facebookThe Soundtrack of this video:Soundcloud:   https://bit.ly/39YsoOCBandcamp:     https://bit.ly/3oOAk9B 🐦🐧🐤 PATREON BIRD ARMY 🐤🐧🐦▀▀▀▀▀▀▀▀▀▀▀▀▀▀▀▀▀▀▀▀▀▀▀▀▀▀Many Thanks to our wonderful Patreons from http://kgs.link/patreon who support us every month and made this video possible:Hugo Peters, Tadas Patilskis, Robert Peter Carzano Miller, Gary, Eli Dean, Joel Tuckwell, Richard Powers, Peter, Smurphy, Volianer, Zach Voss, Wesley Vaughn, Ben Woods, C.J. Gore, Gáspár Márk Török, Gavin Warnock, Adam Turner, Isela Macias, Tales Escher, Noah Usiatynski, John, Veronika Samková, Heather Fanska, Christian Groß, David Hughes, Konstantin Golosov, Francisco Javier Ahumada Méndez, Ian Fleming, Kuzma, Lina Sereičikaitė, John Sowatsky, Alessandro Sartori, Ryan Anderson, Vladyslav Kushney, Capessergal, Logan Turske, Eugene Chernyshov, Christopher Delaney, Justin Enslin, Ryan Brink, Maalsc, Thomas Li, Omar, Stephanie thomson, Lyam, Spacecam, nengaman, Савенко Николай, Yelonade, DerQuacksalber, everything is learned through PAIN, Carrie Dragoni, Marcos Bello, cody Calhoun, Yori, Katherine E Gould, oscar, Mohamed Adli Bin Dimyati, Andrii Kiryk, Tim, Matthew Willett-Jeffries, Paul Bartos, Daniel Van Patten, Shane O'Brien, Philippe Paget-Bailly, Mohamed Khairat",Education,US,0.10137187477169472
0dT6jB2Dbmk,Pranking Scammers ft. Mark Rober,2022-05-08T16:30:00Z,UCBNG0osIBAprVcZZ3ic84vw,Jim Browning,27,2022-05-09T00:00:00Z,[None],1197910,111569,0,9765,https://i.ytimg.com/vi/0dT6jB2Dbmk/default.jpg,False,False,"Kolkata Sector 5 is the telephone scam capital of the world. Although I've reported lots of scam call centers there, nothing seems to happen. So what could be better than turning up at these call centers armed with (harmless) devices which will get the attention of these scam groups and hopefully the rest of the world.Thanks to the engineering skills of Mark Rober and the to Trilogy Media who made the trip to India to confront the scammers themselves, we managed to film a set of pranks via the scammers' own CCTV cameras.Although this is having some fun at the expense of scammers, this is a serious problem. Millions of dollars are lost to these scammers and the police in Kolkata do very little to shut down these call centers, so it would be great if people shared these videos and tweeted @KolkataPoliceLet's hope we can make a shut down video before long. In the meantime, enjoy....I couldn't have done this without help. Please check out these channels and videos!Mark Rober's channel: https://www.youtube.com/MarkRoberMark Rober's video: https://youtu.be/xsLJZyih3AcTrilogy Media's Channel: https://www.youtube.com/TrilogyMediaTrilogy Media's video: https://www.youtube.com/watch?v=YfQU_Qf_uTITheMidnight's video of the same call center: https://youtu.be/reMyoSNR4ScFloppy's Channel: https://www.youtube.com/channel/UCNbm_DGIr5i1SE7ZKU0fX7wMore chipmunk pranks: https://www.youtube.com/watch?v=qOKOttlF9MkADVICE ON AVOIDING SCAMS:How to avoid being scammed: https://consumer.ftc.gov/articles/how-avoid-scam     If you suspect that you or a loved one has been the victim of fraud, you can call the National Elder Fraud hotline at 833-372-8311 and report it to the FTC by visiting the agency’s website or calling 877-382-4357.https://reportfraud.ftc.gov/#/form/mainIF YOU'D LIKE TO SUPPORT ME:If you can possibly support me, this is my Patreon link:https://www.patreon.com/JimBrowning(Patrons have extra/unblurred content or special chat events depending on your Patron level)Alternatively, you can buy me a coffee! https://www.buymeacoffee.com/JimBrowningOr, to cut our the middleman I'll happily accept support via Bitcoin:3McgSrbEJ5BcCGRbqnhcHFiQjuCrjmmUSAMany thanks if you can support me!Catch me on Twitter: https://twitter.com/JimBrowning11 @JimBrowing11Join my Discord server: https://discord.gg/JimBrowningI even have a Subreddit:https://www.reddit.com/r/JimBrowningOfficial/Intro, outro and logo by Pico.Pico's details:https://www.instagram.com/icarotkdOutro music:http://freemusicarchive.org/music/BoxCat_Games/ (Epic Song)",Education,US,0.10128807673364443
y8XvQNt26KI,Unlimited Resources From Space – Asteroid Mining,2020-08-16T12:29:23Z,UCsXVk37bltHxD1rDPwtNM8Q,Kurzgesagt – In a Nutshell,27,2020-08-17T00:00:00Z,Asteroid|asteroid mining|mining|mining in space|computer|smartphone|rare metals|resources|precious metal|precious metals|terbium|neodymium|tantalum|open pit mining|coal|cyanide|sulfuric acid|chlorine|fracking|biodiversity|dirty|clean|Metal|gold|platinum|nickel|iron|(4) Vesta|(16) psyche|asteroid belt|Kuiper belt|space travel|electric spaceships|electric propulsion|fuel|rocket|rocket launch|probe,2220085,202171,1319,19510,https://i.ytimg.com/vi/y8XvQNt26KI/default.jpg,False,False,"The first 1000 people to use this link will get a 2 month free trial of Skillshare: https://skl.sh/kurzgesagt8Sources & further reading: https://sites.google.com/view/sources-asteroidmining/ Getting rare materials from the ground into your phone is ugly. The mining industry is responsible for air and water pollution and the destruction of entire landscapes. But what if we could replace the mining industry on Earth with a clean process that can’t harm anyone? Well, we can. All we need to do is look up.OUR CHANNELS▀▀▀▀▀▀▀▀▀▀▀▀▀▀▀▀▀▀▀▀▀▀▀▀▀▀German Channel: https://kgs.link/youtubeDESpanish Channel: https://kgs.link/youtubeESHOW CAN YOU SUPPORT US?▀▀▀▀▀▀▀▀▀▀▀▀▀▀▀▀▀▀▀▀▀▀▀▀▀▀This is how we make our living and it would be a pleasure if you support us!Get Merch designed with ❤ from https://kgs.link/shop  Join the Patreon Bird Army 🐧 https://kgs.link/patreon  DISCUSSIONS & SOCIAL MEDIA▀▀▀▀▀▀▀▀▀▀▀▀▀▀▀▀▀▀▀▀▀▀▀▀▀▀Reddit:            https://kgs.link/redditInstagram:     https://kgs.link/instagramTwitter:           https://kgs.link/twitterFacebook:      https://kgs.link/facebookDiscord:          https://kgs.link/discordNewsletter:    https://kgs.link/newsletterOUR VOICE▀▀▀▀▀▀▀▀▀▀▀▀▀▀▀▀▀▀▀▀▀▀▀▀▀▀The Kurzgesagt voice is from Steve Taylor:  https://kgs.link/youtube-voiceOUR MUSIC ♬♪▀▀▀▀▀▀▀▀▀▀▀▀▀▀▀▀▀▀▀▀▀▀▀▀▀▀700+ minutes of Kurzgesagt Soundtracks by Epic Mountain:Spotify:            https://kgs.link/music-spotifySoundcloud:   https://kgs.link/music-soundcloudBandcamp:     https://kgs.link/music-bandcampYoutube:          https://kgs.link/music-youtubeFacebook:       https://kgs.link/music-facebookThe Soundtrack of this video:Soundcloud:   https://bit.ly/3gQMb2ZBandcamp:     https://bit.ly/2FjrAGX 🐦🐧🐤 PATREON BIRD ARMY 🐤🐧🐦▀▀▀▀▀▀▀▀▀▀▀▀▀▀▀▀▀▀▀▀▀▀▀▀▀▀Many Thanks to our wonderful Patreons from http://kgs.link/patreon who support us every month and made this video possible:Orlando Lizarraga, Nessa, Felipe Di Gregorio, Traysea, Berta López Salamanca, Leon Kullig, Pranav Garg, Chonn Berdosh, Ernesto Silva, Francisco Salamanca Montero, Hrithik Shukla, Karen Brzostowski, Jokum Ziener, Sujana, Benji Rajaskas, Lanita Henne, Paul Linthicum, Kelly Ashman, Andrew Edwards, Eduard Nicodei, Nicola Occhipinti, Cheese Bungen, Crystal Parker, Owen Santos, Celine, Jeffrey Chua, Niclas38, Shashanka S Kundu, LeTibbers, Mohamad Hanano, May Palace, Ahmad Salim Al-Sibahi, Kian Saeidnia, Hunter Manhart, Ethan Alguire, Javier Siacca, Ramsey Elbasheer, Leela V, Logan A., Adam Ruggiero, Swaathikka Karthikeyan, Gary Arriaga, Leo Gili, Winslow Strong, Eitan Glinert, Sami Ergin, Liora Schwartz, Joan Bowman, Varun Boughram, Harrison Sherwin, Tobias, Patrick Höner, Menno van Wijk, alain reseau, Daniel Turner, Joselino Doumolin, Isaac Suttell, Gary Plumbridge, Pablo Moncada, Arsen Tufankjian, Harish Kumar, Daniel Hedtmann, Ameerah Allie, Michel H, Nathan Ducasse, Federico Tomasi, Lars Müller, Alex Simpson, Moritz Pongratz, Juan Vergara, Juan Pablo Acosta, Patrick Sullivan, Milo Corkey, Dadelfush, Konstanze Haubner, Saul Antonio Martinez Class, James Pizzurro, Ivan Teece, Matej Silný, Robert Woodward, Butterbean, Patrick Suchor, Chris Kirman, Dormitory Fedora, Tom Novelle, Johannes, Noe Ortiz, Rishi Rawat, Steph Craig, Eric Lamont, Gerasimos Chourdakis, Mike Bermingham, Julián Perdomo, kisame, Brandon Gibbons, Krisada Dabpetch, Traysea, Berta López Salamanca, Leon Kullig, Pranav Garg, Chonn Berdosh, Ernesto Silva, Francisco Salamanca Montero, Hrithik Shukla, Karen Brzostowski, Jokum Ziener, Sujana, Benji Rajaskas, Lanita Henne, Paul Linthicum, Kelly Ashman, Andrew Edwards, Eduard Nicodei, Nicola Occhipinti, Cheese Bungen, Crystal Parker, Owen Santos, Celine, Jeffrey Chua, Niclas38, Shashanka S Kundu, LeTibbers, Mohamad Hanano, May Palace, Ahmad Salim Al-Sibahi, Kian Saeidnia, Hunter Manhart, Ethan Alguire, Javier Siacca, Leela V, Logan A., Adam Ruggiero, Swaathikka Karthikeyan, Gary Arriaga, Leo Gili, Winslow Strong, Eitan Glinert, Sami Ergin, Liora Schwartz, Joan Bowman, Varun Boughram, Harrison Sherwin, Tobias, Patrick Höner, Menno van Wijk, alain reseau, Daniel Turner, Joselino Doumolin, Isaac Suttell, Gary Plumbridge, Pablo Moncada, Arsen Tufankjian, Harish Kumar, Daniel Hedtmann, Ameerah Allie, Michel H, Nathan Ducasse, Federico Tomasi, Lars Müller, Alex Simpson, Moritz Pongratz, Juan Vergara, Juan Pablo Acosta, Patrick Sullivan, Milo Corkey, Dadelfush, Konstanze Haubner, Saul Antonio Martinez Class, James Pizzurro, Ivan Teece, Matej Silný, Robert Woodward, Butterbean, Patrick Suchor, Chris Kirman, Dormitory Fedora, Felipe Di Gregorio, Tom Novelle, Johannes, Noe Ortiz, Rishi Rawat, Steph Craig, Eric Lamont, Gerasimos Chourdakis, Mike Bermingham, Julián Perdomo, kisame, Brandon Gibbons, Krisada Dabpetch, Orlando Lizarraga, Nessa, Ramsey Elbasheer, Camila Issa Svelti, Vincent Mak",Education,US,0.0998524831256461
75d_29QWELk,Change Your Life – One Tiny Step at a Time,2022-06-07T14:00:05Z,UCsXVk37bltHxD1rDPwtNM8Q,Kurzgesagt – In a Nutshell,27,2022-06-08T00:00:00Z,[None],2072333,197839,0,6500,https://i.ytimg.com/vi/75d_29QWELk/default.jpg,False,False,"Change Your Life – One Tiny Step at a TimeGet your Habit Journal here: https://shop-us.kurzgesagt.org/collections/habitSources & further reading:https://sites.google.com/view/sources-change/If you are like most people, there is a gap between the person you are and the person you wish to be. There are little things you think you should do and big things you ought to achieve.From working out regularly, eating healthy, learning a language, working on your novel, reading more or simply actually doing your hobby instead of browsing reddit.But it can seem that to achieve your goals, you have to become a different person. Someone who is consistent, puts in more effort, has discipline and willpower. Maybe you have tried your hardest to be like that. And it worked! For a while. Until you find yourself slipping back into your old ways. In the end, you always seem to fail. And with every failed attempt, you become more and more frustrated and annoyed with yourself. If you believe “success and hustle” internet, it is all your own fault: if you don't succeed, you just didn’t want it enough and the failure is all you. But change is actually hard. But as with most things in life, understanding why makes things easier. OUR CHANNELS▀▀▀▀▀▀▀▀▀▀▀▀▀▀▀▀▀▀▀▀▀▀▀▀▀▀German:        https://kgs.link/youtubeDESpanish:        https://kgs.link/youtubeESFrench:          https://kgs.link/youtubeFRPortuguese:  https://kgs.link/youtubePTArabic:           https://kgs.link/youtubeARHindi:             https://kgs.link/youtubeHIJapanese:     https://kgs.link/youtubeJAKorean:          https://kgs.link/youtubeKOHOW CAN YOU SUPPORT US?▀▀▀▀▀▀▀▀▀▀▀▀▀▀▀▀▀▀▀▀▀▀▀▀▀▀This is how we make our living and it would be a pleasure if you support us!Get Merch designed with ❤ https://kgs.link/shop  Join the Patreon Bird Army 🐧  https://kgs.link/patreon  DISCUSSIONS & SOCIAL MEDIA▀▀▀▀▀▀▀▀▀▀▀▀▀▀▀▀▀▀▀▀▀▀▀▀▀▀Reddit:            https://kgs.link/redditInstagram:     https://kgs.link/instagramTwitter:           https://kgs.link/twitterFacebook:      https://kgs.link/facebookDiscord:          https://kgs.link/discordNewsletter:    https://kgs.link/newsletterOUR VOICE▀▀▀▀▀▀▀▀▀▀▀▀▀▀▀▀▀▀▀▀▀▀▀▀▀▀The Kurzgesagt voice is from Steve Taylor:  https://kgs.link/youtube-voiceOUR MUSIC ♬♪▀▀▀▀▀▀▀▀▀▀▀▀▀▀▀▀▀▀▀▀▀▀▀▀▀▀700+ minutes of Kurzgesagt Soundtracks by Epic Mountain:Spotify:            https://kgs.link/music-spotifySoundcloud:   https://kgs.link/music-soundcloudBandcamp:     https://kgs.link/music-bandcampYoutube:          https://kgs.link/music-youtubeFacebook:       https://kgs.link/music-facebookThe Soundtrack of this video:Soundcloud: https://bit.ly/3MeaN4MBandcamp: https://bit.ly/3as6FB9If you want to help us caption this video, please send subtitles to subtitle@kurzgesagt.orgYou can find info on what subtitle files work on YouTube here:https://support.google.com/youtube/answer/2734698?hl=en-GB&ref_topic=7296214Thank you!🐦🐧🐤 PATREON BIRD ARMY 🐤🐧🐦▀▀▀▀▀▀▀▀▀▀▀▀▀▀▀▀▀▀▀▀▀▀▀▀▀▀Many Thanks to our wonderful Patreons (from http://kgs.link/patreon) who support us every month and made this video possible:ziipzaaapM16A4, Filippo, Alloy robot, Harold Mabin Jr, Toby Lowe, BiohazardVictim, Riad Salihu, Gunnstein Lye, Jeff Wheeldon, Andy Kelly, Quenby Joanette, Daniel Schulte-Hillen, Val Kabalkin, Maximilian Thomas Goldstein, Tyler Lindberg, Felix, Davesanify, Russ Newman, Kira, Thomas Schenck, Skyler Stanley, dirk from wellington, LoveGiants (Polyamorous) Seeking 4 BrotherHusbands, BalrogWing, Coffee is the path to victory, Addie, Lucas, vb, Santiago Perez, Robert Walsh, Angus Jake Smith, JamesDBartlett3, Marlison Gosalvez de Alencar, Rahul Golwalkar, Keerthi Vasan, Brian Bradley, Lincoln Volk, Haubrechts, Avalanche, Craig B, Tina Hatch, Nathan Ornat, Amathara, khalifa almehairbi, jtfletchbot, Steven Zeck, Maurice Ibler, Bafy78, Andreas Høve Smidt-Nielsen, Victoria Camp, Andrew Dawson, pierluigi valente, GH, Jay C, Sergey Melnik, CultistLemming, Thane Stevens, Alex MacKay, SimpleAvocado, Dave Kircher, Karen Rosenow, James Pita, Kyron",Education,US,0.09860336152539191
HeQX2HjkcNo,There's a Hole at the Bottom of Math,2021-05-22T14:23:50Z,UCHnyfMqiRRG1u-2MsSQLbXA,Veritasium,27,2021-05-23T00:00:00Z,veritasium|science|physics,1258730,113762,1339,10051,https://i.ytimg.com/vi/HeQX2HjkcNo/default.jpg,False,False,"Not everything that is true can be proven. This discovery transformed infinity, changed the course of a world war and led to the modern computer. This video is sponsored by Brilliant. The first 200 people to sign up via https://brilliant.org/veritasium get 20% off a yearly subscription. Special thanks to Prof. Asaf Karagila for consultation on set theory and specific rewrites, to Prof. Alex Kontorovich for reviews of earlier drafts, Prof. Toby ‘Qubit’ Cubitt for the help with the spectral gap, to Henry Reich for the helpful feedback and comments on the video. ▀▀▀▀▀▀▀▀▀▀▀▀▀▀▀▀▀▀▀▀▀▀▀▀▀▀ References:Dunham, W. (2013, July). A Note on the Origin of the Twin Prime Conjecture. In Notices of the International Congress of Chinese Mathematicians (Vol. 1, No. 1, pp. 63-65). International Press of Boston.  — https://ve42.co/Dunham2013Conway, J. (1970). The game of life. Scientific American, 223(4), 4. — https://ve42.co/Conway1970Churchill, A., Biderman, S., Herrick, A. (2019). Magic: The Gathering is Turing Complete. ArXiv. — https://ve42.co/Churchill2019Gaifman, H. (2006). Naming and Diagonalization, from Cantor to Godel to Kleene. Logic Journal of the IGPL, 14(5), 709-728. — https://ve42.co/Gaifman2006Lénárt, I. (2010). Gauss, Bolyai, Lobachevsky–in General Education?(Hyperbolic Geometry as Part of the Mathematics Curriculum). In Proceedings of Bridges 2010: Mathematics, Music, Art, Architecture, Culture (pp. 223-230). Tessellations Publishing. — https://ve42.co/Lnrt2010Attribution of Poincare’s quote, The Mathematical Intelligencer, vol. 13, no. 1, Winter 1991. —  https://ve42.co/PoincareIrvine, A. D., & Deutsch, H. (1995). Russell’s paradox. — https://ve42.co/Irvine1995Gödel, K. (1992). On formally undecidable propositions of Principia Mathematica and related systems. Courier Corporation. —  https://ve42.co/Godel1931Russell, B., & Whitehead, A. (1973). Principia Mathematica [PM], vol I, 1910, vol. II, 1912, vol III, 1913, vol. I, 1925, vol II & III, 1927, Paperback Edition to* 56. Cambridge UP. — https://ve42.co/Russel1910Gödel, K. (1986). Kurt Gödel: Collected Works: Volume I: Publications 1929-1936 (Vol. 1). Oxford University Press, USA. — https://ve42.co/Godel1986Cubitt, T. S., Perez-Garcia, D., & Wolf, M. M. (2015). Undecidability of the spectral gap. Nature, 528(7581), 207-211. — https://ve42.co/Cubitt2015 ▀▀▀▀▀▀▀▀▀▀▀▀▀▀▀▀▀▀▀▀▀▀▀▀▀▀ Special thanks to Patreon supporters: Paul Peijzel, Crated Comments, Anna, Mac Malkawi, Michael Schneider, Oleksii Leonov, Jim Osmun, Tyson McDowell, Ludovic Robillard, Jim buckmaster, fanime96, Juan Benet, Ruslan Khroma, Robert Blum, Richard Sundvall, Lee Redden, Vincent, Marinus Kuivenhoven, Alfred Wallace, Arjun Chakroborty, Joar Wandborg, Clayton Greenwell, Pindex, Michael Krugman, Cy 'kkm' K'Nelson, Sam Lutfi, Ron Neal ▀▀▀▀▀▀▀▀▀▀▀▀▀▀▀▀▀▀▀▀▀▀▀▀▀▀ Written by Derek Muller, Adam Becker and Jonny HymanAnimation by Fabio Albertelli, Jakub Misiek, Iván Tello and Jonny Hyman Math City Animation by Another Angle 3D Visuals (www.anotherangle.ee) Filmed by Derek Muller and Raquel Nuno Edited by Derek Muller Music and SFX by Jonny Hyman Additional Music from Epidemic Sound Additional video supplied by Getty Images Thumbnail by Geoff BarrettAssociate Producers: Petr Lebedev and Emily Zhang ▀▀▀▀▀▀▀▀▀▀▀▀▀▀▀▀▀▀▀▀▀▀▀▀▀▀",Education,US,0.09836342980623326
UuNJrnibMgs,You Won't Believe What This Man Actually Did #Shorts,2021-10-17T17:00:29Z,UCr8Xk8otTXckBw2rXEQXMuA,Luke Davidson Facts,27,2021-10-19T00:00:00Z,[None],2236238,218330,4441,1477,https://i.ytimg.com/vi/UuNJrnibMgs/default.jpg,False,False,You Won't Believe What This Man Actually Did #Shorts,Education,US,0.09829320492720363
yD3gPMdFTts,[Cover] ENHYPEN JAKE - I Don’t Think I’m Okay (원곡 : Bazzi),2024-03-05T09:59:19Z,UCArLZtok93cO5R9RI4_Y5Jw,ENHYPEN,24,2024-03-06T00:00:00Z,BELIFTLAB|ENHYPEN|엔하이픈,849549,226251,0,23875,https://i.ytimg.com/vi/yD3gPMdFTts/default.jpg,False,False,#ENHYPEN 공식 채널 #ENHYPEN OFFICIAL CHANNELOFFICIAL WEBSITE  https://ENHYPEN.comENHYPEN Weverse https://www.weverse.io/enhypen OFFICIAL YOUTUBE https://www.youtube.com/ENHYPENOFFICIALOFFICIAL TWITTER https://twitter.com/ENHYPENENHYPEN TWITTER https://twitter.com/ENHYPEN_membersOFFICIAL FACEBOOK https://www.facebook.com/officialENHYPENOFFICIAL INSTAGRAM https://www.instagram.com/enhypenOFFICIAL TIKTOK  https://www.tiktok.com/@enhypenOFFICIAL WEIBO https://weibo.com/ENHYPENOFFICIAL JAPAN TWITTER https://twitter.com/ENHYPEN_JPOFFICIAL BILIBILI https://space.bilibili.com/3493119035181246,Entertainment,US,0.2944220992550165
oVPYa7QCmRg,[MV] eAeon(이이언) _ Don't(그러지 마)(feat. RM),2021-04-30T09:00:31Z,UCweOkPb1wVVH0Q0Tlj4a5Pw,1theK (원더케이),24,2021-05-01T00:00:00Z,K-POP|Kpop|1theK|원더케이|Original|1theK Original|TOP100|idol|아이돌|라이브|LIVE|멜론|원더케이 오리지널|음악|eAeon|이이언|Don't|그러지 마|RM,4825384,1143401,3028,248892,https://i.ytimg.com/vi/oVPYa7QCmRg/default.jpg,False,False,"[MV] eAeon(이이언) _ Don't(그러지 마)(feat. RM)K-POP Wonderland, 1theKK-POP의 모든 즐거움을 1theK(원더케이)에서 만나보세요! :)Welcome to the official YouTube channel of K-POP Wonderland, 1theK1theK Originals Subscribe 👉 https://www.youtube.com/1theKOriginals[Notice] 1theK YouTube is also an official channel for the MV, and music shows will count the views from this channel too.[공지] 1theK YouTube는 MV를 유통하는 공식 채널로, 1theK에 업로드된 MV 조회수 또한 음악방송 순위에 반영됩니다.#NEWRELEASE#MV#1theK#원더케이▶1theK YT : https://www.youtube.com/1theK▶1theK FB  : http://www.facebook.com/1theK▶1theK TW : https://twitter.com/1theK▶1theK Kakao : https://goo.gl/otRpZc▶1theK TikTok : https://vt.tiktok.com/2mSMBS",Entertainment,US,0.28853517150137686
NsK55CI167M,LILI's FILM - Paris Vlog,2022-08-07T09:00:20Z,UC35HKvKYPkri4Grd5KXl3wQ,Lilifilm Official,24,2022-08-08T00:00:00Z,YG Entertainment|YG|와이지|K-pop|BLACKPINK|블랙핑크|블핑|리사|Lisa|BLINK|블링크,1810188,458147,0,24096,https://i.ytimg.com/vi/NsK55CI167M/default.jpg,False,False,#LISA #리사 #Lilifilm #PARIS #VLOG #BLACKPINK #블랙핑크,Entertainment,US,0.2664049258971996
oiBLJPvGNc8,[MIX & MAX] ENHYPEN JUNGWON & NI-KI (정원&니키) 'Bleeding Darkness' (4K),2022-04-23T14:40:03Z,UCEIi7zFR_wE23jFncVtd6-A,STUDIO CHOOM [스튜디오 춤],24,2022-04-24T00:00:00Z,M2|엠투|스튜디오 춤|스춤|Studio choom|COVERS|커버스|DANCE THE X|댄스 더 엑스|댄스|DANCE|비 오리지널|BE ORIGINAL|커버|COVER,1939764,482273,0,33453,https://i.ytimg.com/vi/oiBLJPvGNc8/default.jpg,False,False,"[MIX & MAX] ENHYPEN JUNGWON & NI-KI (정원&니키) 'Bleeding Darkness' (4K)[MIX & MAX] ENHYPEN JUNGWON & NI-KI 'Bleeding Darkness'[믹스앤맥스] 엔하이픈 정원&니키 'Bleeding Darkness'엔진에 영원히 불을 지필 불멸의 조합!엔하이픈 정원&니키의 유니크한 퍼포🤍(1:05) 완벽한 표현력에 소름 쫙 돋음🩸2022.04.30 'Choreo-Record' Coming Soon* Original Track and MusicBleeding Darkness by BreadBeat, Junhyuk * Performance DirectingMyung Sangwoo / Kim DaheeKim Sungkwan / Lee Gahun* DancerHwarang / Lim Junghyun / 9wangShin Seunghwa / Bae Wanjin / BariYu Byunghwa / Hoodie / Bang JunhoJeon Hojin / Hwang Seojun / Yoon YeowoongLeo_jung / Tiz park[MIX & MAX] A collaborated pair performance showing the synergy of two K-POP artists, and a peek into their inner thoughts about dance.Welcome to the new K-POP Dance journey of STUDIO CHOOM with your favorite K-POP Artists!'MIX & MAX' present by 스튜디오 춤K-POP 아티스트의 시너지가 담긴 페어 퍼포먼스와 춤에 대한 깊은 이야기를 들어보는 시간#MIXandMAX #믹스앤맥스 #STUDIOCHOOMStream various performance video on STUDIO CHOOM!👉SUBSCRIBE👈YouTube: https://www.youtube.com/STUDIOCHOOMFacebook:  https://www.facebook.com/StudioCHOOMInstagram: https://www.instagram.com/studio_choom/Naver TV: https://tv.naver.com/cjenm.STUDIOCHOOM",Entertainment,US,0.2658704873376349
vtRJZEHdu8M,LILI’s FILM [The Movie],2021-02-12T03:00:09Z,UC35HKvKYPkri4Grd5KXl3wQ,Lilifilm Official,24,2021-02-12T00:00:00Z,[None],6035926,1453631,7031,150377,https://i.ytimg.com/vi/vtRJZEHdu8M/default.jpg,False,False,"Directed and Choreographed by Cheshir HaFilm Directed by Anthony KingProducer Yeseul JangPerformed by Lisa, Cheshir Ha, Bada Lee, Monroe Lee, Dazzle KimMusic by Destiny Rogers ‘Tomboy’#BLACKPINK #블랙핑크 #LISA #리사 #Lilifilm_Official",Entertainment,US,0.26574348327000696
T-ajHVsMcKk,[Artist Of The Month] 'Motley Crew' covered by Stray Kids HYUNJIN(현진) | October 2021 (4K),2021-10-16T14:44:23Z,UCEIi7zFR_wE23jFncVtd6-A,STUDIO CHOOM [스튜디오 춤],24,2021-10-17T00:00:00Z,M2|엠투|스튜디오 춤|스춤|Studio choom|COVERS|커버스|DANCE THE X|댄스 더 엑스|댄스|DANCE|비 오리지널|BE ORIGINAL|커버|COVER|artist of the month|AOTM|aotm|Artist Of The Month|stray kids|스트레이 키즈|현진|hyunjin|HYUNJIN|stray kids hyunjin|스트레이 키즈 현진|스키즈|스키즈 현진|스트레이키즈|스트레이키즈 현진|현진 춤,2712266,624507,2705,69776,https://i.ytimg.com/vi/T-ajHVsMcKk/default.jpg,False,False,[Artist Of The Month] 'Post Malone - Motley Crew' covered by Stray Kids HYUNJIN[아티스트 오브 더 먼스] ‘Post Malone - Motley Crew' covered by 스트레이 키즈 현진'마피아 현진' 다섯 글자로 AOTM 찢음🔥1일 320영상 가능한 강렬한 퍼포먼스!(0:38) 스테이 심장도 같이 날아갔어..🖤* Original Track: Post Malone 'Motley Crew' (Directed by Cole Bennett)* Choreographer: MOTF (Beom Kim & Haeri Park) * Dancer: Kim TaeKwang / Kwon HyukJin / Jung Younghyun / Kang Jinmo / Lee hwigun / Chae Seonjik / Kim SeongKwang / Woo KiJung / Jeong kyeongwon / Sim Eunseop[Artist Of The Month]'Artist of The Month' allows you to hear K-POP Artists' dance philosophy with their special performance only for STUDIO CHOOM audience. Welcome to the new K-POP Dance journey of STUDIO CHOOM with your favorite K-POP Artists!'Artist Of The Month’ present by 스튜디오 춤 K-POP 아티스트의 특별한 퍼포먼스와 춤과 함께했던 모든 순간들을 들어보는 시간 #ArtistOfTheMonth #AOTM #HYUNJINStream various performance video on STUDIO CHOOM!👉SUBSCRIBE👈YouTube: https://www.youtube.com/STUDIOCHOOMFacebook:  https://www.facebook.com/StudioCHOOMInstagram: https://www.instagram.com/studio_choom/Naver TV: https://tv.naver.com/cjenm.STUDIOCHOOM,Entertainment,US,0.2559789489673948
5jRaQBcgJW8,[Artist Of The Month] 'Watermelon Sugar' X 'BLOW' covered by TXT YEONJUN(연준) | July 2021 (4K),2021-07-16T14:00:02Z,UCEIi7zFR_wE23jFncVtd6-A,STUDIO CHOOM [스튜디오 춤],24,2021-07-17T00:00:00Z,M2|엠투|스튜디오 춤|스춤|Studio choom|COVERS|커버스|DANCE THE X|댄스 더 엑스|댄스|DANCE|비 오리지널|BE ORIGINAL|커버|COVER|연준|yeonjun|txt|tomorrow x together|투바투|투모로우바이투게더|아오먼|아티스트오브더먼스,2183617,503904,1744,52351,https://i.ytimg.com/vi/5jRaQBcgJW8/default.jpg,False,False,"[Artist Of The Month] Harry Styles 'Watermelon Sugar' &  Ed Sheeran, Bruno Mars, Chris Stapleton 'BLOW' covered by TXT YEONJUN[아티스트 오브 더 먼스] Harry Styles 'Watermelon Sugar' &  Ed Sheeran, Bruno Mars, Chris Stapleton 'BLOW' covered by TXT 연준7월의 아티스트로 돌아온 빅전연 최연준🙆춤출 때 날아다닌다는 거.. 바로 이거거든..(1:58) 연준이가 또 스춤 찢었네( ˘ ³˘)* Original Track- Harry Styles 'Watermelon Sugar' - Ed Sheeran, Bruno Mars, Chris Stapleton 'BLOW'* Choreographer: Son Sung Deuk, Lee Byung Eun* Dancer: TED, BLACK.Q, KINKY, BONO_RYU, jjongii, Myungchul Joh, lily, chemi* Acrobatic: Baek jae woo, Cho nam gyu, Lee woo bok, Lee jin soo[Artist Of The Month]'Artist of The Month' allows you to hear K-POP Artists' dance philosophy with their special performance only for STUDIO CHOOM audience.Welcome to the new K-POP Dance journey of STUDIO CHOOM with your favorite K-POP Artists!‘Artist Of The Month’ present by 스튜디오 춤K-POP 아티스트의 특별한 퍼포먼스와 춤과 함께했던 모든 순간들을 들어보는 시간#ArtistOfTheMonth #AOTM #YEONJUNStream various performance video on STUDIO CHOOM!👉SUBSCRIBE👈YouTube: https://www.youtube.com/STUDIOCHOOMFacebook:  https://www.facebook.com/StudioCHOOMInstagram: https://www.instagram.com/studio_choom/Naver TV: https://tv.naver.com/cjenm.STUDIOCHOOM",Entertainment,US,0.2547401856644274
4bBczzrciP0,TREASURE - 'DARARI (REMIX)' EXCLUSIVE PERFORMANCE VIDEO,2022-05-12T15:03:39Z,UCx9hXYOCvUYwrprEqe4ZQHA,TREASURE (트레저),24,2022-05-13T00:00:00Z,YG Entertainment|YG|와이지|K-pop|트레져|트레저|TREASURE|CHOI HYUN SUK|JIHOON|YOSHI|JUNKYU|MASHIHO|YOON JAE HYUK|ASAHI|BANG YE DAM|DOYOUNG|HARUTO|PARK JEONG WOO|SO JUNG HWAN|최현석|지훈|요시|준규|마시호|윤재혁|아사히|방예담|도영|하루토|박정우|소정환|TREASURE THE SECOND STEP|THE SECOND STEP|TREASURE 직진|TREASURE JIKJIN|JIKJIN|직진|트레저 직진,2675656,617643,0,63052,https://i.ytimg.com/vi/4bBczzrciP0/default.jpg,False,False,#TREASURE #트레저 #다라리 #DARARI #REMIX #EXCLUSIVE_PERFORMANCE_VIDEO #YG,Entertainment,US,0.2544030323778543
gHo5v0Zko0c,BTS: Inside Their Variety Cover Shoot,2020-09-30T12:33:00Z,UCgRQHK8Ttr1j9xCEpCAlgbQ,Variety,24,2020-10-02T00:00:00Z,Variety|Variety Studio|bts dynamite|BTS|BTS Cover|BTS Variety|BTS behind the scenes|dynamite|big hit|BTS boy band|BTS Variety cover|BTS variety cover shoot|BTS photo shoot|BTS Fashion|BTS Models|BTS Suga,916173,216248,557,8948,https://i.ytimg.com/vi/gHo5v0Zko0c/default.jpg,False,False,"BTS: Inside Their Variety Cover Shoot / As “Dynamite” continues dominating the charts, the group suits up for the cover of Variety.http://bit.ly/VarietySubscribehttp://www.facebook.com/varietyhttp://www.instagram.com/varietyhttp://www.twitter.com/variety",Entertainment,US,0.2458007385068104
JbBUlojyvhs,I Opened A FAKE McDonalds,2020-09-04T19:00:55Z,UCdcUmdOxMrhRjKMw-BX19AA,Niko Omilana,24,2020-09-05T00:00:00Z,Mcdonalds|fake mcdonalds|fake employee prank|fake mcdonalds employee prank|prank|i opened a fake mcdonalds|niko omilana|niko|NDL|mcdonalds drive thru|making my own mcdonalds,1584085,375357,1245,12603,https://i.ytimg.com/vi/JbBUlojyvhs/default.jpg,False,False,"I opened a fake Mcdonalds, I have done a fake employee prank at mcdonalds, but today i'm taking it one step further and opening my own mcdonalds restaurant.Follow me on Instagram- http://instagram.com/nikoFollow me on Twitter- https://twitter.com/NikoOmilanaSub to AJ- https://www.youtube.com/c/AjShabeelBusiness Email - Grace@totalpsyclone.com",Entertainment,GB,0.24491110009879521
KKxWfiI_n0c,BTS Sings 'Santa Claus Is Comin' To Town' - The Disney Holiday Singalong,2020-12-01T01:12:36Z,UC_IpSl6O_-IRAA6fiNs05Gg,ABC,24,2020-12-01T00:00:00Z,music|lyrics|magic|holidays|performance|holiday2020,1832406,431256,1800,16719,https://i.ytimg.com/vi/KKxWfiI_n0c/default.jpg,False,False,BTS sings the holiday classic 'Santa Claus Is Comin' To Town' during 'The Disney Holiday Singalong.' Watch the full special streaming now on ABC and Hulu.,Entertainment,US,0.24447365922181002
afkYP_Nuh64,[BE ORIGINAL] ENHYPEN(엔하이픈) 'Given-Taken' (4K),2020-12-03T14:00:00Z,UCEIi7zFR_wE23jFncVtd6-A,STUDIO CHOOM [스튜디오 춤],24,2020-12-04T00:00:00Z,M2|엠투|스튜디오 춤|스춤|Studio choom|COVERS|커버스|DANCE THE X|댄스 더 엑스|댄스|DANCE|비 오리지널|BE ORIGINAL|커버|COVER|엔하이픈|ENHYPEN|에나이픈|애나이픈|스튜디오춤|스튜디오케이|정원|희승|제이|제이크|성훈|선우|니키|엔진|빌리프랩|Heeseung|Jay|Jake|Sunghoon|Sunoo|Jungwon|niki,1303333,300118,1422,17762,https://i.ytimg.com/vi/afkYP_Nuh64/default.jpg,False,False,[BE ORIGINAL] ENHYPEN 'Given-Taken' [비 오리지널] 엔하이픈 'Given-Taken' 세상을 뒤집을 엔하이픈의 첫 스춤 방문🖤에너제틱한 퍼포로 운명의 화살을 피융-🏹(2:27) 냥가든 미모에 남은 건 내 눈물뿐/ᐠ｡ꞈ｡ᐟ\ #ENHYPEN #엔하이픈 #BEORIGINAL Stream various performance video on STUDIO CHOOM!👉SUBSCRIBE👈YouTube: https://www.youtube.com/STUDIOCHOOMFacebook:  https://www.facebook.com/StudioCHOOMInstagram: https://www.instagram.com/studio_choom/Naver TV: https://tv.naver.com/cjenm.STUDIOCHOOM,Entertainment,US,0.24389776058766255
K_YHOhm1hcY,BTS Reacts to BTS on the Internet (방탄소년단) | Explain This | Esquire,2020-11-23T05:00:03Z,UCLPVHOw25Eu8CCKTxL5TgCA,Esquire,24,2020-11-23T00:00:00Z,bts|bts interview|bts funny|bts memes|방탄소년단|skit|bangtan|bangtantv|bts army|bts reaction|bts reacts|bts try not to laugh|life goes on|big hit|jung kook|official mv|mv|new album|reaction|reacts|bts album|다이너마이트|bts eng|bts english|bts eng sub|bts mv|bts moments|dynamite|bts official|bts funny moments|comeback|bts comeback|be|john cena|carrot|jimin|jimmy fallon|colbert|james corden|subway|j-hope|esquire|explain this,1038464,242280,402,7784,https://i.ytimg.com/vi/K_YHOhm1hcY/default.jpg,False,False,"K-pop megastars BTS (방탄소년단) react to their own music videos, memes, and public appearances on the internet. Watch more of Esquire's 'Explain This' episodes HERE: https://www.youtube.com/watch?v=sFB8JVEMy0o&list=PLy47rmXHqePmwznWVMFt5WYC6vwJEysvZSUBSCRIBE to Esquire: http://bit.ly/SUBSCRIBEtoESQUIREESQUIRE SHOWS:Curated: https://www.youtube.com/watch?v=w6xBG5KJ_UA&list=PLy47rmXHqePnHgePYUN7qqfiipGQs1kDXIn or Out: https://www.youtube.com/watch?v=IMe4Qz5ZKik&list=PLy47rmXHqePlwiLPx59c8xtvvvVC3dOfdExplain This: https://www.youtube.com/watch?v=sFB8JVEMy0o&list=PLy47rmXHqePmwznWVMFt5WYC6vwJEysvZUnreleased: https://www.youtube.com/watch?v=vhlZEFMzzmA&list=PLy47rmXHqePkAJSxjhHW1oFq2-h4WLmk1Esquire on Facebook: https://www.facebook.com/EsquireEsquire on Twitter: http://twitter.com/esquireEsquire on Instagram: http://instagram.com/esquire#BTS #방탄소년단 #Be",Entertainment,US,0.24080179958091952
PDPafkZ4xUU,Snoop Dogg RAPPED with Me and my BASS,2020-10-12T16:15:00Z,UCgFvT6pUq9HLOvKBYERzXSQ,Davie504,24,2020-10-13T00:00:00Z,davie504|bass|bass solo|davie504 snoop dogg|snoop dogg|snoop dogg rap|davie504 snoop dogg collab|snoop dogg collab|freestyle|snoop|dogg|davie snoop dogg|rap challenge|challenge|bass vs rap|bass snoop dogg|rap bass,949820,214735,751,8859,https://i.ytimg.com/vi/PDPafkZ4xUU/default.jpg,False,False,"I played bass with Snoop Dogg and he rapped with me! it finally happened.very emotional timesSubscribe for more videos: https://goo.gl/G9As1eReddit: https://www.reddit.com/r/Davie504/Video I reacted to:https://youtu.be/wnNk7pmrKjMhttps://youtu.be/O8A39Rw5D3ohttps://youtu.be/4UgDpYrWqkghttps://youtu.be/eDm_5odXUnEhttps://youtu.be/yLzOwKPEreYhttps://youtu.be/w4kQB-tHs1Qhttps://youtu.be/GHLxpVxK25Qhttps://youtu.be/tvVqBTJ8EGkhttps://youtu.be/-mpiVeflU0Yhttps://youtu.be/Pf1oy7M4e3chttps://youtu.be/FGwJS4CwIXYhttps://youtu.be/dlpaEm0z4-QPatreon: https://www.patreon.com/davie504Merch: https://represent.com/davie504Twitter: https://twitter.com/Davie504bassInstagram: https://www.instagram.com/davie504/Facebook: http://www.facebook.com/Davie504My Signature Bass: http://chownybass.com/product/evo-davie504-signature My NEW ALBUM! Spotify: https://open.spotify.com/album/5m7SFVMTfNvv7dyqfa00G3iTunes: http://itunes.apple.com/album/id1122291881?ls=1&app=itunesDon't forget to leave a comment to let me know if you enjoyed this video, it's important for me! :) If you want to be always updated about my channel, SUBSCRIBE! and JOIN THE FUNK! :DHope you'll like it!See you soon and Stay Funky! :)",Entertainment,US,0.2354067086395317
F2uUs9MKDyA,EXO 엑소 'Cream Soda' Dance Practice,2023-07-12T10:00:10Z,UCzCedBCSSltI1TFd3bKyN6g,EXO,24,2023-07-13T00:00:00Z,EXO|엑소|엑소케이|엑소엠|exok|exom|cream soda|exist|dance|practice|안무|choreography|수호|suho|시우민|xiumin|백현|baekhyun|첸|chen|찬열|chanyeol|디오|d.o.|세훈|sehun,1320151,284188,0,25102,https://i.ytimg.com/vi/F2uUs9MKDyA/default.jpg,False,False,EXO's 7th Album EXIST is out!Listen and download on your favorite platform: https://EXO.lnk.to/EXIST🧊 'Cream Soda' MV https://youtu.be/i5nUufn_FmE📢 'Hear Me Out' MV https://youtu.be/r2VZQa2IgP4🌊 'Let Me In' MV https://youtu.be/91VhCIQNjIcEXO Officialhttps://www.youtube.com/weareoneEXOhttps://www.facebook.com/weareoneEXOhttps://www.instagram.com/weareone.exohttps://twitter.com/weareoneEXOhttps://www.tiktok.com/@weareone.exo_official#EXO #CreamSoda #EXIST #EXO_CreamSoda #EXO_EXIST #엑소 #weareoneEXO,Entertainment,US,0.23428380541316865
_ZbHZE7ygG4,"20,000,000 SUBSCRIBERS. (THE BIG GIVEAWAY)",2021-09-18T18:59:31Z,UCilwZiBBfI9X6yiZRzWty8Q,FaZe Rug,24,2021-09-20T00:00:00Z,faze rug|rug|rugfaze|fazerug,2629511,362243,1716,252503,https://i.ytimg.com/vi/_ZbHZE7ygG4/default.jpg,False,False,"It's finally here. Thank you so much.I'm picking 22 winners from YouTube, 10 from Instagram, 10 from TikTok, and 10 from Twitter.. IT'S FINALLY HAPPENING!! GOOD LUCK :)Enter on Instagram ► https://www.instagram.com/fazerug/Enter on TikTok ► https://www.tiktok.com/@rugEnter on Twitter ► https://twitter.com/FaZeRug🔴 SUBSCRIBE FOR LIT VIDEOS ► http://bit.ly/SubToRug🔵 Try my G FUEL Flavor!! ► https://gfuel.ly/use-code-rug 🟢 MY NEW PODCAST ► https://www.youtube.com/c/AllGrownUp 🎙️GO SPAM MY OTHER PAGES!!Instagram ► https://www.instagram.com/fazerug/TikTok ► https://www.tiktok.com/@rugTwitter ► https://twitter.com/FaZeRugSnapchat ► thefazerug",Entertainment,US,0.23378719465330247
VUFuh4glr8I,"[LIVE] 라이브로 듣는 뷔의 감미로운 고백, 'FRI(END)S'  by W Korea",2024-03-18T07:57:49Z,UCjO3ji06DxmTM1RrzLVwmkA,W KOREA,24,2024-03-19T00:00:00Z,더블유|더블유코리아|wkorea|더블유매거진|w매거진,995699,219257,0,12822,https://i.ytimg.com/vi/VUFuh4glr8I/default.jpg,False,False,"W X V X Cartier“많은 추억이 담긴 노래입니다.” 2년동안 소중하게 간직했던 곡을 이제서야 선보이게 되었다며 촬영 당일 설렘을 감추지 못한 뷔. 이 계절에 어울리는 감미롭고 담담한 고백. 두 가지 버전의 라이브로 담은 뷔의 'FRI(END)S' 중 감미로운 목소리와 깊은 감성이 담긴 메인 클립을 지금 만나보세요. -Meet the main film of V's 'FRI(END)S' captured in two versions of live clips, imbued with mellifluous vocals and profound emotions. -패션 에디터ㅣ이예진 영상ㅣ홍장현 스타일리스트ㅣ김예진 헤어ㅣ최무진 메이크업ㅣ안성희 -#V #BTS #V_FRIENDS #FRI_END_S #Cartier #뷔 #김태형 #방탄소년단 #까르띠에",Entertainment,US,0.23308148346036303
wIoms4zFQPI,BTS | The Rolling Stone Cover,2021-05-13T12:05:05Z,UC-JblcinswY50lrUdSaRNEg,Rolling Stone,24,2021-05-17T00:00:00Z,bts|rm|jimin|jungkook|jin|j-hope|suga,1922297,431589,953,13773,https://i.ytimg.com/vi/wIoms4zFQPI/default.jpg,False,False,Go behind the scenes of the BTS Rolling Stone cover shoot.Get the full story at: https://bit.ly/3ffX7rxBuy the collector's edition box set here: https://bit.ly/3obpwTP#BTSxRollingStone,Entertainment,US,0.23168220103345114
4fJsQL_Y-tU,Ranboo goes to the city,2021-09-06T17:37:43Z,UCKQ-wNdh0kO5qnpPfXa2hjQ,Ranboo,24,2021-09-08T00:00:00Z,Ranboo|Tommyinnit|Tubbo|vlog|Ranboo vlog|Ranboo in the city|Ranboo in london|Ranboo goes to the city|Ranboo funny moments|Ranboo is funny i swear,1289814,281532,850,14404,https://i.ytimg.com/vi/4fJsQL_Y-tU/default.jpg,False,False,BUY MY MERCH!!! https://ranboo.fashion/I had to give a tour to @TommyInnit and @Tubbo because they just had no clue where they were. The benchtrio wreaks havoc yet again.EDITED BY https://twitter.com/imsalsayI am LIVE onhttps://www.twitch.tv/Ranboolive​​I say dumb thingshttps://twitter.com/Ranboosaysstuff​​MERCH!:https://ranboo.fashion/DISCORD:https://discord.gg/ranbooHave an awesome day!,Entertainment,US,0.2294408341047624
U8bbwufCQk4,The End of Unus Annus,2020-11-14T21:31:46Z,UC2S7CGceq5tsuhcVyACdA3g,CrankGameplays,24,2020-11-16T00:00:00Z,CrankGameplays|Crank Gameplays|unus annus|unus annus ending|unus annus videos|the end of unus annus|unus annus ethan|unus annus finale|unus annus end|unus annus live stream,1747419,347848,1362,52064,https://i.ytimg.com/vi/U8bbwufCQk4/default.jpg,False,False,thank you.,Entertainment,US,0.2288586767111952
bcQu8zXPh-w,I've been thinking of retiring.,2021-09-02T16:15:02Z,UC2mP7il3YV7TxM_3m6U0bwA,jschlattLIVE,24,2021-09-03T00:00:00Z,jschlatt|jschlattlive|jschlatt livestream|schlatt|livestream|twitch|jschlatt twitch|jschlatt livestream highlights,1350282,278627,1761,29787,https://i.ytimg.com/vi/bcQu8zXPh-w/default.jpg,False,False,the weekly slap: https://youtube.com/theweeklyslap(Sorry Linus.),Entertainment,US,0.22840710310883208
kyB5DeUumCY,I Opened A FAKE McDonalds Drive Thru,2020-11-14T18:05:01Z,UCdcUmdOxMrhRjKMw-BX19AA,Niko Omilana,24,2020-11-15T00:00:00Z,i opened a mcdonalds|i opened a fake mcdonalds|i opened a mcdonalds drive thru|drive thru prank|Mcdonalds|fake mcdonalds|fake employee prank|fake mcdonalds employee prank|prank|niko omilana|niko|NDL|mcdonalds drive thru|making my own mcdonalds|beta squad|drive thru|mcdonalds,1020049,225038,1070,6346,https://i.ytimg.com/vi/kyB5DeUumCY/default.jpg,False,False,"I opened a fake Mcdonalds drive thru in my house, I have done a fake employee prank at mcdonalds but now i'm opening my own mcdonalds drive thru. Pls subscribe to @Beta Squad Follow my Instagram- http://instagram.com/nikoFollow me on Twitter- https://twitter.com/NikoOmilanaBusiness Email - Grace@totalpsyclone.com",Entertainment,GB,0.22683616179222763
Qg1Ff9UVttM,[BE ORIGINAL] Stray Kids(스트레이 키즈) '특(S-Class)' (4K),2023-06-04T14:00:18Z,UCEIi7zFR_wE23jFncVtd6-A,STUDIO CHOOM [스튜디오 춤],24,2023-06-05T00:00:00Z,M2|엠투|스튜디오 춤|스춤|Studio choom|COVERS|커버스|DANCE THE X|댄스 더 엑스|댄스|DANCE|비 오리지널|BE ORIGINAL|커버|COVER|Artist Of The Month|AOTM|Drop the dance|드롭더댄스|Mix & Max|믹스앤맥스|믹앤맥|stray kids|straykids|스트레이 키즈|스트레이키즈|스키즈|skz|stray kids s class|s class|s-class|s-class stray kids|stray kids s-class|스트레이 키즈 특|스트레이키즈 특|특|창빈|리노|한|방찬|현진|필릭스|승민|아이엔|changbin|leeknow|han|bang chan|bangchan|hyunjin|felix|seungmin|i.n,1248238,274528,0,7996,https://i.ytimg.com/vi/Qg1Ff9UVttM/default.jpg,False,False,[BE ORIGINAL] Stray Kids '특(S-Class)'[비 오리지널] 스트레이 키즈 '특(S-Class)'빛깔 뻔쩍의 영상화 👉 스키즈 스춤스키즈만을 위한 특별 무대 여기 있잖아🤟(2:57) 이 남자의 퍼컬은 스춤입니다..- Performance Director Sim Kyujin rimmokang - Choreographer MOTF(Beom Kim & Haeri Park) Kasper AITTY TOO Keone Madrid Sim Kyujin#StrayKids #스트레이키즈 #BEORIGINALStream various performance video on #STUDIOCHOOM!👉SUBSCRIBE👈YouTube: https://www.youtube.com/STUDIOCHOOMFacebook:  https://www.facebook.com/StudioCHOOMInstagram: https://www.instagram.com/studio_choom/Naver TV: https://tv.naver.com/cjenm.STUDIOCHOOM,Entertainment,US,0.22633824639211433
dYiyONyoW50,LILI’s FILM -  ‘MONEY’ Dance Performance (Christmas Ver.) FOR BLINKS,2021-12-25T04:00:18Z,UC35HKvKYPkri4Grd5KXl3wQ,Lilifilm Official,24,2021-12-26T00:00:00Z,YG Entertainment|YG|와이지|K-pop|BLACKPINK|블랙핑크|블핑|리사|Lisa|BLINK|블링크|LISA Christmas|LISA MONEY|MONEY|LALISA|LALISA MONEY|MONEY Christmas|Christmas,5104866,1088473,0,60504,https://i.ytimg.com/vi/dYiyONyoW50/default.jpg,False,False,Listen to “MONEY”: https://lalisa.lnk.to/MONEY  Purchase LISA’s album “LALISA”: https://en.ygselect.com#LISA #리사 #Lilifilm #MONEY #Performance_Video #BLACKPINK #블랙핑크,Entertainment,US,0.22507485994735218
4VSx2E7WE50,Chadwick Boseman Tribute,2020-08-31T03:16:02Z,UCvC4D8onUfXzvjTOM-dBfEA,Marvel Entertainment,24,2020-08-31T00:00:00Z,marvel|comics|Black panther|Chadwick Boseman|tribute|marvel studios|t’challa|mcu|Chadwick|memoriam|chadwickbboseman|blackpanther|tchalla|marvelstudios,2162668,457969,1491,27936,https://i.ytimg.com/vi/4VSx2E7WE50/default.jpg,False,False,Marvel Studios’ Black Panther behind-the-scenes Chadwick Boseman tribute video.,Entertainment,US,0.2246784989651671
7F_iz7ucNmM,[BE ORIGINAL] ENHYPEN 'Drunk-Dazed' (4K),2021-04-28T14:00:39Z,UCEIi7zFR_wE23jFncVtd6-A,STUDIO CHOOM [스튜디오 춤],24,2021-04-29T00:00:00Z,M2|엠투|스튜디오 춤|스춤|Studio choom|COVERS|커버스|DANCE THE X|댄스 더 엑스|댄스|DANCE|비 오리지널|BE ORIGINAL|커버|COVER|enhypen|엔하이픈|정원|희승|제이|제이크|성훈|선우|니키|Heeseung|Jay|Jake|Sunghoon|Sunoo|Jungwon|Ni-ki|drunk-dazed,1162436,249662,672,11362,https://i.ytimg.com/vi/7F_iz7ucNmM/default.jpg,False,False,[BE ORIGINAL] ENHYPEN 'Drunk-Dazed'[비 오리지널] 엔하이픈 'Drunk-Dazed'아름답고 황홀한 엔하이픈의 BE ORIGINAL!엔진들도 모두 함께 즐겨봐 이 Carnival🎆(2:18) 반짝이는 닠깅이 각막 속 다이아💎#ENHYPEN​ #엔하이픈​ #BEORIGINAL​​​Stream various performance video on STUDIO CHOOM!👉SUBSCRIBE👈YouTube: https://www.youtube.com/STUDIOCHOOMFacebook:  https://www.facebook.com/StudioCHOOMInstagram: https://www.instagram.com/studio_choom/Naver TV: https://tv.naver.com/cjenm.STUDIOCHOOM,Entertainment,US,0.22454913646858837
MH_vjfNPv70,BTS Performs Dynamite on AGT - America's Got Talent 2020,2020-09-17T00:48:16Z,UCT2X19JJaJGUN7mrYuImANQ,America's Got Talent,24,2020-09-17T00:00:00Z,TV Series|Hilarious Music Songs|Highlights|America's Got Talent|AGT|America's Got Talent 2020|AGT 15|America's Got Talent Season 15|New AGT|Funny Videos|Live Shows|Full Performance|AGT Full|AGT Live Shows|Highlights Previews|funny|clips|talent|talent show|방탄소년단|BTS|Dynamite|Dynamite MV|BTS Dynamite AGT|Dynamite AGT|BTS AGT|Kpop|Korean|Korean Pop|Jimin|J-Hope|Namjoon|Jungkook|Jin|Suga|Taehyung|Hoseok|RM|Hobi|Kpop Music Video|Music Video|BTS on AGT,4735560,998168,7045,59823,https://i.ytimg.com/vi/MH_vjfNPv70/default.jpg,False,False,"BTS (방탄소년단) is BACK! BTS returns with an incredible performance of Dynamite on America's Got Talent!» Get The America's Got Talent App: http://bit.ly/AGTAppDownload» Subscribe for More: http://bit.ly/AGTSub» Watch America's Got Talent Tuesdays & Wednesdays 8/7c on NBC!» Stream on Peacock: https://bit.ly/AGTPeacockAMERICA'S GOT TALENT ON SOCIALLike AGT: https://www.facebook.com/agtFollow AGT: https://twitter.com/agtAGT Instagram: http://instagram.com/agtFind America's Got Talent trailers, full episode highlights, previews, promos, clips, and digital exclusives here. #BTS #BTSonAGT #AGTNBC ON SOCIAL:YouTube: http://www.youtube.com/nbcTwitter: http://Twitter.com/NBCFacebook: http://Facebook.com/NBCInstagram: http://instagram.com/nbcABOUT AMERICA'S GOT TALENTAmerica’s Got Talent, NBC’s No. 1 summer show, returns in May with fresh new faces and familiar favorites, along with the excitement, thrills and feel-good performances that viewers have come to love each season. Creator and Executive Producer Simon Cowell is back at the star-studded judges' table with fan-favorite comedian Howie Mandel. Acclaimed actress and international superstar Sofia Vergara joins as a new judge this season alongside returning judge and global fashion icon Heidi Klum.  The dynamic Terry Crews returns as host. With the show open to acts of all ages, America's Got Talent continues to celebrate the variety format like no other show on television. Year after year, America's Got Talent features an impressive array of singers, dancers, comedians, contortionists, impressionists, magicians, ventriloquists and hopeful stars, all vying to win America's hearts and a $1 million prize.America's Got Talent is available now on Peacock, the new streaming service from NBCUniversal. Watch thousands of hours of hit movies and shows, plus daily news, sports, and pop culture updates. Stream now on Peacock.BTS Performs Dynamite on AGT - America's Got Talent 2020https://youtu.be/MH_vjfNPv70America's Got Talenthttp://www.youtube.com/user/americasgottalent#AGT #AmericasGotTalent",Entertainment,US,0.22341412631241078
XKRW1zgkCVc,Where Animals' Scientific Names Come From,2022-10-04T01:17:06Z,UC1DTYW241WD64ah5BFWn4JA,Sam O'Nella Academy,24,2022-10-05T00:00:00Z,[None],3830121,737269,0,117539,https://i.ytimg.com/vi/XKRW1zgkCVc/default.jpg,False,False,"sup____________________Check out my other channel, Sam O'Nella Vlog!https://www.youtube.com/channel/UCvayZDkq6wTj5EQtulrpgZAFollow me on twitter!https://twitter.com/Sam_ONellaWant a shirt with a stick figure I drew in 10 minutes when I was 17?https://standard.tv/collections/sam-onellaIntro and outro song:Brandenburg Concerto No. 4 in G, Movement I (Allegro), BWV 1049 Kevin MacLeod (incompetech.com)Licensed under Creative Commons: By Attribution 3.0 Licensehttp://creativecommons.org/licenses/by/3.0/",Entertainment,US,0.22318041649336928
JLPgrgKc1SE,I adopted a cat.,2021-05-07T16:45:03Z,UC2mP7il3YV7TxM_3m6U0bwA,jschlattLIVE,24,2021-05-08T00:00:00Z,jschlatt|jschlattlive|jschlatt livestream|schlatt|livestream|twitch|jschlatt twitch|jschlatt livestream highlights,1163783,244495,686,14260,https://i.ytimg.com/vi/JLPgrgKc1SE/default.jpg,False,False,"Schlatt adopts a cat.Follow me on Twitter:https://twitter.com/jschlatthttps://twitter.com/schlattFollow me on Instagram:https://instagram.com/jschlattAWW! Schlatt talks about how he adopted Jambo, a 6-month old orange tabby. Jambo, or, as jschlatt's twitch chat calls him, Soup, or, Jcat, or, Andrew Yang's Chicken Soup Surprise, is the newest addition to the Jschlatt Family. Jambo has already been getting tons of love on Twitter, where Schlatt's Twitter Alt (still Twitter Unverified) posts frequent photos of the Cute Lovable Kitten for hundreds of thousands of likes. I enjoy seeing all of the angry Quote Retweets on pictures of Jambo, and laugh at your lack of a father figure. I have a cute cat and you don't!No, this is not a Minecraft Manhunt vs 5 Hunters video (even though I would love to take a break from my 24/7 Dream SMP Minecraft 1.17 stream). TommyInnit doesn't make this video 1000x Funnier. Wilbur doesn't show his cute face and Minx isn't even here to flirt with me. It's just me talking about my awesome Garfield cat who I love more than any of my fans..... just kidding! I genuinely love and care about you guys, and that's the best way that I can describe it. You are like a whole bunch of kittens and I LOVE YOU. Not every creator will feel the same as me, and that's fine, but I'm being genuine every time I say it. My Youtooz plushies drop later this month so you better buy one before they sell out. Maybe even resell them at a 100x markup.",Entertainment,US,0.22233955986640122
rwiskJjUjig,[BE ORIGINAL] Stray Kids(스트레이 키즈) '락 (樂) (LALALALA)' (4K),2023-11-12T14:00:29Z,UCEIi7zFR_wE23jFncVtd6-A,STUDIO CHOOM [스튜디오 춤],24,2023-11-13T00:00:00Z,M2|엠투|스튜디오 춤|스춤|Studio choom|COVERS|커버스|DANCE THE X|댄스 더 엑스|댄스|DANCE|비 오리지널|BE ORIGINAL|커버|COVER|Artist Of The Month|AOTM|Drop the dance|드롭더댄스|Mix & Max|믹스앤맥스|믹앤맥|stray kids|straykids|스트레이키즈|스트레이 키즈|스키즈|skz|seungmin|lee know|bang chan|leeknow|bangchan|felix|hyunjin|i.n.|i.n|in|changbin|han|jisung|lalalala|stray kids lalalala|스트레이 키즈 락|락|스트레이키즈 락,1145390,248033,0,5122,https://i.ytimg.com/vi/rwiskJjUjig/default.jpg,False,False,[BE ORIGINAL] Stray Kids '락 (樂) (LALALALA)'[비 오리지널] 스트레이 키즈 '락 (樂) (LALALALA)'스테이가 스춤 직접 보고 판단했음 좋겠어모든 장면이 레전드 퍼포먼스라는 걸.(2:21) 樂을 찢은 당신이 챔피언입니다👑#StrayKids #스트레이키즈 #BEORIGINAL Stream various performance video on #STUDIOCHOOM!👉SUBSCRIBE👈YouTube: https://www.youtube.com/STUDIOCHOOMFacebook:  https://www.facebook.com/StudioCHOOMInstagram: https://www.instagram.com/studio_choom/Naver TV: https://tv.naver.com/cjenm.STUDIOCHOOM,Entertainment,US,0.22102078767930575
WxCM-STCkRM,I have very bad news,2020-12-18T19:25:56Z,UC6IijBsVf2PlWo_uq6P9wQw,Gloom,24,2020-12-19T00:00:00Z,gloom|gloomykassie|kassie|gloomgames|twink|twinkie|chihuahua|dog|bad news|memorial|remembering|good bye,1133695,189724,1101,58504,https://i.ytimg.com/vi/WxCM-STCkRM/default.jpg,False,False,"Been a rough week, also been cathartic yet heartbreaking to edit this together because there are so many good memories. Hard to believe this chapter of my life since I was 13 is over. Finality is tough. Rest in peace, Twinkie.SUBSCRIBE HERE: https://www.youtube.com/channel/UC6IijBsVf2PlWo_uq6P9wQw?sub_confirmation=1My INSTAGRAM: http://www.instagram.com/gloomykassieMy TWITTER: http://www.twitter.com/gloomykassieMy DISCORD SERVER (13 and up only): http://discord.gg/GLOOMMERCH: http://gloom.storeWATCH MY HORRIBLE BITLIVES: https://www.youtube.com/watch?v=-RcgvL6bKZQ&list=PLwbhb6Gu7AnXcLWpGMezpMHtPc6MZIfwYMy TIK TOK is @gloomdog, here's a link: http://vm.tiktok.com/JTHb8L/---------------------------------------------------------------------------I'm Kassie, also known as Gloom! I'm a variety gamer who does gameplay commentary on indie games and some bigger titles too. I also do silly sketches, challenges, Q&As, and whatever makes you goof balls giggle.---------------------------------------------------------------------------I do my best to upload at a few times a week (unless my life is a mess).",Entertainment,US,0.21895483353106435
mpHlRC4evuk,TWICE Performs 'Cry For Me' On The Kelly Clarkson Show,2021-04-27T21:00:14Z,UCmSQ47G2NHhcjRAm9Px6R3g,The Kelly Clarkson Show,24,2021-04-28T00:00:00Z,Kelly Clarkson|Entertainment|Music|Daytime|TWICE|Cry For Me|The Kelly Clarkson Show|NBC|talk show|American Idol|The Voice|singer|musician|NBC TV|Television|Funny|comedic|humor|jokes|funny video|interview|variety|talent|celebrities|video|clip|highlight|songs|TWICE on Kelly|TWICE live|I CAN’T STOP ME|CRY FOR ME|FANCY|MORE AND MORE|FEEL SPECIAL|WHAT IIS LOVE|YES OR YES|DANCE THE NIGHT AWAY|TT|LIKEY|CRY FOR ME live,1246789,228841,2241,43747,https://i.ytimg.com/vi/mpHlRC4evuk/default.jpg,False,False,"K-pop girl group TWICE performs their new single Cry For Me on The Kelly Clarkson Show.#KellyClarksonShow #TWICESubscribe to The Kelly Clarkson Show: https://bit.ly/2OtOpf8 FOLLOW USInstagram: https://www.instagram.com/kellyclarksonshow/Twitter: https://twitter.com/KellyClarksonTVFacebook: https://www.facebook.com/KellyClarksonShow/ For even more fun stuff, visit https://kellyclarksonshow.com/ The Kelly Clarkson Show is the uplifting daytime destination for humor,, and connection featuring Emmy-winning talk show host, Grammy-winning artist and America’s original idol, Kelly Clarkson.",Entertainment,US,0.21863202193795422
6_TQZsurikg,Backstage with BTS at Virgil Abloh's Men's Fall-Winter 2021 Show in Seoul | LOUIS VUITTON,2021-07-10T02:00:11Z,UC5q0PIKGr2lGOsiT14AlEYg,Louis Vuitton,24,2021-07-11T00:00:00Z,backstage|bts|fashionshow|louisvuitton|menfw21|virgilabloh,1995343,423728,1009,9458,https://i.ytimg.com/vi/6_TQZsurikg/default.jpg,False,False,"A behind the scenes glimpse into Virgil Abloh’s latest Louis Vuitton Men’s Fall-Winter 2021 show in Seoul with House Ambassadors BTS. Get an in-depth look backstage and discover the pop stars’ looks and participation in the presentation.ABOUT LOUIS VUITTONSince 1854, Louis Vuitton has placed fashion in the context of culture bringing unique designs to the world, combining innovation with style and uncompromising quality. Today, the Maison remains faithful to the spirit of its founder, Louis Vuitton, who invented a genuine “Art of Travel” through luggage, bags and accessories which were as creative as they were elegant and practical.Still haven't subscribe to Louis Vuitton on YouTube? ► http://on.louisvuitton.com/6053GTKUSCONNECT WITH LOUIS VUITTONDiscover more on: http://on.louisvuitton.com/6054GTKUsTwitter: http://on.louisvuitton.com/6055GTKUtFacebook: http://on.louisvuitton.com/6056GTKUQInstagram: http://on.louisvuitton.com/6057GTKUv",Entertainment,US,0.21709851388959192
4kwkLBnc4fE,[Artist Of The Month] 'Therefore I Am' covered by ITZY RYUJIN(류진) | November 2021 (4K),2021-11-20T14:00:01Z,UCEIi7zFR_wE23jFncVtd6-A,STUDIO CHOOM [스튜디오 춤],24,2021-11-21T00:00:00Z,M2|엠투|스튜디오 춤|스춤|Studio choom|COVERS|커버스|DANCE THE X|댄스 더 엑스|댄스|DANCE|비 오리지널|BE ORIGINAL|커버|COVER|류진|있지|ryujin|itzy|billie eilish|빌리아일리시|아오먼|류진 아오먼|있지 아오먼|artist of the month|aotm|아오먼 류진,3182267,651233,5192,34316,https://i.ytimg.com/vi/4kwkLBnc4fE/default.jpg,False,False,[Artist Of The Month] 'Billie Eilish - Therefore I Am' covered by ITZY RYUJIN[아티스트 오브 더 먼스] 'Billie Eilish - Therefore I Am' covered by 있지 류진류진의 류진에 의한 류진만을 위한 무대!작은 움직임 하나도 예술로 만드는 퍼포퀸👍(2:29) 아이컨택 하는 순간 류멬미 크레이지🤪* Original Track: Billie Eilish 'Therefore I Am'* Choreographer: Ali / Bell (hypeup)* Dancer: BELL / NOTTO / MAJORICA / GARAM[Artist Of The Month]'Artist of The Month' allows you to hear K-POP Artists' dance philosophy with their special performance only for STUDIO CHOOM audience. Welcome to the new K-POP Dance journey of STUDIO CHOOM with your favorite K-POP Artists!'Artist Of The Month’ present by 스튜디오 춤 K-POP 아티스트의 특별한 퍼포먼스와 춤과 함께했던 모든 순간들을 들어보는 시간 #ArtistOfTheMonth #AOTM #RYUJINStream various performance video on STUDIO CHOOM!👉SUBSCRIBE👈YouTube: https://www.youtube.com/STUDIOCHOOMFacebook:  https://www.facebook.com/StudioCHOOMInstagram: https://www.instagram.com/studio_choom/Naver TV: https://tv.naver.com/cjenm.STUDIOCHOOM,Entertainment,US,0.21542786950309323
kRlxTJSPKK8,Natanael Cano || BZRP Music Sessions #59,2024-04-04T00:00:30Z,UCmS75G-98QihSusY7NfCZtw,Bizarrap,24,2024-04-04T00:00:00Z,Bizarrap|Bzrp|bzpp|bizapop|music session|bisarrap|bizzarrap|biza|bisa sesion|sesion|y miko|puerto rico|vol 58|bizza session|españa|argentina|mexico|corridos|corritos tumbados|trap corrido|nata y biza|Natanael Cano || BZRP Music Sessions #59|nata session|endiamantado|entre las de 20|biza 59|bizza nata,5111118,1006878,0,86431,https://i.ytimg.com/vi/kRlxTJSPKK8/default.jpg,False,False,00:00  Endiamantado02:33  Entre las de 20Natanael Cano || BZRP Music Sessions #59 Lyrics by: https://www.instagram.com/natanael_canoBeat by:  https://www.instagram.com/bizarrap  Mixed by: https://www.instagram.com/joshgudwin  Mastered by: https://www.instagram.com/beckermastering  Shot and Edit by: https://www.instagram.com/pedro.colmeiro   VFX: https://www.instagram.com/sart0ri Entre las de 20 Lyrics by: https://www.instagram.com/natanael_canoBeat by:  https://www.instagram.com/bizarrap  Mix by: https://www.instagram.com/eldannyfelix   Master by: https://www.instagram.com/rivstrips Booking / Contacto  contacto.bizarrap@daleplay.la#bizarrap #NatanaelCano #Endiamantado #Entrelasde20,Entertainment,US,0.21390799429792073
oHpmz6SxH2U,KAI 카이 'Rover' MV Reaction (feat. EXO),2023-03-14T13:00:29Z,UCzCedBCSSltI1TFd3bKyN6g,EXO,24,2023-03-15T00:00:00Z,EXO|엑소|엑소케이|엑소엠|exok|exom|카이|KAI|Rover|MV|music video|reaction|리액션|뮤직비디오|백현|세훈|시우민|수호|첸|디오|찬열|BAEKHYUN|SEHUN|XIUMIN|SUHO|CHEN|D.O.|CHANYEOL,884773,176462,0,12265,https://i.ytimg.com/vi/oHpmz6SxH2U/default.jpg,False,False,KAI's 3rd mini album Rover is out!Listen and download on your favorite platform: http://KAI.lnk.to/Rover🏍 'Rover' MV https://youtu.be/zlTIextYnyQKAI Officialhttps://www.youtube.com/weareoneEXOhttps://www.youtube.com/KAIyoutubehttps://www.facebook.com/weareoneEXOhttps://www.instagram.com/weareone.exohttps://twitter.com/weareoneEXOhttps://www.tiktok.com/@weareone.exo_official#KAI #카이#Rover #KAI_Rover#EXO #엑소 #weareoneEXO,Entertainment,US,0.21330555973114007
gxykC33lTiQ,Polo G - GNF (OKOKOK) (Directed by Cole Bennett),2021-02-05T05:00:10Z,UCtylTUUVIGY_i5afsQYeBZA,Lyrical Lemonade,24,2021-02-05T00:00:00Z,Polo G|GNF|Ok Ok Ok|Dont Give No Fuck|Lyrical Lemonade|Chicago|Drill|Cole Bennett|Hip Hop|Black Light|1300|Lil Woo|Wooski|Capalot|The Goat|Hall of Fame,980444,186759,2428,21748,https://i.ytimg.com/vi/gxykC33lTiQ/default.jpg,False,False,"Lyrical Lemonade Presents:Polo G - GNF (Official Music Video)http://polog.lnk.to/GNFDirected & Edited: Cole Bennett Song Produced by:  WIZARDMCE & VarohlDirector of Photography: Brett ArndtVFX: Scissor Films & Cole BennettSteadicam: Renard Cheren1st AC: Eric Gauntt2nd AC: Djordo Vidovic Gaffer: Chad McClellanKey Grip: Geoffrey FingerhutBBG:  Kevin OlsonBBE: Bradley SmithSwing: Sam DemioProduction Designer: Dre Day DesignzSet Builder: Jereme WoodSet Dresser: Skoop TaylorKey Makeup: Michelle MinkMakeup Asst: Isabel O'SullivanAngel Costume: Aunna Kelly & Iry BarrettPA: Anthony AlvaradoPA: Wyatt MorrisonPA: Luke RomanoPA: Eli WallaceProducer: Salvatore TarantinoAssociate Producer: Jake MillanProduction Manager: Toni SudimacLocation Manager:  Ari Golan--Official Channel of Lyrical Lemonade Subscribe for updates on music videos, interviews, performance videos, etc.Lyrical Lemonade's Hot 25 Spotify Playlist:https://open.spotify.com/user/gh3vdz775oy18ah1wp9ucxsj5/playlist/5UuPeWDR2I8a8pORvW9vmrLyrical Lemonade Socials:http://www.twitter.com/lyricalemonadehttp://www.instagram.com/lyricalemonadehttp://www.facebook.com/lyricalemonadehttp://www.lyricallemonade.comCole Bennett Socials:http://www.twitter.com/_colebennett_http://www.instagram.com/_colebennett_LENNY ~ a hidden character representing happiness & good energyhttp://instagram.com/lenny",Entertainment,US,0.21266589422751325
hs0jo0n1OYM,Making American Food in a Place That is NOT America,2021-07-16T19:00:20Z,UCKQ-wNdh0kO5qnpPfXa2hjQ,Ranboo,24,2021-07-18T00:00:00Z,Ranboo|Ranboo burger|Tubbo|Ranboo Tubbo|Ranboolive|Ranboo funny moments|Comedy|Commentary,1679077,329961,1637,26753,https://i.ytimg.com/vi/hs0jo0n1OYM/default.jpg,False,False,"BUY MY YOUTOOZ! https://youtooz.com/collections/ranbooI am in the UK now, so I decided to make the most American food possible to feel more at home. Subscribe for more amazing American meals.I am LIVE onhttps://www.twitch.tv/Ranboolive​​I say dumb thingshttps://twitter.com/Ranboosaysstuff​​MERCH!:https://youtooz.com/collections/ranbooDISCORD:https://discord.com/invite/ranboo​​Have an awesome day!",Entertainment,US,0.2124464810130804
FpnUwGA9NDE,[BE ORIGINAL] Stray Kids(스트레이 키즈) 'CASE 143' (4K),2022-10-09T15:00:08Z,UCEIi7zFR_wE23jFncVtd6-A,STUDIO CHOOM [스튜디오 춤],24,2022-10-10T00:00:00Z,M2|엠투|스튜디오 춤|스춤|Studio choom|COVERS|커버스|DANCE THE X|댄스 더 엑스|댄스|DANCE|비 오리지널|BE ORIGINAL|커버|COVER|Artist Of The Month|AOTM|Drop the dance|드롭더댄스|Mix & Max|믹스앤맥스|믹앤맥|stray kids|Stray Kids|stray kids case 143|case 143|방찬|리노|창빈|현진|한|필릭스|승민|아이엔|bangchan|lee know|changbin|hyunjin|han|felix|seungmin|i.n|stray kids comeback|스트레이키즈|스트레이 키즈 컴백|스키즈|skz|skz case 143|case 143 stray kids,1509596,308384,0,8456,https://i.ytimg.com/vi/FpnUwGA9NDE/default.jpg,False,False,[BE ORIGINAL] Stray Kids 'CASE 143'[비 오리지널] 스트레이 키즈 'CASE 143' 치명적인 짱키즈 퍼포에 홀라당 빠져💕그저 이 말 밖에 I LOVE YOU🤟#StrayKids #스트레이키즈 #BEORIGINALStream various performance video on STUDIO CHOOM!👉SUBSCRIBE👈YouTube: https://www.youtube.com/STUDIOCHOOMFacebook:  https://www.facebook.com/StudioCHOOMInstagram: https://www.instagram.com/studio_choom/Naver TV: https://tv.naver.com/cjenm.STUDIOCHOOM,Entertainment,US,0.2098839689559326
xtgtjJvJRg8,Ranboo bakes a cake (1 MILLION Subscriber special),2021-02-26T20:00:10Z,UCKQ-wNdh0kO5qnpPfXa2hjQ,Ranboo,24,2021-03-01T00:00:00Z,Ranboo|Ranboo bakes a cake|Ranboo cake|Cake Ranboo|Ranbow|Rainbow|Comedy|Ranboolive|RanbooLIVE|Ranboo funny moments|Baking video|Commentary,1504438,291562,1005,23177,https://i.ytimg.com/vi/xtgtjJvJRg8/default.jpg,False,False,"YOUTOOZ!: https://youtooz.com/products/ranbooToday in celebration i decided to bake an ENTIRE CAKE! It went terribly, but it was fun.I am LIVE onhttps://www.twitch.tv/Ranboolive​​I say dumb thingshttps://twitter.com/Ranboosaysstuff​​MERCH!:https://streamlabs.com/ranboolive/merch​​DISCORD?!?!?!?!?!:https://discord.com/invite/ranboo​​Have an awesome day!",Entertainment,US,0.2092070261453114
HALG3Ty52mY,[BE ORIGINAL] Jimin(지민) 'Like Crazy' (4K),2023-04-03T12:00:11Z,UCEIi7zFR_wE23jFncVtd6-A,STUDIO CHOOM [스튜디오 춤],24,2023-04-04T00:00:00Z,M2|엠투|스튜디오 춤|스춤|Studio choom|COVERS|커버스|DANCE THE X|댄스 더 엑스|댄스|DANCE|비 오리지널|BE ORIGINAL|커버|COVER|Artist Of The Month|AOTM|Drop the dance|드롭더댄스|Mix & Max|믹스앤맥스|믹앤맥|bts|bts jimin|jimin|지민 솔로|지민|방탄소년단|방탄|방탄소년단 지민|방탄 지민|jimin solo|like crazy|jimin like crazy|jimin be original|be original jimin|jimin studio choom|studio choom jimin|bts jimin solo,1422970,285700,0,9518,https://i.ytimg.com/vi/HALG3Ty52mY/default.jpg,False,False,[BE ORIGINAL] Jimin 'Like Crazy' (Teaser)[비 오리지널] 지민 'Like Crazy' (티저)박지민 춤선 천재 만재 언제나 짜릿해💜(2:00) 케이팝의 신 안무 표현력 미치셨다#Jimin #지민 #BEORIGINALStream various performance video on #STUDIOCHOOM!👉SUBSCRIBE👈YouTube: https://www.youtube.com/STUDIOCHOOMFacebook:  https://www.facebook.com/StudioCHOOMInstagram: https://www.instagram.com/studio_choom/Naver TV: https://tv.naver.com/cjenm.STUDIOCHOOM,Entertainment,US,0.20746607447802834
Fp2W_7ph4wY,"i played the pokémon theme song, but put way too much effort into the video",2021-05-10T21:17:42Z,UCoNRSwYHJdy-yV1b82ZdHfQ,SethEverman,24,2021-05-11T00:00:00Z,seth|everman|setheverman|piano|eyebrows|eye|brows|bald|pikachu|pokemon|pokemon theme song|pokemon cover|pokemon remix|fat pikachu|chunky pikachu|pikachu card|pokemon card|pokemon card wall|pikachu wall|nintendo|cat,933812,184348,317,9068,https://i.ytimg.com/vi/Fp2W_7ph4wY/default.jpg,False,False,"hey guys i started working on this video in 2018 haha here's a tweet i made back then https://twitter.com/SethEverman/status/1060171250943836160 this has been a long pain thanks for watchingmy social media:TWITTER: http://www.twitter.com/sethevermanINSTAGRAM: http://www.instagram.com/sethevermanFACEBOOK: http://www.facebook.com/sethevermanYOUTUBE: http://www.youtube.com/setheverman",Entertainment,US,0.20712520293163936
ly3HDyks4Bs,[BE ORIGINAL] Stray Kids '소리꾼' (4K),2021-08-27T14:00:14Z,UCEIi7zFR_wE23jFncVtd6-A,STUDIO CHOOM [스튜디오 춤],24,2021-08-28T00:00:00Z,M2|엠투|스튜디오 춤|스춤|Studio choom|COVERS|커버스|DANCE THE X|댄스 더 엑스|댄스|DANCE|비 오리지널|BE ORIGINAL|커버|COVER|studio choom|be original|비 오리지날|스트레이 키즈|stray kids|방찬|리노|창빈|현진|한|필릭스|승민|아이엔|Bang Chan|Lee Know|Changbin|Hyunjin|Han|Felix|Seungmin|I.N.|jyp entertainment|jyp|소리꾼|Thunderous,1931507,386036,1696,13672,https://i.ytimg.com/vi/ly3HDyks4Bs/default.jpg,False,False,[BE ORIGINAL] Stray Kids 'Thunderous'[BE ORIGINAL] 스트레이 키즈 '소리꾼'눈과 귀를 모두 사로잡는 소리꾼들 도착📢👑스트레이 키즈👑 레전드 퍼포 찍었어요(2:11) 천년돌 이필릭스용복 천재다.. 무대천재#StrayKids #스트레이키즈 #BEORIGINALStream various performance video on STUDIO CHOOM!👉SUBSCRIBE👈YouTube: https://www.youtube.com/STUDIOCHOOMFacebook:  https://www.facebook.com/StudioCHOOMInstagram: https://www.instagram.com/studio_choom/Naver TV: https://tv.naver.com/cjenm.STUDIOCHOOM,Entertainment,US,0.20694100513226202
iRvwBbUrLD4,MY NEW HOUSE TOUR!!,2021-04-12T03:45:13Z,UCwVg9btOceLQuNCdoQk9CXg,Ben Azelart,24,2021-04-12T00:00:00Z,ben azelart|brent rivera|Lexi rivera|stokes twins|ben Azelart girlfriend|Lexi rivera boyfriend|mylifeaseva|lexi hensler|Andrew davila|pierson|Pierson wodzynski|Jeremy hutchins|dom brack|Brent and pierson,1232874,169647,868,83495,https://i.ytimg.com/vi/iRvwBbUrLD4/default.jpg,False,False,"...it was a WILD week!GET THE MERCH! https://staywildshop.comDon't forget to SUBSCRIBE to my channel for NEW videos every weekend!! Also, make sure to LIKE this video if you enjoyed it! Turn my POST NOTIFICATIONS on to get notified whenever I post! I love you guys and thanks for watching!INTRO SONG: Ace Of Spades By Yugohttps://distrokid.com/hyperfollow/yugo5/ace-of-spadesSubscribe to my friends!@Stokes Twins@Alexa Rivera@Brent Rivera@Pierson@Lexi Hensler@Jeremy Hutchins@Dom Brack@Andrew Davila@Mason Fulp@Derek Days☆ Follow Me On All Social Media!INSTAGRAM: @BenAzelart https://www.instagram.com/benazelart/TWITTER: @BenAzelart https://twitter.com/benazelartYOUTUBE: Ben Azelart https://www.youtube.com/benazelart/SNAPCHAT: @BenAzelartI have all rights to use this audio in this video according to Final Cut Pro's/YouTube's terms of use.",Entertainment,US,0.20532674060771822
xhoPI50W6i8,[Artist Of The Month] 'Bad' covered by ATEEZ WOOYOUNG(우영) | June 2021 (4K),2021-06-20T14:00:14Z,UCEIi7zFR_wE23jFncVtd6-A,STUDIO CHOOM [스튜디오 춤],24,2021-06-22T00:00:00Z,M2|엠투|스튜디오 춤|스춤|Studio choom|COVERS|커버스|DANCE THE X|댄스 더 엑스|댄스|DANCE|비 오리지널|BE ORIGINAL|커버|COVER|우영|WOOYOUNG|ATEEZ|에이티즈|artist of the month|aotm|christopher|크리스토퍼|bad|배드|우영 크리스토퍼|우영 커버|우영 bad|스춤 우영|스튜디오춤 우영|아오먼 우영|aotm wooyoung|artist of the month wooyoung|artist of the month 우영|우영 춤|우영 cover,2037077,350301,1123,64170,https://i.ytimg.com/vi/xhoPI50W6i8/default.jpg,False,False,"[Artist Of The Month] ‘Christopher - Bad’ covered by ATEEZ WOOYOUNG[Artist Of The Month] ‘Christopher - Bad’ covered by 에이티즈 우영우영 so bad… 내 심장 다 가져갔우영박력 있는 퍼포먼스 10000번째 반함(1:14) 손끝 디테일 나만 볼 순 없지(*˙˘˙)♡* Original Track : Christopher 'Bad'* Performance Director: B.B TRIPPIN* Choreographer: B.B TRIPPIN, Mr.Force[Artist Of The Month]'Artist of The Month' allows you to hear K-POP Artists' dance philosophy with their special performance only for STUDIO CHOOM audience.Welcome to the new K-POP Dance journey of STUDIO CHOOM with your favorite K-POP Artists!‘Artist Of The Month’ present by 스튜디오 춤K-POP 아티스트의 특별한 퍼포먼스와 춤과 함께했던 모든 순간들을 들어보는 시간#ArtistOfTheMonth #AOTM #WOOYOUNGStream various performance video on STUDIO CHOOM!👉SUBSCRIBE👈YouTube: https://www.youtube.com/STUDIOCHOOMFacebook:  https://www.facebook.com/StudioCHOOMInstagram: https://www.instagram.com/studio_choom/Naver TV: https://tv.naver.com/cjenm.STUDIOCHOOM",Entertainment,GB,0.20346359023247526
xYQ28eu35gI,GUESS THE BLACK PERSON FT KSI,2022-05-07T19:03:33Z,UCxOzbkk0bdVl6-tH1Fcajfg,Beta Squad,24,2022-05-09T00:00:00Z,Guess the black person|beta squad guess the|guess the|guess|the|black|person|KSI|KSI Boxing|KSI black person|beta squad guess|niko omilana|chunkz|AJ Shabeel|sharky|king kenny,2881567,580884,0,5297,https://i.ytimg.com/vi/xYQ28eu35gI/default.jpg,False,False,"Beta squad Guess the black person ft @KSI in a lineup of 6 white people vs 1 black person with @Sharky ,@KingKennyTv ,@Niko Omilana ,@Aj Shabeel and @Chunkz  Welcome to False Identity.Follow us on Social Media to stay connected!Twitter ► https://twitter.com/BetaSquad5Instagram ►  https://www.instagram.com/betasquad5",Entertainment,US,0.20342438680065394
MoFSamY3M8c,[최초공개] ♬ WOLFGANG - 스트레이 키즈(Stray Kids)ㅣ파이널 경연#KINGDOM EP.10 | Mnet 210603 방송,2021-06-03T12:27:41Z,UCbD8EppRX3ZwJSou-TVo90A,Mnet K-POP,24,2021-06-04T00:00:00Z,KINGDOM|Mnet|Stray Kids|WOLFGANF|스트레이 키즈|엠넷|엠넷 킹덤|울프강|킹덤,1368494,255178,2845,22258,https://i.ytimg.com/vi/MoFSamY3M8c/default.jpg,False,False,"[최초공개] ♬ WOLFGANG - 스트레이 키즈(Stray Kids)ㅣ파이널 경연전설이 되어라, WHO IS THE KING?＜킹덤(KINGDOM : LEGENDARY WAR)＞",Entertainment,US,0.20273088519204321
JlIfPogZ-No,[최초 공개] ♬ 소리꾼 - 스트레이 키즈(Stray Kids) | 스트레이키즈 컴백쇼 {NOEASY},2021-08-23T10:51:49Z,UCbD8EppRX3ZwJSou-TVo90A,Mnet K-POP,24,2021-08-24T00:00:00Z,엠넷|mnet|kpop|k-pop|엠카운트다운|엠카|m countdown|mcd,1378634,270027,1053,9068,https://i.ytimg.com/vi/JlIfPogZ-No/default.jpg,False,False,"스트레이 키즈를 위한, 스트레이 키즈에 의한!온통 스트레이 키즈로 꽉찬 일주일!KINGDOMWEEK : NO+",Entertainment,US,0.2024431429951677
xjy9Qwbo3OA,[BE ORIGINAL] 호시(HOSHI) 'Spider' (4K),2021-04-06T14:00:26Z,UCEIi7zFR_wE23jFncVtd6-A,STUDIO CHOOM [스튜디오 춤],24,2021-04-07T00:00:00Z,M2|엠투|스튜디오 춤|스춤|Studio choom|COVERS|커버스|DANCE THE X|댄스 더 엑스|댄스|DANCE|비 오리지널|BE ORIGINAL|커버|COVER|호시|hoshi|seventeen|spider|스파이더|hybe|하이브|hybe labels,847436,161608,426,9665,https://i.ytimg.com/vi/xjy9Qwbo3OA/default.jpg,False,False,[BE ORIGINAL] HOSHI 'Spider' [비 오리지널] 호시 'Spider' 한시도 긴장을 풀 수 없는 와일드 섹시인간호랑거미 권호시의 역대급 퍼포 도착🕷️(2:51) 615번째 외칩니다... 호랑해!!!#HOSHI​ #호시​ #BEORIGINAL​​ @HYBE LABELS Stream various performance video on STUDIO CHOOM!👉SUBSCRIBE👈YouTube: https://www.youtube.com/STUDIOCHOOMFacebook:  https://www.facebook.com/StudioCHOOMInstagram: https://www.instagram.com/studio_choom/Naver TV: https://tv.naver.com/cjenm.STUDIOCHOOM,Entertainment,US,0.2021072977782393
NjwQzJuHG4I,I PRANKED The News,2021-04-17T18:03:17Z,UCdcUmdOxMrhRjKMw-BX19AA,Niko Omilana,24,2021-04-18T00:00:00Z,Pranking the news|news prank|bbc prank|bbc|prank|Niko|Niko Omilana|niko omilana mayor|NDL|niko for mayor|pranking news channels,1670928,325478,918,11765,https://i.ytimg.com/vi/NjwQzJuHG4I/default.jpg,False,False,"I pranked BBC News into giving me an interview.REGISTER TO VOTE- https://www.londonelects.org.uk/im-voter/registering-voteFollow me on Instagram- http://instagram.com/nikoomilanaFollow me on Twitter- https://twitter.com/NikoOmilanaBusiness Email - Grace@totalpsyclone.com",Entertainment,US,0.20182976166537397
uZSF9QEyGoQ,BT21 INSIDE MANG | EP. 06,2023-04-05T09:00:11Z,UCINr5W7cwW06ADtsszAToAw,BT21,1,2023-04-06T00:00:00Z,[None],1463394,310526,0,22353,https://i.ytimg.com/vi/uZSF9QEyGoQ/default.jpg,False,False,"#BT21 #MANG #jhope #INSIDEMANG [INSIDE MANG | EP. 06]The long-awaited MANG's face reveal is finally disclosed💥🥳Join this heart-fluttering moment UNISTARS!💘-----------------------------❗️#BT21​ Official ​ Twitter : https://twitter.com/BT21_ Instagram : https://www.instagram.com/bt21_official/ Facebook : https://www.facebook.com/BT21.Official/ TikTok : https://www.tiktok.com/@bt21_official LINE : mobile📱 add @BT21_JP @BT21_USA @BT21_HK @BT21_TW @BT21_TH @BT21_KR❗️For subtitles,1. Click on the setting icon2. Click 'Subtitles/CC'3. Click on the desired subtitle language",Film & Animation,US,0.22747052400105508
hxDDIGJCCsk,ZooPhobia - Bad Luck Jack (Short),2020-09-30T16:26:33Z,UCzfyYtgvkx5mLy8nlLlayYg,Vivziepop,1,2020-10-01T00:00:00Z,Vivziepop|Zoophobia,1569852,277180,5226,32156,https://i.ytimg.com/vi/hxDDIGJCCsk/default.jpg,False,False,"Musical score by Gooseworx!Enjoy this cartoon about Jack, a sweet pup with supernatural bad luck -as he lets his best friend Zill help him with his curse, for better or worse!Set in the fantasy world of the 2012 webcomic ZooPhobia by Vivienne M.BASED on the comic's characters!Thank you everyone who supported on patreon or via merch sales! We are so glad we can bring you more cartoon content, and look forward to more HELLUVA BOSS very very soon!MERCH: https://sharkrobot.com/collections/vivziepopOr Support us on Patreon!http://www.patreon.com/VivienneMedranoCAST:JACK: Bryson BaugusZILL: Joe ZiejaKAYLA: Reba BuhrSPAM: Eric ShonkVANEXA: Kayli MillsRUSTY: Ben DiskinAUTUMN: Sam ShownDAMIAN: Alexander YapBACKGROUNDS:Sam Miller (LEAD)Benjamín Santiago ÁvilaSelene Einar GuerreroAmanda HeardKiira OnewVivienne MedranoKelsey McMeinsMagpie Raven BlackfordANIMATORS:Yizhen HouAmy HeardLorenzo EstradaKaylan PeattieDiego Mejía PachecoCarolina PáezRafael Cauich RiveraAustin KalistaAdam BohorquezMatthew MargerisonJune KindSebastian Velazquez FajardoKressent RhodesCLEANUP:Gabriela Pérez ValleBrandon Islas MadrigalEmiliano RangelJulio Marquez PDaniel Martínez HoyoAlma PereyraAdolfo RodríguezKevin Martínez BringasAustin KalistaSebastian Velazquez FajardoKressent RhodesMichelle GarcíaBenjamín Santiago ÁvilaAmy HeardDiego Mejía PachecoYizhen HouDennis Snonny MorenoBOARDS:Ashley SimpsonAmanda HeardCHARACTER DESIGN:Abdullah MoatasemVivienne MedranoDIRECTED BY:Vivienne MedranoCOMP:Sara 'Serval' Fisher (LEAD)Vivienne MedranoCarolina PáezMichael BoggsWRITTEN BY:AMANDA HEARDVIVIENNE MEDRANOVIS DEV:Jane WalkerVivienne MedranoMUSICAL SCORE:GOOSEWORXSONGS:Make A StartWritten by Andrew SteinComposed by Sam HaftPerformed by Cristina Vee and Sam HaftThe CurseWritten by Andrew SteinComposed by Shady Vox and Sam HaftPerformed by Don Darryl RiveraMonster Fighting TimeWritten and performed by:Parry GrippSupervising Sound Editor & Sound Designer Kennedy Phillips Re-recording Mixer Sean Oakley Music Mix & Studio Manager Hamed HokamzadehMixed at MelodyGun Sound Studios",Film & Animation,US,0.1970478745767117
tq_KOmXyVDo,How I Animated This Video,2021-01-22T18:56:20Z,UCVIFCOJwv3emlVmBbPCZrvw,Joel Haver,1,2021-01-24T00:00:00Z,Joel Haver|Animation|Tutorial|How I Animate|Animated,957891,178339,306,8717,https://i.ytimg.com/vi/tq_KOmXyVDo/default.jpg,False,False,"Enjoy this video about how I made this video!Here's links for everything you need -Ebsynth: https://ebsynth.com/Adobe Premiere: https://www.adobe.com/products/premiere.htmlAdobe Photoshop: https://www.adobe.com/products/photoshop.htmlDavinci Resolve (Free Premiere Alternative): https://www.blackmagicdesign.com/products/davinciresolve/Gimp (Free Photoshop Alternative): https://www.gimp.org/RedGiant Effects: https://www.redgiant.com/products/universe/Subscribe for weekly short films.More Animations - https://www.youtube.com/playlist?list=PLKtIcOP0WvJDZemPYZZQSqotCgpps5DbXSupport - Patreon: https://patreon.com/joelhaverPaypal: https://bit.ly/2ZI7uffSocial - Instagram: https://www.instagram.com/joelhaverDrawings: https://www.instagram.com/joeldrawsandwriteshaverLetterboxd: https://letterboxd.com/joelhaver",Film & Animation,US,0.19527900356094796
xs_ok7fF_s4,JaidenAnimations the Anime,2021-06-06T18:03:15Z,UCGwu0nbY2wSkW8N-cghnLpA,Jaiden Animations,1,2021-06-08T00:00:00Z,jaiden|animations|jaidenanimation|jaidenanimations,2617504,444083,2548,65125,https://i.ytimg.com/vi/xs_ok7fF_s4/default.jpg,False,False,"JaidenAnimations the Anime Season 1 OPRISE ABOVEWritten, Produced, and Mixed by Alexander Bergil: https://www.instagram.com/illberg/Performed by Rainych: https://www.youtube.com/channel/UCrrfJ_8kX6YyXE7F3pDJzEwTranslations by Datenkou: https://twitter.com/datenkouMixing Assistance RoomieOfficial: https://www.youtube.com/user/RoomieOfficialANIMATION TEAMAtrox: https://twitter.com/AtroxChobatsuDavidBaronArt: https://twitter.com/DavidBaronArtDee Helm: https://twitter.com/DeeRedHelmDenny: https://twitter.com/90PercentDennyDevon: https://www.youtube.com/channel/UCZaIIdSgN8aEUh7g_BgFobQDuckdee: https://twitter.com/duckdeeArtJaystarz: https://www.youtube.com/xjaystarzxJRFMotiny: https://www.youtube.com/channel/UCHimPYk1csmmOSGKF4pKelgPivots: https://www.youtube.com/user/ThePivotsXXDTiffanySeng: https://twitter.com/tiffanyseng_artBACKGROUND ARTAntiDarkHeart: https://twitter.com/AntiDarkHeartCOMPOSITINGSara 'Serval' Fisher: https://www.youtube.com/channel/UCcldzTEmwZiaTbhSSZXaOogLOGO & FONT DESIGNNoitibmar: https://twitter.com/noitibmarLYRICS導け　星影Can the starlight give me guidance最後まで 戦えるようにMake a stand, ‘til we come to the end of it all泥塗れだってWorking our way up through the dirt逃げ続けてBeen running from myself嘘で乗り切ろうとしてThought that I could lie and weather it out走り回ってBeen running on the edgeやっと溢れだしたA mess now I’m coming undone抑えた PAIN 消えない PAINI numb the pain, numb the pain逆らって　咎め なんてFighting not to take the blame, take the blame落ちてしまえば 君が追うのか?If I would lose it, would you follow me falling?変わらずにKNOW MY NAME? KNOW MY NAME?Or would you even know my name, know my name?導け　星影Can the starlight give me guidance最後まで 戦えるようにMake a stand ‘til we come to the end of it all泥塗れだってWorking our way up through the dirt決して諦めない 怯えた夜にはNever giving up the fight, though we’re haunted in the nightそばにいるからI’ll be staying by your side二人で立ち向かおう‘Cause together we stand and we fall僕らきっと RISE ABOVEWe are the ones who rise above転んだとしても 止めないと決めたWhen I’ve fallen on my knees, still I’m never gonna quit君がいるから‘Cause you pull me on my feetそう二人で立ち向かうAnd together we stand and we fall僕らきっと RISE ABOVEWe are the ones who rise aboveRISE ABOVE is free to use and will not be copyright striked or caught in content ID. Feel free to use the song for covers, background music, etc.Thank you for all the support over the years. I'm appreciative of you who watch the videos, my family, my friends, and my team for all giving me nothing but support every step of the way. It means very much to me to be able to do what I'm doing right now.",Film & Animation,US,0.19453953078963776
J8k2DwKnL2o,Playing an RPG for the second time,2021-01-12T16:00:08Z,UCVIFCOJwv3emlVmBbPCZrvw,Joel Haver,1,2021-01-13T00:00:00Z,Joel Haver|Trent Lenkarski|RPG|Animation,989229,172184,889,10714,https://i.ytimg.com/vi/J8k2DwKnL2o/default.jpg,False,False,"Adventure awaits again.The third installment of the RPG series - https://youtube.com/playlist?list=PLKtIcOP0WvJB29YkQlSKhxwsab4JlysSjSubscribe for weekly short films.More Animations - https://www.youtube.com/playlist?list=PLKtIcOP0WvJDZemPYZZQSqotCgpps5DbXSupport - Patreon: https://patreon.com/joelhaverPaypal: https://bit.ly/2ZI7uffSocial - Instagram: https://www.instagram.com/joelhaverDrawings: https://www.instagram.com/joeldrawsandwriteshaverLetterboxd: https://letterboxd.com/joelhaver",Film & Animation,US,0.18488944420351608
rATbtwj1qls,JUST LOOK MY WAY  -(OFFICIAL VIDEO) // HELLUVA BOSS,2023-12-03T18:00:34Z,UCzfyYtgvkx5mLy8nlLlayYg,Vivziepop,1,2023-12-04T00:00:00Z,Vivziepop|Zoophobia,1922534,330210,0,23627,https://i.ytimg.com/vi/rATbtwj1qls/default.jpg,False,False,WARNING FOR: No swearing! Gasp!WATCH THE SHOW HELLUVA BOSS HERE  ► https://www.youtube.com/playlist?list=PL-uopgYBi65HwiiDR9Y23lomAkGr9mm-SOr Support on Patreon!http://www.patreon.com/VivienneMedrano#HelluvaBoss #HelluvaBossSeason2 #SEASONTWO,Film & Animation,US,0.18404720020556203
7lp8yaQDT1U,You Cannot Dislike this Video.,2021-12-08T20:00:03Z,UC7dF9qfBMXrSlaaFFDvV_Yg,Gigguk,1,2021-12-10T00:00:00Z,Anime Zone|Gigguk|Top Anime|OP|ED,837788,140740,16466,13322,https://i.ytimg.com/vi/7lp8yaQDT1U/default.jpg,False,False,I'm glad no one disliked this video.I have a second channel: https://youtu.be/U02scvY_ZeoEdited by: Bakashifthttps://twitter.com/BakaShiftPatreon: http://www.Patreon.com/Gigguk--------------------------------------------------------------------------Follow me on Twitter: http://twitter.com/GiggukAZLike me on Facebook: http://www.facebook.com/GiggukAZFollow me on Instagram: https://www.instagram.com/giggukaz/,Film & Animation,US,0.18389139018462905
5L8O1jIzAlM,15 MONTHS,2021-07-21T18:00:01Z,UCYzPXprvl5Y-Sf0g4vX-m6g,jacksepticeye,1,2021-07-23T00:00:00Z,jacksepticeye|15 months|short film,1725241,275766,1703,38953,https://i.ytimg.com/vi/5L8O1jIzAlM/default.jpg,False,False,15 Months is a short film sharing my experience and feelings over the last year and a half.Original Music by: Ursine Vulpine http://www.ursinevulpine.com/,Film & Animation,US,0.18242031113334312
8Mk4Uykq5I8,【特報】ユーリ!!! on ICE 劇場版 : ICE ADOLESCENCE（アイス アドレセンス）,2020-11-26T09:00:04Z,UCKlXiCjg_VI0eZ9kKBeNJgw,avex pictures,1,2020-11-27T00:00:00Z,ユーリ!!! on ICE|ユーリ|yurionice|アドレセンス|ユーリ劇場|ADOLESCENCE,839603,139879,615,10535,https://i.ytimg.com/vi/8Mk4Uykq5I8/default.jpg,False,False,"2019年1月「ユーリ!!! on ICE TVシリーズ一挙劇場上映」にて限定先行解禁を行った特報映像をYouTubeにて公開しました。We've added a teaser PV, which was exclusively released at last year's theatrical screening of Yuri!!! on ICE TV series, to YouTube.Official site　http://yurionice-movie.com/Twitter　　　 https://twitter.com/yurionice_PRInstagram　　https://www.instagram.com/yurionice_pr/Facebook　　https://www.facebook.com/yurionicePR【スタッフ】原案：久保ミツロウ×山本沙代監督・構成：山本沙代ネーム(脚本原案)・キャラクター原案：久保ミツロウキャラクターデザイン：平松禎史音楽：梅林太郎　松司馬拓音楽プロデューサー：冨永恵介(PIANO)フィギュアスケート振付：宮本賢二 and Living Legendsアニメーション制作：MAPPA【STAFF】Based on a story by MITSUROU KUBO × SAYO YAMAMOTODirection & Story by SAYO YAMAMOTOScreenplay & Original character design by MITSUROU KUBOCharacter design by TADASHI HIRAMATSUMusic by TARO UMEBAYASHI & TAKU MATSUSHIBAMusic produced by KEISUKE TOMINAGA(PIANO)Figure Skating Choreography KENJI MIYAMOTO and Living LegendsAnimation by MAPPA#yurionice #ICEADOLESCENCE",Film & Animation,US,0.17914895492274324
qF1DTK4U1AM,Being Not Straight,2022-03-20T18:02:19Z,UCGwu0nbY2wSkW8N-cghnLpA,Jaiden Animations,1,2022-03-21T00:00:00Z,jaiden|animations|jaidenanimation|jaidenanimations|Aromantic|Asexual|aro|Ace|AroAce|Aromantic asexual|JaidenAnimations gay|Jaiden animation not straight|Jaiden animation lgbtq,4048665,633091,0,88832,https://i.ytimg.com/vi/qF1DTK4U1AM/default.jpg,False,False,"♥ The Team ♥Colleen: https://twitter.com/SolarCitrusClaudia: https://twitter.com/HiyFi_DavidBaronArt: https://twitter.com/DavidBaronArtDee Helm: https://twitter.com/DeeRedHelmDenny: https://twitter.com/90PercentDennyDevon: https://www.youtube.com/channel/UCZaIIdSgN8aEUh7g_BgFobQDuckdee: https://twitter.com/duckdeeArtJaystarz: https://www.youtube.com/xjaystarzxJRFLeslie VMotiny: https://www.youtube.com/channel/UCHimPYk1csmmOSGKF4pKelgPivots: https://www.youtube.com/user/ThePivotsXXDTiffanySeng: https://twitter.com/tiffanyseng_art------------------------------------------------------------------------------------SUBSCRIBE for more animations!https://www.youtube.com/c/jaidenMERCH:https://jaidenanimations.com/TWITTER:https://twitter.com/JaidenAnimationINSTAGRAM:https://instagram.com/jaiden_animationsIf you're an animator, artist, gamer, or entertainer, then join us at Channel Frederator Network: https://frdr.us/JaidenWanna Send Fanart?You can send it to me through Twitter or Instagram (links above)------------------------------------------------------------------------------------Music:Heartwarming (PMD2)Spinda's Shop (PMD2)Kecleon's Shop (PMD)Friend Arena Steppe (PMD)",Film & Animation,US,0.17831136930321476
wy1bXhEczGM,Mystery Skulls Animated - The Future,2020-11-01T01:00:02Z,UCT2SpyOpcX7nt6VAfmiQdzg,MysteryBen27,1,2020-11-02T00:00:00Z,Mystery Skulls Animated|MSA|The Future|Enemy|Lewis|Arthur|Vivi|Mystery|Mystery Skulls,1540354,250329,902,20156,https://i.ytimg.com/vi/wy1bXhEczGM/default.jpg,False,False,"Patreon-http://www.patreon.com/MysteryBenSupport Mystery Skulls-http://www.mysteryskullshq.comhttp://www.mysteryskulls.bandcamp.comGet MSA Merch here-http://www.mystery-skulls-animated.myshopify.comDIRECTORBen MangumCO DIRECTORKressent RhodesANIMATIONAmy HeardBen MangumHailey Squigglydigg LainJavier UlloaKressent RhodesJune KindSamantha AmesLorenzo EstradaLEAD CLEANUPJourdan LaskoCLEANUPJacob McCawPhui Jing LingBen MangumKressent RhodesColten SeamensTom BeuerleinSPX & TECHNICAL LEADPatrick Rantalahttp://www.aisle99.comSPX ANIMATORAndrew StadlerJosh BerkmanANIMATICIsaiah KimSOUND DESIGNStrelokVOICE ACTORSArthur- Austin Lee MatthewsVivi- Amanda KayILLUSTRATIONSMelanie Purpah PulsipherCONCEPT ARTISTNelnalLEAD BACKGROUND ARTISTGreg BartlettBACKGROUND ARTISTSErin FrostHuyen NguyenJonathan MunroLeslie WebsterLucy PoynterMagpie Raven BlackfordSam MillerYael Gilbert",Film & Animation,US,0.17559924536827248
Wmo8M0pNgCc,HELLUVA 2022 TRAILER,2021-12-17T18:44:17Z,UCzfyYtgvkx5mLy8nlLlayYg,Vivziepop,1,2021-12-18T00:00:00Z,Vivziepop|Zoophobia,1371797,216005,0,15518,https://i.ytimg.com/vi/Wmo8M0pNgCc/default.jpg,False,False,HAPPY HOLIDAYS EVERYONE! Thanks for supporting us for a full year of Helluva Boss! Excited to bring you more of this story in 2022!HELLUVA BOSS MERCH AVAILABLE ► https://sharkrobot.com/vivziepop#helluvabossSupport the show on Patreon!http://www.patreon.com/VivienneMedrano,Film & Animation,US,0.1687735138653897
kpnwRg268FQ,HELLUVA BOSS - Loo Loo Land // S1: Episode 2,2020-12-09T21:00:23Z,UCzfyYtgvkx5mLy8nlLlayYg,Vivziepop,1,2020-12-11T00:00:00Z,Helluva Boss|Helluva Boss cartoon|Helluva Boss animation|Helluva Boss season 1|Helluva Boss official|Helluva Boss Official episode|Helluva Boss Loona|Helluva Boss Blitz|Helluva Boss Moxxie|Helluva Boss Millie|Helluva Boss Blitzo|helluva boss season one episode one|helluva boss vivziepop|helluva boss new|helluva boss new episode|Helluva boss murder family|helluva boss episode 2|helluva boss season 1 episode 2|helluva boss season 1 part 2|helluva boss part 2,4815242,729839,2754,82214,https://i.ytimg.com/vi/kpnwRg268FQ/default.jpg,False,False,"EPISODE 2 IS ACTUALLY HERE!When Stolas hires I.M.P as bodyguards on a trip to Loo Loo Land, things sure do happen.HELLUVA BOSS MERCH AVAILABLE ► https://sharkrobot.com/vivziepopWARNING: for clown!HELLUVA BOSS MERCH AVAILABLE ► https://sharkrobot.com/vivziepopEPISODE 1: https://www.youtube.com/watch?v=el_PChGfJN8Or Support us on Patreon!http://www.patreon.com/VivienneMedrano#helluvaboss",Film & Animation,US,0.16864219908365977
Acn0EIys4b4,Hazbin Hotel - Season 1 Trailer,2023-12-13T16:00:05Z,UCzfyYtgvkx5mLy8nlLlayYg,Vivziepop,1,2023-12-14T00:00:00Z,Vivziepop|Zoophobia,1892662,294386,0,17399,https://i.ytimg.com/vi/Acn0EIys4b4/default.jpg,False,False,"GET READY FOR An R-rated, animated musical comedy set in Hell. Yes, you read that right!! Created by Vivienne Medrano, Hazbin Hotel follows Charlie Morningstar, the princess of Hell, as she pursues her seemingly impossible goal of rehabilitating demons to peacefully reduce overpopulation in her kingdom. Starring Erika Henningsen, Stephanie Beatriz, Alex Brightman, Keith David, Kimiko Glenn, Blake Roman, Amir Talai, Christian Borle, and Joel Perez. Guest starring Broadway veterans Darren Criss, Jeremy Jordan), Daphne Rubin-Vega, Patina Miller, and Jessica Vosk. With original music and lyrics from platinum-certified artist Sam Haft and Emmy-nominated Andrew Underberg.",Film & Animation,US,0.16473358687393735
axyvgpBNkpg,Combat gods II,2022-12-17T23:00:09Z,UCD7KU_n4CuC50laQLvKP-mA,Jhanzou,1,2022-12-19T00:00:00Z,[None],887109,127743,0,15617,https://i.ytimg.com/vi/axyvgpBNkpg/default.jpg,False,False,"The final brawl between two Legendary fightersWatch Part 1 here- https://www.youtube.com/watch?v=d_qGO4GrbQMWatch Trailer here- https://www.youtube.com/watch?v=41YFZ8UswjoSupport~Get your Merch here- https://jhanzou.creator-spring.com/Use code: COMBATGODS for 10% OFF-----------------------------------------------------------------------Become a Patreon- https://www.patreon.com/JhanzoriSocials~Twitter- https://twitter.com/JhanzoriInstagram- https://www.instagram.com/jhanzori_/Discord- https://discord.gg/SPtX7TNPls show him some love, he helped me with all voice acting for free!- https://twitter.com/DJohnsonVAMusic~---------------------------------------------------------------------------------Artist: SybridSong: SuperchargerStream: https://open.spotify.com/track/5rnui20XZ4oHeWCpmoamWY?si=7f5ce7b3df6549a2https://music.apple.com/us/album/supercharger-remastered/1371230304?i=1371230577---------------------------------------------------------------------------------------https://www.youtube.com/watch?v=POMrW2uwDKYhttps://www.youtube.com/watch?v=dw2QtiTMLhQPLS SUBSCRIBE, LIKE & SHARE if you appreciate my content",Film & Animation,US,0.1616035909905096
h2ZmVAdezF8,HELLUVA BOSS - The Harvest Moon Festival // S1: Episode 5,2021-04-30T21:00:25Z,UCzfyYtgvkx5mLy8nlLlayYg,Vivziepop,1,2021-05-01T00:00:00Z,Helluva Boss|Helluva Boss cartoon|Helluva Boss animation|Helluva Boss season 1|Helluva Boss official|Helluva Boss Official episode|Helluva Boss Loona|Helluva Boss Blitz|Helluva Boss Moxxie|Helluva Boss Millie|Helluva Boss Blitzo|helluva boss vivziepop|helluva boss new|helluva boss new episode|Helluva boss murder family|helluva boss part 5|helluva boss episode 5|helluva boss season one part 5|helluva boss season 1 episode 5,3564950,510477,1823,47334,https://i.ytimg.com/vi/h2ZmVAdezF8/default.jpg,False,False,Blitz sees a horse. Things sure do happen!HELLUVA BOSS MERCH AVAILABLE ► https://sharkrobot.com/vivziepopWARNING: for horse!Pilot Episode ► https://www.youtube.com/watch?v=OlahN...​Episode One ► https://www.youtube.com/watch?v=el_PC...​Episode Two ► https://www.youtube.com/watch?v=kpnwR...​Episode Three ►  https://www.youtube.com/watch?v=Rghsg...​Episode Four ► https://www.youtube.com/watch?v=1ZFse...​Or Support on Patreon!http://www.patreon.com/VivienneMedrano​​​#helluvaboss​,Film & Animation,US,0.1564709182456977
2fDVXFlHtdE,Steven Universes BIG BELLY,2022-04-24T17:00:01Z,UC91V6D3nkhP89wUb9f_h17g,MeatCanyon,1,2022-04-26T00:00:00Z,Steven Universe|Will Smith|Chris Rock|Jschlatt|Meatcanyon|Meatcanyon Steven universe,1279597,192228,0,6474,https://i.ytimg.com/vi/2fDVXFlHtdE/default.jpg,False,False,https://www.youtube.com/c/PapaMeathttps://www.youtube.com/c/PapaMeathttps://www.youtube.com/c/PapaMeat,Film & Animation,US,0.15528482795755227
3Ou8WmrZ0Pw,The BTS Meal | McDonald’s,2021-05-26T11:00:11Z,UCRI5ZedBs0_BYY4PlxD6m7w,McDonald's,1,2021-05-30T00:00:00Z,BTS|McDonald's|BTS Meal|RM|Jin|SUGA|j-hope|Jimin|Taehyung|V BTS|Jungkook,2248606,328784,5199,18297,https://i.ytimg.com/vi/3Ou8WmrZ0Pw/default.jpg,False,False,"Get the BTS meal today. 10 piece Chicken McNuggets, a Coke, medium Fries, and 2 exclusive sauces picked by BTS: Sweet Chili sauce and Cajun.For a limited time at participating McDonald’s. © 2021 McDonald’s",Film & Animation,US,0.1543538530093756
_spuxXnul0U,HELLUVA BOSS - THE CIRCUS // S2: Episode 1,2022-07-30T17:00:20Z,UCzfyYtgvkx5mLy8nlLlayYg,Vivziepop,1,2022-07-31T00:00:00Z,Helluva Boss|Helluva Boss cartoon|Helluva Boss animation|Helluva Boss official|Helluva Boss Official episode|Helluva Boss Loona|Helluva Boss Blitz|Helluva Boss Moxxie|Helluva Boss Millie|Helluva Boss Blitzo|helluva boss vivziepop|helluva boss new|helluva boss new episode|helluva boss season 2|helluva boss season 2 episode 1|helluva boss season 2 the circus|helluva boss the circus,4593444,650138,0,51140,https://i.ytimg.com/vi/_spuxXnul0U/default.jpg,False,False,"So you guys like backstories? Cuz things sure did happened.WARNING: for daddy issues.HELLUVA BOSS MERCH AVAILABLE ► https://sharkrobot.com/vivziepopHELLUVA SEASON TWO IS HERE!! Thank you all for the patience and understanding! We have been hard at work on these new episodes and cannot wait to bring you more soon! For those expecting part II of the S1 finale, we ran into a roadblock but season two will continue until we are able to get it out! We are just happy we can bring you more now. Thank you endlessly for the support in the meantime, we hope you enjoy this labor of love!WANT MORE? WATCH OUR OTHER EPISODES!Pilot Episode ► https://www.youtube.com/watch?v=OlahNrlcgS4S1 Episode One ► https://www.youtube.com/watch?v=el_PChGfJN8S1 Episode Two ► https://www.youtube.com/watch?v=kpnwRg268FQS1 Episode Three ►  https://www.youtube.com/watch?v=RghsgkZKedgS1 Episode Four ► https://www.youtube.com/watch?v=1ZFseYPmkAkS1 Episode Five ► https://www.youtube.com/watch?v=h2ZmVAdezF8S1 Episode Six ► https://youtu.be/yXErLiSbxXQS1 Episode Seven ► https://youtu.be/8zyGQquL8VMOr Support on Patreon!https://www.patreon.com/VivienneMedranoThumbnail by Gasu!#HelluvaBoss #HelluvaBossSeason2 #SEASONTWO",Film & Animation,US,0.15266932610912423
ehOrsedsq3Q,Soulmate control’s your…✋😳 (PART 1) #soulmate #christmas #pov,2021-12-09T05:15:09Z,UC_oMKGSjJp838-WKqp0phiQ,Brianna Mizura,1,2021-12-10T00:00:00Z,[None],1302526,196568,1311,545,https://i.ytimg.com/vi/ehOrsedsq3Q/default.jpg,False,False,,Film & Animation,US,0.15133133618829875
rYTVBSeTLUQ,Hazbin Hotel – Announcement | Prime Video,2023-09-28T14:05:00Z,UCzfyYtgvkx5mLy8nlLlayYg,Vivziepop,1,2023-09-29T00:00:00Z,Vivziepop|Zoophobia,2357250,330326,0,25243,https://i.ytimg.com/vi/rYTVBSeTLUQ/default.jpg,False,False,"Soon, we'll all be in hell. No, seriously!! Season 1 of Hazbin Hotel, from Vivienne Medrano, is coming January 2024. And guess what, Season 2 is confirmed too!",Film & Animation,US,0.15084059815462933
OrtrzIWfGYw,FLY,2022-06-19T11:47:25Z,UCZOnoLKzoBItcEk5OsES2TA,Don't Hug Me .I'm Scared,1,2022-06-20T00:00:00Z,[None],1711608,232336,0,25145,https://i.ytimg.com/vi/OrtrzIWfGYw/default.jpg,False,False,DON'T HUG ME I'M SCARED. COMING SEPTEMBER 2022. CHANNEL 4.,Film & Animation,US,0.1504322251356619
OQx7q6mwkV4,My First Time Playing D&D,2023-10-14T18:02:13Z,UCGwu0nbY2wSkW8N-cghnLpA,Jaiden Animations,1,2023-10-15T00:00:00Z,jaiden|animations|jaidenanimation|jaidenanimations,1455832,206961,0,11849,https://i.ytimg.com/vi/OQx7q6mwkV4/default.jpg,False,False,roll for you to watch this video and say it was funny and great and jaiden is so awesome oh look at that a nat 20Alpharad: https://www.youtube.com/@AlpharadRanboo: https://www.youtube.com/c/RanbooSlimecicle: https://www.youtube.com/@SlimecicleSFX- SirMeowMusic: https://www.youtube.com/@PleaseStopTalkingPodcast♥ The Team ♥AdamX: https://twitter.com/AdamEHKSColleen: https://twitter.com/SolarCitrusClaudia: https://twitter.com/HiyFi_DavidBaronArt: https://twitter.com/DavidBaronArtDee Helm: https://twitter.com/DeeRedHelmDenny: https://twitter.com/90PercentDennyDevon: https://www.youtube.com/channel/UCZaIIdSgN8aEUh7g_BgFobQDuckdee: https://twitter.com/duckdeeArtJaystarz: https://www.youtube.com/xjaystarzxJRFLeslie VPinkPapi: https://youtube.com/@PinkPapiYouTube?si=CMkGeZvfewDSjNCxTiffanySeng: https://twitter.com/tiffanyseng_art------------------------------------------------------------------------------------SUBSCRIBE for more animations!https://www.youtube.com/@jaidenanimationsMERCH:https://jaidenanimations.com/TWITTER:https://twitter.com/JaidenAnimationINSTAGRAM:https://instagram.com/jaiden_animationsWanna Send Fanart?You can send it to me through Twitter or Instagram (links above)------------------------------------------------------------------------------------Music: nintendo stuff------------------------------------------------------------------------------------#jaidenanimations #dungeonsanddragons #d&d,Film & Animation,US,0.15029893559146934
4J0xFUyz1nw,HELLUVA BOSS - SEEING STARS // S2: Episode 2,2022-10-19T17:00:05Z,UCzfyYtgvkx5mLy8nlLlayYg,Vivziepop,1,2022-10-20T00:00:00Z,Helluva Boss|Helluva Boss cartoon|Helluva Boss animation|Helluva Boss official|Helluva Boss Official episode|Helluva Boss Loona|Helluva Boss Blitz|Helluva Boss Moxxie|Helluva Boss Millie|Helluva Boss Blitzo|helluva boss vivziepop|helluva boss new|helluva boss new episode|helluva boss season 2|helluva boss season 2 episode 2|helluva boss season 2 seeing stars|helluva boss seeing stars|helluva boss octavia|helluva boss human loona|helluva boss human stolas,4061942,564539,0,36764,https://i.ytimg.com/vi/4J0xFUyz1nw/default.jpg,False,False,"Octavia steals the Grimoire and things sure do happen.WARNING: for Los Angeles.HELLUVA BOSS MERCH AVAILABLE ► https://sharkrobot.com/vivziepopHELLUVA SEASON TWO IS HERE!! Thank you all for the patience and understanding! We have been hard at work on these new episodes and cannot wait to bring you more soon! For those expecting part II of the S1 finale, we ran into a roadblock but season two will continue until we are able to get it out! We are just happy we can bring you more now. Thank you endlessly for the support in the meantime, we hope you enjoy this labor of love!WANT MORE? WATCH OUR OTHER EPISODES!Pilot Episode ► https://www.youtube.com/watch?v=OlahNrlcgS4S1 Episode One ► https://www.youtube.com/watch?v=el_PChGfJN8S1 Episode Two ► https://www.youtube.com/watch?v=kpnwRg268FQS1 Episode Three ►  https://www.youtube.com/watch?v=RghsgkZKedgS1 Episode Four ► https://www.youtube.com/watch?v=1ZFseYPmkAkS1 Episode Five ► https://www.youtube.com/watch?v=h2ZmVAdezF8S1 Episode Six ► https://youtu.be/yXErLiSbxXQS1 Episode Seven ► https://youtu.be/8zyGQquL8VMS2 Episode One ► https://youtu.be/_spuxXnul0UOr Support on Patreon!https://www.patreon.com/VivienneMedranoThumbnail by Gasu!#HelluvaBoss #HelluvaBossSeason2 #SEASONTWO",Film & Animation,US,0.14803337910782577
Y2Y5KVtU810,I Like Girls - JoCat Animation,2021-04-03T01:17:20Z,UCRDVE5L1LTWhmPAKKbUBGtg,JoCat,1,2021-04-04T00:00:00Z,jocat|hijek|crap guide,914466,125315,1217,7162,https://i.ytimg.com/vi/Y2Y5KVtU810/default.jpg,False,False,Wamenbased on Boys by Lizzomonster hunter 8 bit theme used: https://youtu.be/NBg1SDWDnLIIn order of appearance:[BIG GIRLS]Lady Dimitrescu - Resident Evil the VillageZarya - OverwatchShe-Hulk - Marvel Comics[PRETTY KITTY GIRLS]Felicia - DarkstalkersCaptain Amelia - Treasure Planet[REALLY WITTY GIRLS]GLaDOS - PortalVelma Dinkley - Scooby Doo[SINGING DITTY GIRLS]Red - TransistorLohse - Divinity: Original Sin 2[LEGGY GIRLS]2B - NieR: AutomataChun Li - Street Fighter[GOOD CHEST]Nyanners - VSHOJOIronmouse - VSHOJOVeibae - VTuberSilvervale - VSHOJO[BELLY FOLDS]Great Fairy - Legend of Zelda: Breath of the WildMelony - Pokemon Sword and Shield[SIX PACKS]Noi - DorohedoroRinkah - Fire Emblem: FatesKorra - Avatar: The Legend of Korra[TALL QUEENS]Urbosa - Legend of Zelda: Breath of the WildMerlwyb - Final Fantasy XIVBayonetta - Bayonetta[SHORTSTACKS]Midna - Legend of Zelda: Twilight PrincessRouge the Bat - Sonic the Hedgehog[MILD GIRLS]Olivia - Fire Emblem: AwakeningDusa - HadesTali'Zorah - Mass Effect[WILD GIRLS]Jessie - PokemonManuela - Fire Emblem: Three HousesBowsette - Super Mario►Support me: https://www.patreon.com/user?u=9866256►Twitch: https://www.twitch.tv/jocat►Merch: https://www.thedeckofmany.com/jocat ►Hit Point Press: https://hitpointpress.com?aff=4►Twitter: https://twitter.com/JoCat105►Stream VODs: https://www.youtube.com/channel/UCqfq3qAqk-VUaX5ZGm8Zbhw►Website: https://www.jocat.net/►Discord: https://discord.gg/xFMsw2rOther music courtesy of Epidemic Sound: https://player.epidemicsound.com/,Film & Animation,US,0.14486815256116684
vffu6FG4YP4,LACKADAISY (Pilot),2023-03-29T18:00:07Z,UCHpyAufyq1-igTlgA9XjbcQ,Lackadaisy,1,2023-03-31T00:00:00Z,[None],1512444,204693,0,14082,https://i.ytimg.com/vi/vffu6FG4YP4/default.jpg,False,False,"Support Lackadaisy on Patreon - https://patreon.com/LackadaisyRead the comic - https://lackadaisy.comSee more from Iron Circus - https://ironcircus.comJoin the Lackadaisy community - https://discord.gg/LackadaisyCheck out the upcoming Backerkit crowdfund for Lackadaisy plushes, books and more - https://bit.ly/3TQ9mPjIt's 1927 and Prohibition is the law of the land. For Rocky, Freckle and Ivy, the night shifts are never dull.LACKADAISY, based on a comic series by Tracy J. Butler, was directed by Fable Siegel, produced by Iron Circus Animation, and made by a crew of more than 160 skilled artists across the world. The project was funded by Kickstarter backers, aided by Patreon supporters, and fueled by fan viewership and enthusiasm during the course of its production. Thank you so much for watching, and for your support!Music featured:Olive Branch by SepiatonicSunset Rose Cocktail by M GewehrFeathers N Fringe by Albert Marlowe#lackadaisy #lackadaisycats #cats #animation #pilot #2danimation #indieanimation  #animationmovie #prohibition #charleston #gatsby #gangsters #mobsters #mafia #1920s #1930s #jazz #electroswing #electroswingdance #flappers #tommygun #lackadaisyfilm #comics #webcomics #sepiatonic #lacksadaisy #lack-a-daisy #lackdaisy #lackadaisical #lackydaisy #lackydasy #lakkadazy #laccadazy #lacadaze #lacadazy",Film & Animation,US,0.14464998373493498
JSgrumHw-XA,When the Controller Dies from the NPC's Perspective,2021-02-12T15:01:39Z,UCVIFCOJwv3emlVmBbPCZrvw,Joel Haver,1,2021-02-13T00:00:00Z,Joel Haver|Trent Lenkarski|NPC|NPC's Perspective,1120226,155385,532,4717,https://i.ytimg.com/vi/JSgrumHw-XA/default.jpg,False,False,"He made it this far just to do that?Subscribe for weekly short films.More Animations - https://www.youtube.com/playlist?list=PLKtIcOP0WvJDZemPYZZQSqotCgpps5DbXSupport - Patreon: https://patreon.com/joelhaverPaypal: https://bit.ly/2ZI7uffSocial - Instagram: https://www.instagram.com/joelhaverDrawings: https://www.instagram.com/joeldrawsandwriteshaverLetterboxd: https://letterboxd.com/joelhaver",Film & Animation,US,0.14291937519750478
njnpzWbhpK8,Poison (Official Remix) | Hazbin Hotel | Prime Video,2024-04-01T05:23:29Z,UCzfyYtgvkx5mLy8nlLlayYg,Vivziepop,1,2024-04-02T00:00:00Z,Vivziepop|Zoophobia,831214,108958,0,9045,https://i.ytimg.com/vi/njnpzWbhpK8/default.jpg,False,False,"Get a taste of poison…Performed by Roman, original music and lyrics Sam Haft and Andrew Underberg, remix by The Living Tombstone, and produced Yoav Landau. Erika Henningsen, Stephanie Beatriz, Blake Roman, Amir Talai, Keith David, Alex Brightman, Kimiko Glenn, Joel Perez, and Christian Borle star in Hazbin Hotel, from Vivienne Medrano. Season 1 now streaming on Prime Video.",Film & Animation,US,0.14196464448385132
CB6YOyPsH40,JUST CLICK IT ALRIGHT,2021-07-18T20:38:03Z,UCGwu0nbY2wSkW8N-cghnLpA,Jaiden Animations,1,2021-07-20T00:00:00Z,jaiden|animations|jaidenanimation|jaidenanimations,2858529,378029,2668,24639,https://i.ytimg.com/vi/CB6YOyPsH40/default.jpg,False,False,https://jaidenanimations.com/,Film & Animation,US,0.14086545912250673
i8r4h29tEWQ,VIDEO GAME HOUSE 6,2023-10-06T03:22:14Z,UC4G10tk3AHFuyMIuD3rHOBA,RDCworld1,1,2023-10-07T00:00:00Z,[None],1068715,137386,0,12746,https://i.ytimg.com/vi/i8r4h29tEWQ/default.jpg,False,False,Everyone's getting debuts in this episode! But for better or worse?Thank you to everyone who helped in the video!Peach - @jalonazDaisy - @missjourdyAmy - @godtobiasMrs. Pacman - @beccasupremeZelda - @aniya.cheriALL SONGS USED IN INTERVIEWS:Mr. Pac-Man: https://youtu.be/J5aQoJ_dy0U?si=hyViKsqeCaTNH81RCell: https://www.youtube.com/playlist?list=PLpXnJosOQVEsFr0cbZCT4W2Jw4pY84G2OFortnite: https://youtu.be/Jp5EFiyoK94?si=UM-DB9QnK7X1uFq1Shadow: https://youtu.be/7zTp3AN5MA0?si=pgBs7EdpTaZZq_w4Ryu: https://youtu.be/FED7f9J1fHg?si=04Jc0VRXNRDFYpEbSonic Heroes: https://youtu.be/VAyPPWRQumM?si=uWkqkgfw2Sa9m5fbDonkey Kong: https://youtu.be/DvgMnpJH4-0?si=-KVsEzeFkkLqyygELink: https://youtu.be/CxcW9z9-Jq8?si=db4mGxQM1G8JXosjChief: https://youtu.be/XR7AAO-_6Cc?si=xLCbQLpxf1DcyfRcTails: https://youtu.be/XR7AAO-_6Cc?si=xLCbQLpxf1DcyfRcMario: https://youtu.be/dve9Gf1PDjc?si=4cERye597UVX9LFh🌎RDC's SOCIALS🌎Mark - @SupremeDreams_1Aff - @AffiongLeland - @23_Is_LelandDylan - @DylanPatel4_Desmond - @l0v3andPeac3Benjamin - @Ive_Ben_JamminJohn - @PlayThatJohnEARLY RELEASES DROPPING HERE: https://www.rdcuniverse.com/FREE 7-DAY TRIAL🌎 REAL DREAMS CHANGE THE WORLD 🌎🗣️ TWITTER: https://twitter.com/RDCworld1📷 IG: https://www.instagram.com/rdcworld1/👔 MERCH: https://rdcworld1.com🎮 GAMING CHANNEL: https://www.youtube.com/@RDCWorldGaming👾 TWITCH: https://www.twitch.tv/rdcgaming🎙️ PODCAST: https://linktr.ee/rdcworld💜 DISCORD: https://discord.gg/rdcworld1☁️ DREAM CON: https://www.dreamconvention.com🎵 SOUNDCLOUD: https://soundcloud.com/rdcworld,Film & Animation,US,0.14047898644633977
Ez4Lwt5-ZM0,Gorillaz - The Valley of the Pagans ft. Beck (Episode Eight),2020-11-05T17:30:09Z,UCfIXdjDQH9Fau7y99_Orpjw,Gorillaz,1,2020-11-06T00:00:00Z,Gorillaz|Beck|Gorillaz The Valley of the Pagans|The Valley of the Pagans Gorillaz|Valley of The Pagans|Gorillaz Beck|Gorillaz feat. Beck|Gorillaz featuring Beck|song machine|song machine episode 8|gorillaz song machine|gorillaz new song|gorillaz 2020|gorillaz 2020 song|damon albarn|jamie hewlett|2d|noodle|russel|murdoc|alternative|episode 8|gorillaz new track|gorillaz featuring|gorillaz feat|song machine #8|Gorilaz,938577,121685,1221,10122,https://i.ytimg.com/vi/Ez4Lwt5-ZM0/default.jpg,False,False,"Order Song Machine Season One: Strange Timez by Gorillaz here – https://smarturl.it/gorillaz.storeGorillaz present Song Machine | Season One Episode Eight: The Valley of the Pagans ft. Beck Follow your nearest Song Machine https://gorill.az/songmachineHit subscribe now (snooze you lose)Follow Gorillaz: https://instagram.com/gorillaz https://twitter.com/gorillaz https://facebook.com/gorillaz https://gorillaz.com[CREDITS]Director: Jamie HewlettCo-Directors: Tim McCourt, Max TaylorProducer: Eva DahlqvistProduction Managers: Lisa A. Smith, Samia AhmedProduction Assistant: Laurence Moss2D Animation Supervisor/Lead Animator: Venla Linna2D Animation: Simone CirilloClean Up Artists: Paola Costigliola, Kay Sales, Simone Cirillo, Venla Linna, Daniel Morales RamirezCompositing: Freddie Lewis-Walls, Bernardo Varela, Elliott KajdanCompositing Assist: Skye van der WaltMatte Paint: Yann BenediSupporting Visuals: InfamousSabreProduction Company: The Line Gorillaz are managed by Eleven Management#Gorillaz #SongMachine",Film & Animation,US,0.14043280412795114
3quQ4R5nQFw,My First Slumber Party - Storytime,2021-06-06T17:00:02Z,UC91V6D3nkhP89wUb9f_h17g,MeatCanyon,1,2021-06-07T00:00:00Z,meatcanyon|storytime|meatcanyon storytime|pokemon|meatcanyon pokemon,1430642,187792,1335,12749,https://i.ytimg.com/vi/3quQ4R5nQFw/default.jpg,False,False,Yes. This is a true story.if you enjoyed the toon consider signing up for a monthly sticker on my patreon!https://www.patreon.com/meatcanyon3D Animator and Designer:Potatoman: https://twitter.com/PotatomanNg?s=20Animators:SierraSaura:  https://www.youtube.com/channel/UCTSZj_tuddKwwV5k7I3TD0AJerb: https://www.youtube.com/channel/UCzon8jqzuQ3tTN6ICqknQKwVimhomeless: https://twitter.com/VimHomeless?s=20Storyboards:Baldemar Rivas : https://www.instagram.com/marsisanartist/?hl=enAudio:Justin Greger: https://twitter.com/imadeasong?s=20Composer:Samuel Long: https://open.spotify.com/artist/1o4eqJumHhKcJrpybBK20R?si=I8xtb8hBTxmamyd8jt9mZAP,Film & Animation,US,0.140175529587416
CJ68kQLS250,Gorillaz - The Pink Phantom ft. Elton John & 6LACK (Episode Seven),2020-10-01T16:00:11Z,UCfIXdjDQH9Fau7y99_Orpjw,Gorillaz,1,2020-10-02T00:00:00Z,Gorillaz|gorillaz The Pink Phantom|The Pink Phantom Gorillaz Elton John|Elton John|6lack|Black|song machine|song machine episode 7|gorillaz song machine|gorillaz new song|gorillaz 2020|gorillaz 2020 song|damon albarn|jamie hewlett|2d|noodle|russel|murdoc|alternative|episode 7|gorillaz new track|gorillaz featuring|gorillaz feat|song machine #7,1393358,181789,2856,13337,https://i.ytimg.com/vi/CJ68kQLS250/default.jpg,False,False,"Pre-order Song Machine Season One: Strange Timez by Gorillaz here – https://smarturl.it/gorillaz.storeGorillaz present Song Machine | Season One Episode Seven: The Pink Phantom ft. Elton John & 6LACKWorld Premiere October 1st - 5.00pm BSTFollow your nearest Song Machine https://gorill.az/songmachineHit subscribe now (snooze you lose)Follow Gorillaz: https://instagram.com/gorillaz https://twitter.com/gorillaz https://facebook.com/gorillaz https://gorillaz.com[CREDITS]Director: Jamie HewlettCo-Directors: Tim McCourt, Max TaylorProducer: Eva DahlqvistProduction Managers: Samia Ahmed & Lisa A. SmithProduction Assistants: Laurence Moss & Skye van der Walt2D Animation Supervisor/Lead Animator: Venla Linna2D Animators: Amanda Holm, Simone Cirillo, Pierre RutzClean Up Artists: Paola Costigliola, Venla Linna, Amanda Holm, Francisco Magalhães, Jessica LeslauCompositors: Deborah Ho, Max Taylor, Freddie Lewis-Walls, Vincent E Souza, Elliott KajdanProduction Company: The Line Gorillaz are managed by Eleven Management",Film & Animation,US,0.14004010455317298
jgZxKSYfTcs,The Ultimate Ratatouille Recap Cartoon,2020-09-01T14:00:24Z,UCr1fdFXztwacnJ206hMgG7w,Cas van de Pol,1,2020-09-02T00:00:00Z,ratatouille|remy|rats|we are the rats|were the rats|animation|cartoon|cas van de pol|cas|cartoon by cas|disney|parody|recap|ultimate recap|remake|simba|animating|ultimate|2007|rat|lion king|jerma|jerma985|le festin|animated|recap cartoon|movie|film,875279,117521,1608,4944,https://i.ytimg.com/vi/jgZxKSYfTcs/default.jpg,False,False,"The ultimate recap cartoon of Pixar's 2007 masterpiece, Ratatouille! Follow Remy as he posses Linguini and takes over the world. Oh and get all caught up before Disney's live action remake?supported by patreon! https://www.patreon.com/casvdptwitter: https://twitter.com/kn0nkerinstagram: http://instagram.com/casvdpCredits:Storyboarded by BassetfilmsAnimation by Cas van de Pol & Erik WaeijenColoring by Liz El SaadanyBackgrounds by Cas van de PolMusic by Robert Jung",Film & Animation,US,0.13991538697946598
FlYAdfwLpEc,HAPPY ANNIVERSARY #HazbinHotel,2022-10-28T16:00:09Z,UCzfyYtgvkx5mLy8nlLlayYg,Vivziepop,1,2022-10-29T00:00:00Z,Vivziepop|Zoophobia,1345678,178268,0,9223,https://i.ytimg.com/vi/FlYAdfwLpEc/default.jpg,False,False,see you in Hell next summer. https://hazbinhotel.com,Film & Animation,US,0.13932827912769621
8ghEl_ibLiI,I REALLY NEED YOUR HELP,2021-10-03T18:25:32Z,UCGwu0nbY2wSkW8N-cghnLpA,Jaiden Animations,1,2021-10-04T00:00:00Z,jaiden|animations|jaidenanimation|jaidenanimations,2659579,352185,2106,18244,https://i.ytimg.com/vi/8ghEl_ibLiI/default.jpg,False,False,LINK TO DONATE: https://donate.tiltify.com/+pandas-nickvitational/jaidenbcrfTWITCH EVENT: https://www.twitch.tv/PandaGlobal,Film & Animation,US,0.1392810666650624
Rp9fZGqG0Qo,Trapped In A Family Guy Cutaway,2022-05-15T17:00:23Z,UC91V6D3nkhP89wUb9f_h17g,MeatCanyon,1,2022-05-16T00:00:00Z,Family Guy|Family Guy cutaway|Meatcanyon|Family guy meatcanyon|Peter Griffin|Trapped In A Family Guy Cutaway Gag,1931099,255659,0,12844,https://i.ytimg.com/vi/Rp9fZGqG0Qo/default.jpg,False,False,Thanks for watching!Animators:Jerb: https://twitter.com/jerbjpg?s=20Vudujin: https://twitter.com/VudujinDublyMike: https://twitter.com/dublymike?s=203d work done by the ever amazing @Hoolopee https://www.youtube.com/channel/UCE_gw5ybJdGAcyZFy6TfScwAudio Design:https://twitter.com/imadeasong?s=20Composer:Alex Walker Smith: https://www.youtube.com/alexwalkersmith,Film & Animation,US,0.13904155095103876
49LcXmSr8O8,I played weird virtual pet games,2021-03-14T18:02:30Z,UCGwu0nbY2wSkW8N-cghnLpA,Jaiden Animations,1,2021-03-15T00:00:00Z,jaiden|animations|jaidenanimation|jaidenanimations,2066835,255630,1081,26905,https://i.ytimg.com/vi/49LcXmSr8O8/default.jpg,False,False,"video game animals♥ The Team ♥Atrox: https://twitter.com/AtroxChobatsuDavidBaronArt: https://twitter.com/DavidBaronArtDee Helm: https://twitter.com/DeeRedHelmDenny: https://twitter.com/90PercentDennyDevon: https://www.youtube.com/channel/UCZaIIdSgN8aEUh7g_BgFobQDuckdee: https://twitter.com/duckdeeArtJaystarz: https://www.youtube.com/xjaystarzxJRFMotiny: https://www.youtube.com/channel/UCHimPYk1csmmOSGKF4pKelgPivots: https://www.youtube.com/user/ThePivotsXXDTiffanySeng: https://twitter.com/tiffanyseng_art------------------------------------------------------------------------------------SUBSCRIBE for more animations!https://www.youtube.com/c/jaidenMERCH:https://jaidenanimations.com/TWITTER:https://twitter.com/JaidenAnimationINSTAGRAM:https://instagram.com/jaiden_animationsIf you're an animator, artist, gamer, or entertainer, then join us at Channel Frederator Network: https://frdr.us/JaidenWanna Send Fanart?You can send it to me through Twitter or Instagram (links above)------------------------------------------------------------------------------------Music: Pokemon Mystery Dungeon Wigglytuff's Guild------------------------------------------------------------------------------------monky with sweater",Film & Animation,US,0.1366993494884691
0FbthjBFmfY,Personal and Channel Update,2023-03-31T19:29:18Z,UC2IYWWifoIht9T47z1Z5lJw,Dead Meat,1,2023-04-02T00:00:00Z,horror|dead meat|movies|scary|films|kills|kill count|body count|james a. janisse|jaj|pine commander boogie,1211416,143748,0,21083,https://i.ytimg.com/vi/0FbthjBFmfY/default.jpg,False,False,,Film & Animation,GB,0.1360647374642567
SV9SwKd6J3w,R O U N D 6 ｜ Alien Stage,2024-04-05T09:00:08Z,UCch9Dmg5Juwp8MZGvAmAp4Q,VIVINOS,1,2024-04-06T00:00:00Z,[None],838595,103668,0,9265,https://i.ytimg.com/vi/SV9SwKd6J3w/default.jpg,False,False,[Alien Stage IVAN & TILL MD Pre-order]📡 https://linktr.ee/vivinos__Sale period 24.04.05 PM 6:10~24.04.15 PM 23:59[Alien Stage : CURE]• R O U N D 6 ｜ Alien Stage- Spotify :https://open.spotify.com/album/4dLW62kTXGOTpmFoHIDULe?si=uw6xjwMMS7Ceo6hVxvuDbg&nd=1&dlsi=f9291b8e320e4948- Genie : https://www.genie.co.kr/detail/albumInfo?axnm=84951280- Melon : https://www.melon.com/album/detail.htm?albumId=11458141- Bugs : https://music.bugs.co.kr/album/20634024?wl_ref=list_tr_07_search- Vibe : https://vibe.naver.com/album/31238184- Apple Music : https://music.apple.com/us/album/cure-original-soundtrack-from-vivinos-alien-stage-pt/1739046380- Youtube Music :https://www.youtube.com/watch?v=z-OjzweMxVMMR 다운로드 :  / cure-instrumental-alien-stage-ostENG Translate by Stephanie ChoiJPN Translate by Eguchi Yukikoⓒ 2024. Studio LICO all rights reserved.,Film & Animation,US,0.13466929805209904
Q0oOtWE3Qfc,Soulmate controls your….✋😳 (PART 2) #christmas #shorts #funny #soulmate,2021-12-10T01:30:13Z,UC_oMKGSjJp838-WKqp0phiQ,Brianna Mizura,1,2021-12-11T00:00:00Z,[None],1467557,196569,1397,489,https://i.ytimg.com/vi/Q0oOtWE3Qfc/default.jpg,False,False,POV: Each week your soulmate gets to control something in your life.,Film & Animation,US,0.13427621550645052
sA5PxGHqpTo,Backrooms - Found Footage #2,2022-08-22T03:53:38Z,UC8X4WT5_lUXqMjeN8bGFk9w,Kane Pixels,1,2022-08-23T00:00:00Z,backrooms|the backrooms|backrooms found footage|kane pixels|kane parsons|backrooms kane|async|async research|scifi|horror|analog horror|webseries|filmmaking|liminal|liminal space|liminal spaces|strangely familiar pictures with unnerving music|found footage,1027559,122093,0,15726,https://i.ytimg.com/vi/sA5PxGHqpTo/default.jpg,False,False,08/19/1995https://ko-fi.com/kanepixelsVA - Madisonhttps://youtu.be/Kq6l9yCO9rI,Film & Animation,US,0.13412271217516464
FkXhKu80CWU,POMNI WAKE UP TIME TO GO ON AN ADVENTURE,2024-02-23T20:00:12Z,UCn_FAXem2-e3HQvmK-mOH4g,GLITCH,1,2024-02-24T00:00:00Z,meta runner|glitch productions|funny|video game|webtoon|cartoon|3d animation|animation|2d animation|3d art|animated web series|web series|online animation|newgrounds|nintendo|fortnite|minecraft|smg4|mario|supermarioglitchy4|anime|western shounen|naruto|my hero academia|zelda|glitch,6802609,851331,0,58770,https://i.ytimg.com/vi/FkXhKu80CWU/default.jpg,False,False,"THE AMAZING DIGITAL CIRCUS IS COMING!!! Yes, we've been hard at work on season 1 and will be dropping episodes this year and into next year. Thank you for your patience ❤️ We are also working hard on Murder Drones at the same time and will be releasing the final episodes of that too, soon! For now we're looking at DC ep 2 coming out around May.New merch just dropped, every dollar goes towards supporting the show!: https://digitalcircus.store/CREDITS:Created, Directed, and Written by Gooseworx--- Executive Producers - Kevin Lerdwichagul, Luke LerdwichagulProducer - Kevin LerdwichagulDevelopment Producer - Jasmine Yang---Voice ActorsPomni - Lizzie FreemanCaine - Alex RochonThe Sun - Payton Goodwin---Concept Artist - GooseworxVoice Acting Director - GooseworxPrevis Production Manager - Robin FrenchStoryboard Artist - Robin French Editorial - Gooseworx, Robin FrenchLook Development - Max RudlandProduction Manager - Kevin LerdwichagulAsset Production Co-ordinator - Oliver MaShot Production Co-ordinator - Jacqui Pennay2D Artist & Animator - Gooseworx3D Character, Assets & Prop Artists - Max Rudland, Alicia HowardTexturing & Surfacing Artists - Max Rudland, Alicia HowardEnvironment Artists - Alicia Howard, Max RudlandRigger - Marc Humphreys, Evan HuangMaya Technical Artists & Tools - Marc Humphreys, Ondřej Perný Lead Animator - Kevin Temmer3D Animators - Erik Segriff, Austan ToddUE5 & Houdini VFX Artist - Stephen De MataPipeline Engineer - Ondřej Perný Post Production Manager - Luke LerdwichagulUnreal Generalists - Abhignya Cavale, Jerry SuiUE5 Technical Artists - Max Rudland, Jerry SuiUE5 Engineer - Ondřej Perný Lighting Artist - Selina MayShader Artist - Max RudlandDoF Artist - Selina MaySet Dressing - Alicia HowardRender Technician - Jerry SuiMotion Graphics - DitzyFlamaCompositing & After Effects VFX - DitzyFlamaIT Technician - Aythan Maconachie (ep 1-2)Music Composer - GooseworxSound Design - GooseworxSound Mix & Mastering - GooseworxDistribution - Kevin Lerdwichagul, Luke Lerdwichagul, Jasmine YangMarketing Officer - Suskia PhillipsHead of Product - Jasmine YangSenior Product Designer - Matt GaglioneProduct Officer & Photographer - Wenbo ZhaoThumbnail Posing - Micah Preciado, Joe MarshallThumbnail lighting + rendering - DitzyFlamaSpecial Thanks - Domenic “Cube” G",Film & Animation,US,0.13378705140924607
2GKiV133Zq4,Dance Mentor LISA Show Time: Lover & Intentions | Youth With You S3 | 青春有你3 | iQiyi,2021-02-17T12:01:34Z,UCUhpu5MJQ_bjPkXO00jyxsw,iQIYI 爱奇艺,1,2021-02-18T00:00:00Z,LISA YOUTH WITH YOU 3|LISA YOUTH WITH YOU S3|LISA DANCE MENTOR SHOW|LISA LOVER|LISA INTENTIONS|LISA STAGE YOUTH WITH YOU S3|LISA STAGE|LISA OPENING SHOW|LOVER KUN CAI|INTENTIONS JUSTIN BIEBER|youth with you s3 ep1|mentor show youth with you|youth with you stage of dance mentor lisa|Youth With You S3 TRAILER|lisa|blackpink lisa|lisa dance mentor|lisa youth with you s3|Youth With You S3|Youth With You|青春有你第三季|青春有你3|Youth With You Season 3|Iqiyi|青春有你3 训练生,2789151,353786,2911,15963,https://i.ytimg.com/vi/2GKiV133Zq4/default.jpg,False,False,"【Youth With You S3】IS PREMIERING ON FEB 17th, WED. AT 8PM (GMT+8) ON iQiyi! And the show is streaming EVERY THUR. AND SAT. at 8PM(GMT+8) from FEB 18th! Watch more for FREE & ONLY on iQiyi App or Website!App: http://bit.ly/ywy3aWebsite: http://bit.ly/ywy3webSubscribe Now:iQiyi Vietnam: https://bit.ly/iqvietsiQiyi Thailand: https://bit.ly/iqthaiiQiyi Malaysia: https://bit.ly/iqmalayiQiyi Indonesia: https://bit.ly/iqindosiQiyi Korea: https://bit.ly/iqkoreaiQiyi Arabic: http://bit.ly/iqarabiciQiyi 精选: https://bit.ly/iqiyicnFollow us on:Facebook: https://bit.ly/iqiyifbInstagram: https://bit.ly/iqiyiinsTwitter: https://bit.ly/iqiyitw#YouthWithYouS3 #LISA #iQiyi",Film & Animation,US,0.13256686353661024
FgwfObY-WDQ,You Got A Friend In Me,2022-02-20T18:00:09Z,UC91V6D3nkhP89wUb9f_h17g,MeatCanyon,1,2022-02-21T00:00:00Z,toy story|lightyear|buzz lightyear|woody|meatcanyon toy story|meatcanyon,1377072,175046,0,6317,https://i.ytimg.com/vi/FgwfObY-WDQ/default.jpg,False,False,LINK TO SECOND CHANNEL:https://www.youtube.com/c/PapaMeatWritten By:Vinny Locasto: https://www.youtube.com/channel/UCzps7gGDnIBlcwA_7SSSeighttps://www.tiktok.com/@vinnylocasto?lang=enMeatcanyonAnimators:Jerb: https://twitter.com/jerbjpg?s=20Vudujin: https://twitter.com/VudujinDublyMike: https://twitter.com/dublymike?s=20BG Artist:Kuo Yang: https://www.artstation.com/kuoyangCOMP FX:Molly Wright: https://www.youtube.com/c/wollymightAudio Design:https://twitter.com/imadeasong?s=20Composer:Alex Walker Smith: https://www.youtube.com/alexwalkersmith,Film & Animation,GB,0.13170190084469077
0XwlWXtpaCM,Backrooms - Pitfalls,2022-05-02T03:34:11Z,UC8X4WT5_lUXqMjeN8bGFk9w,Kane Pixels,1,2022-05-03T00:00:00Z,Backrooms|the backrooms|liminal|liminal space|horror|analog horror|scifi|short film|found footage|kane pixels|the backrooms found footage|analog|scary|strangely familiar pictures|liminal space music|found footage backrooms|Async|kv31|Kane Parsons,1242647,147488,0,14832,https://i.ytimg.com/vi/0XwlWXtpaCM/default.jpg,False,False,5/6/1990https://ko-fi.com/kanepixelsCharacter motion captured by the Rokoko Smartsuit Pro II - https://rokoko.co/36TqjUI,Film & Animation,US,0.1306243848816277
i9tRWTof4hk,Poison (Lyric video) | Hazbin Hotel | Prime Video,2024-01-05T07:43:33Z,UCzfyYtgvkx5mLy8nlLlayYg,Vivziepop,1,2024-01-06T00:00:00Z,Vivziepop|Zoophobia,1613360,202246,0,7401,https://i.ytimg.com/vi/i9tRWTof4hk/default.jpg,False,False,"Get a taste of POISON! The second single from the Hazbin Hotel soundtrack is now available. Performed by BLAKE ROMAN as Angel DUSTErika Henningsen, Stephanie Beatriz, Blake Roman, Amir Talai, Keith David, Alex Brightman, Kimiko Glenn, Joel Perez, and Christian Borle star in Hazbin Hotel, from Vivienne Medrano. Season 1 arrives January 19, 2024 on Prime Video.",Film & Animation,US,0.12994433976297912
IGf9jAank64,Amazing Island: The Game You Wish You Played,2021-08-08T18:04:37Z,UCGwu0nbY2wSkW8N-cghnLpA,Jaiden Animations,1,2021-08-09T00:00:00Z,jaiden|animations|jaidenanimation|jaidenanimations|amazing island|jaidenanimation amazing island|jaiden amazing island|funny video|tags|hi,1871381,220567,803,19009,https://i.ytimg.com/vi/IGf9jAank64/default.jpg,False,False,"shaped like friendsAlpharad: https://www.youtube.com/user/alpharaddScribbleShowdown tickets: https://www.scribbleshowdown.com/♥ The Team ♥Atrox: https://twitter.com/AtroxChobatsuDavidBaronArt: https://twitter.com/DavidBaronArtDee Helm: https://twitter.com/DeeRedHelmDenny: https://twitter.com/90PercentDennyDevon: https://www.youtube.com/channel/UCZaIIdSgN8aEUh7g_BgFobQDuckdee: https://twitter.com/duckdeeArtJaystarz: https://www.youtube.com/xjaystarzxJRFMotiny: https://www.youtube.com/channel/UCHimPYk1csmmOSGKF4pKelgPivots: https://www.youtube.com/user/ThePivotsXXDTiffanySeng: https://twitter.com/tiffanyseng_art------------------------------------------------------------------------------------SUBSCRIBE for more animations!https://www.youtube.com/c/jaidenMERCH:https://jaidenanimations.com/TWITTER:https://twitter.com/JaidenAnimationINSTAGRAM:https://instagram.com/jaiden_animationsIf you're an animator, artist, gamer, or entertainer, then join us at Channel Frederator Network: https://frdr.us/JaidenWanna Send Fanart?You can send it to me through Twitter or Instagram (links above)------------------------------------------------------------------------------------Music: Amazing Island------------------------------------------------------------------------------------And this tells me you read the description, which means you respect what I have to say! Thank you :D i love my amazing island creations i wish creamer as real",Film & Animation,US,0.12802096419702882
5ytnKggHwvY,Best of Anime 2021,2022-01-23T21:30:11Z,UC7dF9qfBMXrSlaaFFDvV_Yg,Gigguk,1,2022-01-25T00:00:00Z,Anime Zone|Gigguk|Top Anime|OP|ED|Best Anime|Best Anime 2021|Top Anime 2021|Top 10 Anime 2021|Anime 2021,994874,119715,0,7524,https://i.ytimg.com/vi/5ytnKggHwvY/default.jpg,False,False,"Yes I did watch Anime this year.Patreon: http://www.Patreon.com/GiggukIntro Music: macross 82-99,  fun tonightSome Anime OST Covers used by Samuel Kim Music:Star Wars: Visions: https://youtu.be/9LbL2555SXkJJBA Jolyne Theme: https://youtu.be/SG90tHM1twQEdited by: Bakashift, Revelhouse, RBKapoor1https://twitter.com/BakaShifthttps://www.youtube.com/user/DEEsidia97https://twitter.com/RBKapoor1Chapters:Intro - 0:0015 - 6:3014 - 7:5413 - 9:1112 + 11 - 10:3410 - 12:1809 - 13:5808 - 15:1707 - 15:3506 - 16:4605 - 18:1004 - 19:1703 - 21:0802 - 22:5501 - 24:35--------------------------------------------------------------------------Follow me on Twitter: http://twitter.com/GiggukAZLike me on Facebook: http://www.facebook.com/GiggukAZFollow me on Instagram: https://www.instagram.com/giggukaz/",Film & Animation,US,0.12789458765632633
YEoCQSXl_EY,I Attempted a Speedrun (and got a world record),2020-10-11T18:06:15Z,UCGwu0nbY2wSkW8N-cghnLpA,Jaiden Animations,1,2020-10-12T00:00:00Z,jaiden|animations|jaidenanimation|jaidenanimations|cooking mama|speedrun|speedrunning|world record|jaidenanimation speedrun|jaiden animation speedrun|jaidenanimation cooking mama|jaiden animation cooking mama|jaidenanimation world record,2985775,347208,1773,33303,https://i.ytimg.com/vi/YEoCQSXl_EY/default.jpg,False,False,"pure talent♥ The Team ♥Atrox: https://twitter.com/AtroxChobatsuDavidBaronArt: https://twitter.com/DavidBaronArtDee Helm: https://twitter.com/DeeRedHelmDenny: https://twitter.com/90PercentDennyDevon: https://www.instagram.com/devonkong/Duckdee: https://twitter.com/duckdeeArtJaystarz: https://www.youtube.com/xjaystarzxJRFMotiny: https://www.youtube.com/channel/UCHimPYk1csmmOSGKF4pKelgPivots: https://www.youtube.com/user/ThePivotsXXD------------------------------------------------------------------------------------SUBSCRIBE for more animations!https://www.youtube.com/c/jaidenMERCH:https://jaidenanimations.com/TWITTER:https://twitter.com/JaidenAnimationINSTAGRAM:https://instagram.com/jaiden_animationsIf you're an animator, artist, gamer, or entertainer, then join us at Channel Frederator Network: https://frdr.us/JaidenWanna Send Fanart?You can send it to me through Twitter or Instagram (links above)------------------------------------------------------------------------------------Music: Cooking Mama Opening Menu ------------------------------------------------------------------------------------And this tells me you read the description, which means you respect what I have to say! Thank you :D i wonder if cooking mama is single",Film & Animation,US,0.12744128408872069
9P4bMIDpWXw,IT'S MY BIRTHDAY SO YOU HAVE TO CLICK ON THIS VIDEO,2020-11-09T23:45:38Z,UCiYcA0gJzg855iSKMrX3oHg,CoryxKenshin,20,2020-11-11T00:00:00Z,its|my|birthday|so|you|have|to|click|on|this|video|coryxkenshin|cory|kenshin|28|th|samurai|subscribers|love,1905875,707447,2851,147920,https://i.ytimg.com/vi/9P4bMIDpWXw/default.jpg,False,False,"For real though, thank you all so much for the support through the years. You've watched me grow up and witnessed the glow up (heheh) and I appreciate all the love you've made me feel today...Instagram: https://www.instagram.com/coryxkenshinTwitter: https://twitter.com/CoryxKenshin",Gaming,US,0.44880540434183774
jvVbaLINHk0,Dawn of 16th | Dream SMP Animation,2021-01-06T06:00:10Z,UCv3Kk__aFcKKx_o2686uQcw,SAD-ist,20,2021-01-06T00:00:00Z,[None],1265063,398114,677,66302,https://i.ytimg.com/vi/jvVbaLINHk0/default.jpg,False,False,I know I missed like 5 arcs already but i don't care :PMUSIC:“Hit The Road Jack” by 2WEIReleased by Position MusicStream here: https://new.positionmusic.com/HitTheRoadJack2WEIGo ahead and support them!! :DVOICE CLIPS comes from the streams of the Dream SMP membersSupport me on Patreon?? o-ohttps://www.patreon.com/SADistfiedAnd I also have a Discord Server :Dhttps://discord.gg/sad-ist,Gaming,US,0.36710898982896506
k37KC1JiXn4,9 Million. The Home Stretch.,2021-03-07T21:25:23Z,UCiYcA0gJzg855iSKMrX3oHg,CoryxKenshin,20,2021-03-08T00:00:00Z,[None],1692131,384258,963,111489,https://i.ytimg.com/vi/k37KC1JiXn4/default.jpg,False,False,This one is bittersweet. Thank you.,Gaming,US,0.2929719980308853
O4mbRIskCPc,TODAY IS MY BIRTHDAY,2021-11-09T21:38:53Z,UCiYcA0gJzg855iSKMrX3oHg,CoryxKenshin,20,2021-11-11T00:00:00Z,today|is|my|birthday|coryxkenshin|cory|kenshin|three|scary|games|3 scary|game|overtime|hayami chan|hayami|horror|leftovers,3483921,854894,1553,164719,https://i.ytimg.com/vi/O4mbRIskCPc/default.jpg,False,False,"Another year of life, thank you all for rocking with me.Otis McDonald (RESET): https://www.youtube.com/watch?v=98lfGsN_WxEJoin ► http://bit.ly/1vKSGtUTwitter ► https://twitter.com/coryxkenshinInstagram ► http://instagram.com/coryxkenshinMerch (ONLY LEGIT SITE) ► https://coryxkenshin.com/Game 1: https://turnip-liker.itch.io/overtimeGame 2: https://kunoleo.itch.io/hayami-chan-3Game 3: https://realmpact.itch.io/leftoversMusic:https://www.youtube.com/user/myuujihttps://incompetech.com/music/royalty-free/music.htmlJesus said to love one another and that we should be servants to each other, so I would ask that you all do that in the comment section. Be respectful. We are a community. That means more to me than anything. Thank you.~CK#coryxkenshin",Gaming,US,0.29266249148588613
YZ3hcV4Zh7I,Dream SMP Bloopers,2021-05-15T17:00:36Z,UCv3Kk__aFcKKx_o2686uQcw,SAD-ist,20,2021-05-16T00:00:00Z,[None],1248694,349024,440,13103,https://i.ytimg.com/vi/YZ3hcV4Zh7I/default.jpg,False,False,"Youtooz Giveaway → https://youtooz.com/pages/sad-ist-giveawayVOICE CLIPS comes from the streams of the Dream SMP membersI was gonna add more, but time constraint :PSupport me on Patreon?? o-ohttps://www.patreon.com/SADistfiedAnd I also have a Discord Server :Dhttps://discord.gg/sad-istYoo! I'm in a sadist animatic!!!",Gaming,US,0.2900045968027395
_OVVgSOaiUE,Loss,2021-02-07T16:00:08Z,UCYzPXprvl5Y-Sf0g4vX-m6g,jacksepticeye,20,2021-02-08T00:00:00Z,jacksepticeye,2740087,617232,1886,135559,https://i.ytimg.com/vi/_OVVgSOaiUE/default.jpg,False,False,,Gaming,US,0.27473251761714135
j42VFHeptl8,Regarding My Retirement,2021-08-26T17:26:23Z,UCiYcA0gJzg855iSKMrX3oHg,CoryxKenshin,20,2021-08-27T00:00:00Z,coryxkenshin|break|return|regarding|my|retire|retirement|cory|kenshin|rumor|2021|10 million|10m|10|million|diamond|play|button|youtube|unboxing|video,4092432,892809,2342,231149,https://i.ytimg.com/vi/j42VFHeptl8/default.jpg,False,False,Please excuse this video's length. There's been a lot of contemplation these last 5 months and so naturally I had a lot to say. Sorry I've kept you waiting.,Gaming,US,0.27464304843672416
lgdbVb7mrCI,Ozymandias | Dream SMP Animation,2021-11-05T16:00:19Z,UCv3Kk__aFcKKx_o2686uQcw,SAD-ist,20,2021-11-06T00:00:00Z,[None],897678,228465,632,10948,https://i.ytimg.com/vi/lgdbVb7mrCI/default.jpg,False,False,"That poem Wilbur mentioned stuck with me after all these arcs. Oh well :)AUDIO:Ozymandias by Percy Bysshe Shelley, as read by Bryan CranstonI got merch :3chttps://www.sad-ist.store/Support me on Patreon?? o-ohttps://www.patreon.com/SADistfiedAnd I also have a Discord Server :Dhttps://discord.gg/sad-ist",Gaming,US,0.26670253698987834
TFh5Zr9tlW8,Final Waltz | Dream SMP Animation,2021-09-24T17:00:11Z,UCv3Kk__aFcKKx_o2686uQcw,SAD-ist,20,2021-09-25T00:00:00Z,[None],1757822,415208,1445,34994,https://i.ytimg.com/vi/TFh5Zr9tlW8/default.jpg,False,False,That took a while ;v; but its finally here!!! I think it turned out really wellI'm very happy to be able to work with lovely people.Thank you for your patience ^^Music: Final Waltz ft. 2WEI - SuprhotListen here: https://artist.positionmusic.com/FinalWaltzReleased by @Position Music   / @2WEI  Music Go check them out!! :DI got merch :3chttps://www.sad-ist.store/Support me on Patreon?? o-ohttps://www.patreon.com/SADistfiedAnd I also have a Discord Server :Dhttps://discord.gg/sad-ist,Gaming,US,0.2561135314042036
kUok7mvWgjk,PS5 & Xbox Series X Unboxing! (it's my birthday..),2020-11-08T18:17:11Z,UCS5Oz6CHmeoF7vSad0qqXfw,DanTDM,20,2020-11-09T00:00:00Z,dantdm|dan tdm|gaming|ps5|xbox series x|unboxing,1271121,241650,1500,82264,https://i.ytimg.com/vi/kUok7mvWgjk/default.jpg,False,False,sub pls : http://bit.ly/TxtGm8Twitch : http://www.twitch.tv/dantdmNEW MERCH : http://www.dantdmshop.comFollow Me : 🐦 http://www.twitter.com/DanTDM 📷 http://www.instagram.com/DanTDMUnboxing starts: 0:00PS5 Unboxing: 1:13Xbox Series X Unboxing: 4:32Comparison: 8:25Massive thanks to Playstation and Xbox for sending these to me.,Gaming,US,0.2548254650816091
ipK7vQ8gEZw,Geometry Dash Update 2.2 Sneak Peek,2021-08-14T20:00:13Z,UCz_yk8mDSAnxJq0ar66L4sw,RobTopGames,20,2021-08-15T00:00:00Z,[None],1724907,348054,1334,88681,https://i.ytimg.com/vi/ipK7vQ8gEZw/default.jpg,False,False,Sneaky Peeky: The peekiest of the sneaky/RubRubRubRubRubMore Geometry Dash:https://twitter.com/RobTopGameshttps://www.facebook.com/geometrydashhttps://discord.gg/geometrydashSecret song by MDK@MDK,Gaming,US,0.25319336056958436
0gpFsnCz3HQ,Sunsprite's Eulogy | Passerine animatic,2021-05-21T19:00:16Z,UCv3Kk__aFcKKx_o2686uQcw,SAD-ist,20,2021-05-22T00:00:00Z,[None],1328639,305349,466,27092,https://i.ytimg.com/vi/0gpFsnCz3HQ/default.jpg,False,False,"SADISTOOZ!! → https://youtooz.com/products/sad-istThis one's a little different so I hope you enjoy it ^^This video is about a Sleepy Bois Inc. fan fiction called Passerine by thcscus. I just like how well it is written and give my gratitude to the writer by making a short animatic. If you wish to give it a read, here's the link...     Passerine - thcscus(blujamas)link: https://archiveofourown.org/works/28755084     !!DISCLAIMER!!The writer informed me that she doesn't want the fic to be spammed in CCs chats/donos. So please respect that ^^MUSIC:     Café 1930 (Astor Piazzolla) - Alexandra Whittingham and Esther Abrami(Please dont spam their comment section relating to this video, instead just show them some love. Please respect creators ^^)Support me on Patreon?? o-ohttps://www.patreon.com/SADistfiedAnd I also have a Discord Server :Dhttps://discord.gg/sad-ist",Gaming,US,0.2502116827821553
1yraW3e8gRk,We're having a baby!,2023-02-05T11:00:01Z,UC-lHJZR3Gqxm24_Vd_AJ5Yw,PewDiePie,20,2023-02-06T00:00:00Z,pewdiepie|pewds|pewdie,5545983,1225854,0,110491,https://i.ytimg.com/vi/1yraW3e8gRk/default.jpg,False,False,🧎#Subscribe🧎Stock Up On ➡️🥤Gfuel (affiliate): https://gfuel.ly/pewdiepie-collection#Code #Pewdiepie👘 New Pre-Order for Tsuki: https://bit.ly/3xrWsgY📱Customized Devices: https://rhinoshield.io/pewdiepie⛰️NordVPN DOWNLOAD (affiliate link)⛰️Go to https://NordVPN.com/pewdiepie and use code PEWDIEPIE to get a 2-year plan plus 1 additional month with a huge discount. It’s risk free with Nord’s 30 day money-back guarantee!⚙️My Setup (affiliate links)⚙️🪑 Chair: https://bit.ly/3r51IUS💻 Browser: https://operagx.gg/Pewds⌨️ 🖱️ Keyboard & Mouse: https://ghostkeyboards.com/pages/pewd...🕹️ Pewdiepie's PixelingsiOS: https://buff.ly/2pNG0aTAndroid: https://buff.ly/34C68nZ🕹️Pewdiepie’s Tuber SimulatoriOS: https://apps.apple.com/us/app/pewdiep...Android: https://play.google.com/store/apps/de...,Gaming,US,0.24095728385752355
A3fcrCsOgpg,To The Samurai Community,2022-08-08T18:00:13Z,UCiYcA0gJzg855iSKMrX3oHg,CoryxKenshin,20,2022-08-09T00:00:00Z,coryxkenshin|cory|kenshin|is|back|returns|to|the|samurai|community|vlog|2022,3805566,743193,0,168444,https://i.ytimg.com/vi/A3fcrCsOgpg/default.jpg,False,False,"Hey, it's good to see you. This video is an open and sincere conversation about the state of the community, some issues I've seen within it, and my gratitude towards you all.",Gaming,US,0.2395535907142328
g8pf2jmkRZo,Technoblade,2022-07-06T18:27:13Z,UCv3Kk__aFcKKx_o2686uQcw,SAD-ist,20,2022-07-08T00:00:00Z,[None],2455868,556232,0,18527,https://i.ytimg.com/vi/g8pf2jmkRZo/default.jpg,False,False,"https://stjude.org/donate/donate-to-st-jude.htmlhttps://curesarcoma.org/donate/https://giving.mskcc.orgI didn't remember much on how I grew to love his content, but I remember knowing him through my brother. A few days before the Mr. Beast duel, I remember him asking me who would win. Me knowing Dream more than Techno, I had chosen the former, and my brother the latter. After that, I watched Techno's analysis of the duel, and his methods of telling a story in a witty humorous way is what captivated me and it just spiraled from there.I grew to love him even more during his grand entrance in the Dream SMP, and it just continued as he became one of the major characters in it and had impact the lore so greatly. I was so excited to draw him in my next animatic: 'The Fall', because I liked drawing him in the 'Techno vs Dream' animation, and more importantly, I can also continue the lore of Techno's hair design haha.On November 16, after a huge lore stream, I tweeted out if any of the Dream SMP members could message me if they have any available clear audio that I can use. The only person who ever approached me was Technoblade, and was so considerate to make a separated recording of the entire stream which was so awesome!! Especially that so many people was just talking over his epic speech. What I find funny is that despite the recording having no game audio, and other people talking, I could hear the classic clicking of his keyboard that might have been louder than him in some moments.On that same month, he became one of my patrons and I remember just fangirling so much. I didn't know how to thank him because I was still very anxious about messaging larger creators, thought my way of appreciating someone is through gestures. And so 'Hog Hunt' was made, which was pretty centric towards his character that he plays. I tried to be not as biased and give most of the members their moments, but this one's an exception haha.After that, I made a few MCYT animations and slowly fell out of the fandom, although I would rewatch some of his videos that I really liked, such as SBI related content, Potato War, and videos with Skeppy. I would look up in some of Techno fanarts because they had the most creative designs of his character and I'd love each and every one of them.Despite me slowly moving out of the fandom, he still continued to support me through patron. I did felt bad because of it, especially that he was going through a tough moment at that time. He did stopped, and it kind of felt weird that I was relieved. But I believed he needed it more than I do. That was the time I finally decided to send him a proper thank you message for everything he did. Not only did he supported me, but the rest of my family and my relatives.That was a few weeks after the unfortunate news, I was having a break out of the internet loop, and so I had to hear it from my brother. I was in denial for 3 days and heck even now. I felt so regretful that I might not have thanked him soon enough. And yet I can't help myself but admire how despite what he had been through, he remained the cool, witty and funny person that he had always been even to the end. And the impact he left with everyone is now louder than ever. He had helped so many of his audience even if those actions can't be seen by many, he still helped so much anyways.So with all that, let me say this again:Technoblade, Thank you so so much. For the laughs. For the wits. For the skill. For the content. For the inspiration. For the community. For the friends we made. For the kindness. For everything.If he ever read this, I bet he'd cringe. Good.Farewell. Live on.",Gaming,US,0.23403497256367198
g3zTR0_n-YY,Congratulations.,2022-08-14T03:02:10Z,UC7_YxT-KID8kRbqZo7MyscQ,Markiplier,20,2022-08-16T00:00:00Z,by reading this you are in direct violation of the tenets of the program|you are hereby terminated from the program,3401501,348810,0,433026,https://i.ytimg.com/vi/g3zTR0_n-YY/default.jpg,False,False,You have been selected for The Program. Please follow all instructions and await further information.,Gaming,US,0.22985029256201894
DPMluEVUqS0,so long nerds,2022-07-01T01:29:02Z,UCFAiFyGs6oDiF1Nf-rRJpZA,Technoblade,20,2022-07-01T00:00:00Z,Minecraft|Technoblade|Technothepig|Hypixel,16846983,3253577,0,572010,https://i.ytimg.com/vi/DPMluEVUqS0/default.jpg,False,False,--------------------------------BUY MY MERCHANDISE: https://technoblade.com/become a CHANNEL MEMBER here: https://www.youtube.com/channel/UCFAiFyGs6oDiF1Nf-rRJpZA/joinother YT channel (go subscribe): https://www.youtube.com/channel/UCV--8wtuyGo3vMtIdeq4j3wfollow me on twitter too: https://twitter.com/TechnothepigServer: mc.hypixel.netResource Pack: https://www.youtube.com/watch?v=fRDaP1aAPugWill I add you as a friend?: https://imgur.com/a/x6fEtzB,Gaming,US,0.22707846265411438
LbOy2XtWZ6Q,YouTube Gave Me A Strike & Won't Tell Me Why,2021-09-02T17:34:18Z,UCiYcA0gJzg855iSKMrX3oHg,CoryxKenshin,20,2021-09-03T00:00:00Z,youtube|gave|me|strike|and|wont|tell|why|discussion|yt|communication|no|coryxkenshin|cory|kenshin|channel|community|guideline|guidelines|copyright|strikes|child|safety,2490577,477639,943,69602,https://i.ytimg.com/vi/LbOy2XtWZ6Q/default.jpg,False,False,Sorry to be a downer today but this is an issue with YouTube that needs to be discussed. This is a dialogue between creator and platform about communication or should I say lack thereof.,Gaming,US,0.21972458590920899
PEe-ZeVbTLo,Baelin's Route - An Epic NPC Man Adventure,2021-05-09T10:00:16Z,UCchBatdUMZoMfJ3rIzgV84g,Viva La Dirt League,20,2021-05-10T00:00:00Z,NPC Man|PUBG Logic|pubg real life|pubg|pubg logic supercut|pubg movie|pubg parody|Viva La Dirt League|vldl|epic npc man|pubg mobile|pubg skits|viva la dirt league pubg|pubg funny|pubg live action|vldl pubg|gaming|online gaming|gamer|playtech|bored|game logic|baelin|baelins route|baelins route reaction|baelin's route|baelin's route trailer,1054084,196546,555,34762,https://i.ytimg.com/vi/PEe-ZeVbTLo/default.jpg,False,False,"Baelin (Rowan Bettjeman), a simple background NPC in the video game 'Skycraft' has been walking the same route for as long as he can remember. However, his peaceful (and mindless) routine is violently shaken as a short-tempered Adventurer (Ben Van Lier) drags him off his path and into a dangerous quest to escort a mysterious NPC girl named Willow (Phoenix Cross) across the harsh world of Azerim. ORIGINAL 'BAELIN'S ROUTE' SOUNDTRACK: https://mikenewport.hearnow.com/Special thanks to Alfonso de Orleans-Borbon for getting us across the line on the Kickstarter campaign! WATCH MORE SKITS HERE: http://bit.ly/VLDLvideosSUPPORT ON PATREON - http://bit.ly/VLDLpatreonDISCORD - http://bit.ly/VLDLdiscordFACEBOOK: http://bit.ly/VLDLfacebookTWITTER: http://bit.ly/VLDLtwitterINSTAGRAM: http://bit.ly/VLDLinstagram---------------------------------- TWITCH -------------------------------http://bit.ly/VLDLtwitch----------------------------------- MERCH--------------------------------Merchandise: http://bit.ly/VLDLmerchSongs: http://bit.ly/VLDLmusic------------------- MORE VIDEOS ------------------Epic NPC Man: http://bit.ly/NPCmanBored: http://bit.ly/VLDLboredPUBG Logic: http://bit.ly/PUBGlogicFPS Logic: http://bit.ly/FPSlogicSouls Logic: http://bit.ly/SoulslogicMusic Videos: http://bit.ly/VLDLmusicvidsWildcards: http://bit.ly/VLDLwildcard",Gaming,US,0.21943981694058537
0u4OBrru-HI,Evelyn Evelyn [DSMP Animatic],2021-01-21T10:29:01Z,UCv3Kk__aFcKKx_o2686uQcw,SAD-ist,20,2021-01-22T00:00:00Z,[None],1536658,314350,1086,20616,https://i.ytimg.com/vi/0u4OBrru-HI/default.jpg,False,False,"I did this way back, like a day before Tommy's exile. This was just for fun :)MUSIC:Song: Evelyn Evelyn Artist:Evelyn  EvelynAlso, the reason why there's people from a month ago before post was because they're a patron :DYou get some small early access to future videos in my parteon.https://www.patreon.com/SADistfiedAnd I also have a Discord Server :Dhttps://discord.gg/sad-ist",Gaming,US,0.21798344198904376
g9_aYyEDMD0,where I've been,2021-08-27T20:08:00Z,UCFAiFyGs6oDiF1Nf-rRJpZA,Technoblade,20,2021-08-28T00:00:00Z,Minecraft|Technoblade|Technothepig|Hypixel,4674111,853596,3240,164898,https://i.ytimg.com/vi/g9_aYyEDMD0/default.jpg,False,False,"PLUSHIE LINK https://youtooz.com/collections/technoblade--------------------------------become a CHANNEL MEMBER here: https://www.youtube.com/channel/UCFAiFyGs6oDiF1Nf-rRJpZA/joinother YT channel (go subscribe): https://www.youtube.com/channel/UCV--8wtuyGo3vMtIdeq4j3wfollow me on twitter too: https://twitter.com/TechnothepigServer: mc.hypixel.netResource Pack: https://www.youtube.com/watch?v=fRDaP1aAPugWill I add you as a friend?: https://imgur.com/a/x6fEtzB",Gaming,US,0.2179011153136928
OHyOOkWjZnc,I AM QUITTING MINECRAFT BEETOWN...,2021-06-25T17:03:04Z,UC0DZmkupLYwc0yDsfocLh0A,Jelly,20,2021-06-27T00:00:00Z,child friendly|family friendly|kid friendly|I AM QUITTING MINECRAFT BEETOWN...|minecraft|beetown|quitting|funny|end|end of beetown|troll|slogo|crainer|jelly,967777,203328,3126,7414,https://i.ytimg.com/vi/OHyOOkWjZnc/default.jpg,False,False,"I AM QUITTING MINECRAFT BEETOWN... If you enjoyed this video, watch more here: https://www.youtube.com/watch?v=YlgsPZrXw8Q&list=PL4RAbPVxU8uodXUImqSToc2HEwmAsfcc2💚 SUBSCRIBE & CLICK THE BELL!💎BECOME A MEMBER: https://www.youtube.com/channel/UC0DZmkupLYwc0yDsfocLh0A/join🛒 MERCHANDISE!Jelly Store: http://jellystore.comInstagram: http://instagram.com/jellystore_com/👪 MY FRIENDS!Slogoman: https://youtu.be/ngI4qc0gR1MCrainer: https://youtu.be/0gvEzyuQ0a4😊 This video is child friendly / kid friendly / family friendly!❗ FOLLOW MEInstagram: https://www.instagram.com/jelly/Twitter: https://twitter.com/JeiiyDiscord: https://www.discord.gg/JellyFacebook: https://www.facebook.com/JellyYoutuber/#Gaming #Minecraft",Gaming,US,0.21775884320458122
VZzZKuQUguk,I'm Done Making Good Videos,2020-12-04T01:00:03Z,UCsvn_Po0SmunchJYOWpOxMg,videogamedunkey,20,2020-12-04T00:00:00Z,dunkey|im done with good videos|im done making good videos|videogamedunkey|dunkey done with good videos|dunkey among us|dunkey minecraft|dunkey mario,1672134,339406,2838,23132,https://i.ytimg.com/vi/VZzZKuQUguk/default.jpg,False,False,subscribe to my youtube https://www.youtube.com/user/videogamedunkeysubscribe to my twitch https://www.twitch.tv/dunkstreamsubscribe to my twitter https://twitter.com/vgdunkeysubscribe to my magazine https://i.pinimg.com/originals/95/1f/fe/951ffe1267887e93afb2646b8b9b59fd.jpgsubscribe to my wife https://www.youtube.com/watch?v=5td7P55i5qE&ab_channel=Leahbeesubscribe to my store https://dunkeyscastle.com/,Gaming,US,0.21681157132143716
DDMrB8ESRuI,Dream vs Technoblade Animation,2020-09-29T16:00:11Z,UCv3Kk__aFcKKx_o2686uQcw,SAD-ist,20,2020-09-30T00:00:00Z,[None],1252376,241294,960,27630,https://i.ytimg.com/vi/DDMrB8ESRuI/default.jpg,False,False,"Toon Boom Upgrade! :DThis animation took a month and my sanity, I'm not doing this again(maybe sometimes) I'm going back to making animatics. I used a different Techno design because it's fun to experiment a little bit, so I hope you like it (I just want an excuse to animate hair). It wont be my permanent because I also wanted to draw him in his original. His design is inspired by @figgyvevo and @meepbot2 on twitter. There are some scenes I wanna add but the song is too short and I'm lazy and tired.This animation is based on the video $100,000 Dream vs Technoblade Duel!:https://www.youtube.com/watch?v=zVCs9Cug_qM&t=1sMusic is Minecraft OST - Pigstep (FlyxTheKid Remix): https://www.youtube.com/watch?v=r_a4Zg3PyA0Youtubers in this video:@Dream @Technoblade @MrBeast Gaming Support me on Patreon?? o-ohttps://www.patreon.com/SADistfiedAnd I also have a Discord Server :Dhttps://t.co/Uw5TF0lfgS?amp=1",Gaming,US,0.21473103924061143
4TnQ6uMEqgs,Transforming ALL of Minecraft - The ULTIMATE Survival World,2021-06-17T17:00:03Z,UC4UNqGYuB2q49GzGD_CBIVQ,TrixyBlox,20,2021-06-19T00:00:00Z,TrixyBlox|Minecraft|100 Days Minecraft|The Minecraft Ultimate Survival Map|Minecraft Transforming Every In-game Structure|Transforming The Entireity of Minecraft|Transforming All of Minecraft Into An EPIC Survival World|Minecraft But I Upgrade EVERYTHING|100 Days Transforming Minecraft|Transforming ALL of Minecraft - The Ultimate Survival World|Minecraft Desert Pyramid Transformation|Minecraft Desert Village Transformation|Minecraft Swamp Mushroom Biome Transformation,1897382,380483,1233,26170,https://i.ytimg.com/vi/4TnQ6uMEqgs/default.jpg,False,False,"Some people call me a madman... and I guess they're right. 100,000 LIKES for part 3 of the ULTIMATE survival world.DISCORD: https://discord.gg/trixybloxPATREON: https://www.patreon.com/TrixyBloxOther Channels:@MoreTrixyBlox @StephBlox Instagram: http://instagram.com/trixy.bloxInstagram: http://instagram.com/oscosborneTikTok: https://www.tiktok.com/@trixy.bloxTwitter: https://twitter.com/TrixyBlox- - - - - - - - - - - - - - - - - - - - - - - - - -Shaders: BSLMods & Plugins Used:OptifineReplay ModWorld EditVoxel Sniper- - - - - - - - - - - - - - - - - - - - - - - - - -● ● ● ● ● ● ● ● ♪♫ Artists' Credits ♫♪ ● ● ● ● ● ● ● ●Youtube Audio LibrarySong List:RocknStock - https://youtu.be/mPRpBaUbLmUPatrick Patrikios - SimpleOfshane - Sunset n BeachzCheel - Smokey EyeCheel - Anywhen You SayCheel - Blind MemoriesKwon - Lofi MalletBad Snacks - Block PartyLakely Inspired - Blue Boi - https://soundcloud.com/LAKEYINSPIRED- - - - - - - - - - - - - - - - - - - - - - - - - -#Minecraft#Transformation#Survival#UpgradingMinecraft#100Days",Gaming,US,0.21432320955927694
zpDfo7BA-80,30,2022-11-10T00:07:38Z,UCiYcA0gJzg855iSKMrX3oHg,CoryxKenshin,20,2022-11-11T00:00:00Z,30|coryxkenshin|cory|kenshin|birthday|2022|reminisce|high school|college|talk|vlog,2303355,380308,0,104625,https://i.ytimg.com/vi/zpDfo7BA-80/default.jpg,False,False,this video has no purpose other than for me to look back on thanks for being herethanks for listening,Gaming,US,0.21053333072843744
2QmNLIsQ1l8,Chica,2023-03-26T21:14:15Z,UC7_YxT-KID8kRbqZo7MyscQ,Markiplier,20,2023-03-28T00:00:00Z,[None],1612603,311553,0,24974,https://i.ytimg.com/vi/2QmNLIsQ1l8/default.jpg,False,False,it's chica's birthday today,Gaming,US,0.20868558473474252
dnpjxeDDThw,Elden Ring is RAGE GAME OF 2022,2022-02-26T19:19:37Z,UCiYcA0gJzg855iSKMrX3oHg,CoryxKenshin,20,2022-02-27T00:00:00Z,elden ring|elden|ring|game|elden ring gameplay|4k|ps5|gameplay|part 1|is|rage|of|2022|goty|boss|first|lets|play|playthrough|walkthrough|samurai|class|melina|funny|hilarious|moments|coryxkenshin|cory|kenshin|tree|sentinal,1795658,283347,0,70393,https://i.ytimg.com/vi/dnpjxeDDThw/default.jpg,False,False,"Elden Ring is HERE. Don't know if I'm going to make a complete series (up to you guys) but I was COMPELLED to record at least the introduction...Intro OST (Souichi Sakagami): https://www.youtube.com/watch?v=k3yWeS1ILdE ELDEN RING: http://spr.ly/EldenRingYTJoin ► http://bit.ly/1vKSGtUTwitter ► https://twitter.com/coryxkenshinInstagram ► http://instagram.com/coryxkenshinMerch (ONLY LEGIT SITE) ► https://coryxkenshin.com/Music:https://www.youtube.com/user/myuujihttps://incompetech.com/music/royalty-free/music.htmlJesus said to love one another and that we should be servants to each other, so I would ask that you all do that in the comment section. Be respectful. We are a community. That means more to me than anything. Thank you.~CK#coryxkenshin #EldenRing",Gaming,US,0.19699742378559837
GaHcnPDcUOE,YouTube: Racism and Favoritism,2022-08-24T16:02:24Z,UCiYcA0gJzg855iSKMrX3oHg,CoryxKenshin,20,2022-08-25T00:00:00Z,youtube|favoritism|and|racism|coryxkenshin|cory|kenshin|black|youtube black|unfair|discrimination|age|restriction|2022,3463172,613526,0,64978,https://i.ytimg.com/vi/GaHcnPDcUOE/default.jpg,False,False,Never in a million years did I think I would upload a video like this but here we are.,Gaming,US,0.19591980993147323
gF4uXGcliu8,I got Trapped in a room with Wilbur Soot,2021-07-28T13:17:29Z,UCCE5NVlm0FhbunMMBT48WAw,Fundy,20,2021-07-29T00:00:00Z,fundage|fundy|itsfundy|fundy minecraft|minecraft fundy|wilbur soot|wilbur|wilbursoot|george|georgenotfound|tubbo|tubbo ranboo|ranboo|tommyinnit|tommy|fundy vlog|tommy vlog|tubbo vlog|ranboo vlog|nihachu|niki nihachu|fundy niki|fundy tommy|fundy wilbur|fundy tubbo|fundy escaperoom|escape room fundy|wilbur escape room|fundy wilbur tubbo|tubbo escape room,1626864,304743,1425,13170,https://i.ytimg.com/vi/gF4uXGcliu8/default.jpg,False,False,"Dragon City is a free to play mobile game, click here to check it out: https://dragoncity.onelink.me/DDHl/FundyDragon City Discord: https://discord.com/invite/dragoncitySo I got trapped in a room with Wilbur Soot, Tubbo, and met some other minecraft people like TommyInnit, Niki Nihachu, Ranboo, and GeorgeNotFound. This is my vlog from when I went to Brighton, did an Escape Room by ClueQuest, and met all the Dream SMP Members. It was a lot of fun!NEW MERCH DROP: https://fundy.store/Twitch (I STREAM A LOT): https://www.twitch.tv/fundyTwitter (FUNNY STUFF): https://twitter.com/fundyliveDiscord: https://discord.gg/fundy★  Did you know subscribing on YouTube is free? Pretty neat, you should check that out.  ★Honestly it was a ton of fun doing an escape room by ClueQuest, they sponsored the Escape Room and honestly it was a blast, if you want to give them a look here's the link to their site: https://www.cluequest.co.ukThanks ClueQuest for allowing me to record this video!Songs:- 2:23 AM / Sharou- Bunch of animal crossing and Mario Galaxy, I can't remember :)#Fundy #Minecraft",Gaming,US,0.1954146136370342
Als2oXt4oEw,Tubbo Takes On America!,2021-11-29T00:39:24Z,UCAz5JW1_oryewk0eR-eP7Bw,Tubbo,20,2021-11-30T00:00:00Z,tubbo|tommyinnit|vlog|in real life|minecraft|in|real|life|dream|twitch|stealing|funny|fun|challenge|shopping|tommyinnit vlog|Tubbo Takes On America!,896793,166351,682,7777,https://i.ytimg.com/vi/Als2oXt4oEw/default.jpg,False,False,This video is about my first time visiting America! it has all of my travels and friends! plz like cus that would be king of you my good people!Editor: @LlamaNeck My Second Channel: https://www.youtube.com/channel/UCRzNmYGvKNRHEwAfs1yLHWATwitch: https://www.twitch.tv/tubboTwitter: https://twitter.com/TubboLIVE,Gaming,US,0.194167438862703
XqmknZNg1yw,System Of A Down - Protect The Land (Official Video),2020-11-06T05:00:05Z,UC7-YMmnc0ppcWmio8t1WdcA,System Of A Down,20,2020-11-06T00:00:00Z,[None],977623,168552,9199,21246,https://i.ytimg.com/vi/XqmknZNg1yw/default.jpg,False,False,"“Protect The Land” and “Genocidal Humanoidz” are now available for purchase on our official Bandcamp page: https://systemofadown.bandcamp.com where band proceeds go to the Armenia Fund. Our full statement can be found there. The funds from Bandcamp + pre-orders of our new merch collection will be used to provide crucial, desperately needed aid and basic supplies for those affected by the hideous acts happening in Artsakh at the hands of the current corrupt regimes of Aliyev in Azerbaijan and Erdogan in Turkey. Please consider the opportunity to download these songs as an act of charity irrespective of how you choose to listen to them today, tomorrow and for years to come. Pre-order the new collection: https://store.systemofadown.com/Listen to “Protect The Land” and “Genocidal Humanoidz” now: https://soad.lnk.to/PTLGHIDDirected by Ara Soudjian and Shavo OdadjianProducer: Lara AslanianDir. of Photography: Mko MalkhasyanArmenia UnitDirector: Armen Soudjian and Arnold GhazarianCo-Director:  Arman NshanianProducers: Ani Vorkanyan and Edgar KarapetyanSpecial thanks to Bars Media, CivilNet, Artsakh Public TV, Varante Soudjian, Apo Avedissian, Mher Petrosyan, Aram Production, Armen Aghaeian, Raffi Asatoorian, Anthony Catchadoorian, ANC Australia, Nyree Cooper, Asko Akopyan and Ara Alejandro Kevorkian for contributing source footage and other assistance.______________________________PROTECT THE LANDThe big gun tells you what your life is worthWhat do we deserve before we end the earthIf they will try to push you far awayWould you stayAnd take a standWould you stay with gun in handThey protect the landThey protect the landThose who protect the landThose who protect the landThose who protect The enemy of man is his own decayIf they’re evil now then evil they will stayThey will try to push you far awayWould you stay and take a standWould you stay with gun in handThey protect the landThey protect the landThey protect the landOur history and victory and legacy we sendFrom scavengers and invaders those who protect the landThose who protect the landThose who protectThose who protect the landThose who protectSome were forced to foreign landsSome would lay dead on the sandWould you stay and take commandWould you stay with gun in hand (with gun in hand)They protect the landThey protect the landThey protect the landOur history and victory and legacy we send from scavengers and invaders those who protect the landOur history and victory and legacy we send from scavengers and invaders those who protect Those who protect the landThose who protect the landThose who protectThose who protect the landThose who protect______________________________Additional Credits:Production Company: Friendly FilmworksCreative Director: Sako ShahinianLine Producer: Meher Kourouyan1st AC: David Asambadze2nd AC / DIT: Sebastian GuerraGaffer: Zhirayr AvetisyanKey Grip: Dmitry LabzinGrip: Tigran NersisianMakeup: Sosi BournazyanWardrobe: Houri MahserejianPA: Shahe MazbanianEdited by: Ara Soudjian, Lara Aslanian, and Hrag YedalianMotion Graphics: Garen MirzaianColor: Nick Sanders BTS/Documentary UnitDocumentarian: Hrag YedalianMher PetrosyanKarbis SarafyanStill Photography: Armen Keleshian Armenia UnitArmenian Sequences Edited by: Armen Soudjian and Arnold GhazarianProduction Company Armenia: anEva ProductionDir. of Photography: Argo Baroyan1st AC: Gevorg Baroyan2nd AC: Sevak MkhoyanFocus Puller: Kevork TutundjianProduction Coordinator: Jemma Sahakyan and Karlen GalstyanFollow System Of A Down:Instagram: https://www.instagram.com/systemofadown/Twitter: http://twitter.com/systemofadownFacebook: https://web.facebook.com/systemofadownWeb: https://systemofadown.com/Bandcamp: https://systemofadown.bandcamp.comTikTok: https://www.tiktok.com/@systemofadown#SystemOfADown #ProtectTheLand #GenocidalHumanoidz",Gaming,US,0.19414232275631813
MPiILYNStd8,Hog Hunt | Dream SMP Animation,2021-04-02T16:00:15Z,UCv3Kk__aFcKKx_o2686uQcw,SAD-ist,20,2021-04-03T00:00:00Z,[None],3453649,577390,2130,78449,https://i.ytimg.com/vi/MPiILYNStd8/default.jpg,False,False,Hello!!!!!! I'm backk!!!!!! Hopefully you have a wonderful day today ^^MUSIC by @2WEI and @Marvin Brooks Music: Marvin Brooks - Ghost (2WEI Remix) Stream here: https://artist.positionmusic.com/Ghost-2WEIRemix-MarvinBrooksReleased by @Position Music  /2WEI Music Original Song: Marvin Brooks - GhostStream here: https://new.positionmusic.com/MarvinBrooksGhostReleased by @Position Music /2WEI MusicI'm very thankful that they let me used this wonderful music piece! Go ahead and support them!! :DSOUND DESIGN by @2WEI  VOICE CLIPS comes from the streams of the Dream SMP membersSupport me on Patreon?? o-ohttps://www.patreon.com/SADistfiedAnd I also have a Discord Server :Dhttps://discord.gg/sad-istTechnoblade never dies!!!!!!,Gaming,US,0.18989740995683116
2a8eEnzjWjk,I Raced Across The Ocean,2021-06-20T16:25:27Z,UCVhZyGllAVd-Wl6kNufV0uA,JackManifoldTV,20,2021-06-21T00:00:00Z,Jack manifold|tommyinnit|minecraft|mine craft|dream|dream minecraft|funny|1000% funnier|minecraft funny|funniest minecraft video|minecraft manhunt|minecraft speedrunner vs hunter|minecraft speedrunner|minecraft speedrun|minecraft challenge|challenge|minecraft but|tubbo|niki|nihachu|wilbur soot|wilbur|soothouse|rocketduo|in real life|boat|boat race|isle of wight|vlog|irl|tom simons|I Raced Across The Ocean,1479576,268518,654,11180,https://i.ytimg.com/vi/2a8eEnzjWjk/default.jpg,False,False,Me & Nihachu raced Tubbo & Wilbur Soot across the ocean! This was CRAZY!!The rules are simple: we race in teams of two across the channel and to the Isle of Wight (France). Whoever loses has to throw something they care about into the ocean and lose it FOREVER!!Come watch Jack Manifold on the big screen (aka Twitch) - https://www.twitch.tv/JackManifoldTV Edited by: @Wheatskins   @Tubbo @Niki Nihachu @Wilbur Soot Follow my Twitter - @JackManifoldTV Follow my Instagram - @JackManifoldTV,Gaming,US,0.1890392923378049
LH0CWJYgEaI,I Pushed Tubbo Out Of A Plane...,2021-06-01T16:09:09Z,UC5p_l5ZeB_wGjO_yDXwiqvw,TommyInnit,20,2021-06-02T00:00:00Z,tommyinnit|tom simons|vlog|tommy vlog|skydiving|sky dive|i met wilbur soot in real life|twitch|live|in|real|life|in real life|minecraft|funny|fun|challenge|I Pushed Tubbo Out Of A Plane...,3609827,628660,1569,52242,https://i.ytimg.com/vi/LH0CWJYgEaI/default.jpg,False,False,I can't believe this is a real video LMAO@Tom Simons SUBSCRIBE TO MY NEW VLOG CHANNEL! VLOGS ONCE A WEEK ON THERE! and there's already a new vlog now :o@JackManifoldTV @Tubbo Follow my Twitter - @tommyinnitFollow my Instagram - @tommyinnitt,Gaming,US,0.18862455181370189
2ssijwETM0s,'1위/4K' 지민 (Jimin) - Like Crazy #엠카운트다운 EP.790 | Mnet 230330 방송,2023-03-30T15:04:14Z,UCbD8EppRX3ZwJSou-TVo90A,Mnet K-POP,20,2023-03-31T00:00:00Z,Jimin|KPOP|LikeCrazy|MCD|MCOUNTDOWN|Mnet|라이크크레이지|엠넷|엠카|엠카운트다운|지민|케이팝|티빙에서스트리밍,905235,165533,0,4604,https://i.ytimg.com/vi/2ssijwETM0s/default.jpg,False,False,티빙에서 스트리밍 : https://tving.onelink.me/xHqC/30a78d6fM COUNTDOWN｜Ep.790지민 - 라이크 크레이지 (Jimin - Like Crazy) World No.1 K-POP Chart Show M COUNTDOWNEvery Thur 6PM(KST) Mnet Live on Air매주 목요일 저녁 6시 엠넷 생방송#티빙에서스트리밍,Gaming,US,0.18794788093699427
KaZN4EVVzRY,A Very Kirbo Christmas,2020-12-24T15:10:00Z,UCLFXk9J3O-hhOk0msOjKYdQ,TerminalMontage,20,2020-12-25T00:00:00Z,terminalmontage|terminal|montage|jeremey|jer|chinshue|nintendo|animation|cartoon|animated|something|about|cartoon violence|fighting|action|meme|parody|comedy|funny|loud|screaming,1487953,252305,790,26327,https://i.ytimg.com/vi/KaZN4EVVzRY/default.jpg,False,False,"Merry Christmas!Patreon: https://www.patreon.com/sidequests Merchandise for sale here! https://terminalmontagemerchportal.weebly.com/Follow me on social media!http://www.TerminalMontage.comTwitter: https://twitter.com/TerminalMontageFacebook: https://www.facebook.com/TerminalMontage/Instagram: https://www.instagram.com/jeremeyyyyyy/Art, Animation, Backgrounds, Sound Design, Writing and Cappy voice by Jeremey Chinshuehttps://twitter.com/JeremeyChinshueProduction Assistant, Writing - Vanessa ChinshueChelsea Livingstone (Colonel Cheru) as Kirbohttps://twitter.com/ColonelCheruhttps://www.twitch.tv/colonelcheruMusic:NiGHTS into Dreams... - Take the Snow Train (CPS-2 Remix) | CHRISTMAS REQUEST By TheLegendOfRenegadehttps://www.youtube.com/watch?v=zMe2vSZFfNQBomberman Max 2 - Garden Stage Remix By Jemmysponzhttps://www.youtube.com/watch?v=TsHYznXYrn4https://www.twitch.tv/Jemmysponzhttps://www.youtube.com/c/JemmysponzFor business inquiries and questions email us at:AskTerminalMontage@gmail.comCredits theme; Garden Stage by Jattello https://youtu.be/WSDSCWLkaXE?t=2679TERMINALMONTAGE ® SOMETHING SERIES®Registered in the U.S. Patent and Trademark Office.© TERMINALMONTAGE LLC. All Rights Reserved. For additional legal information, please see: https://terminalmontageportal.weebly.com/legal-notices-and-disclaimers.html#Christmas #SomethingSeries #Kirbo",Gaming,US,0.18725860292630211
Z1g1arFn-VE,So He CHEATED And BURNED My Minecraft House... (troll),2020-12-06T15:03:46Z,UCHdMK5Ef2El8KbD3L_WgANg,Slogo,20,2020-12-07T00:00:00Z,slogoman|gaming|Minecraft|troll|cowtown|turtle town|jelly|crainer|slogo,983987,160188,3585,21460,https://i.ytimg.com/vi/Z1g1arFn-VE/default.jpg,False,False,"⭐️ Check out the last episode! https://www.youtube.com/watch?v=mTSDyYLjVsU😎 DISCORD - https://discord.gg/slogo👕 NEW MERCH - http://shop.slogo.com👬 MY FRIENDS!@Jelly @Crainer 👉 MORE VIDEOS!Reactions: https://www.youtube.com/watch?v=m4BKini21csHide & Seek: https://www.youtube.com/watch?v=lguKPfzWDog&list=PLiqeco49X7EOuzh_0-BkCVQ4dSgzhVeDa&index=36&t=0sVlogs: https://www.youtube.com/watch?v=uHbd4yOW_k0Challenges: https://www.youtube.com/watch?v=DGBX-3uOF94🙈 If you enjoyed the video, you should probably go watch some more!✔️ This video is kid friendly / family friendly!#Minecraft #Slogo",Gaming,US,0.1846040648911012
wG1Q1ouemVA,I Almost Became An Amputee,2021-12-24T00:36:07Z,UCFAiFyGs6oDiF1Nf-rRJpZA,Technoblade,20,2021-12-25T00:00:00Z,Minecraft|Technoblade|Technothepig|Hypixel,3546174,605893,0,48261,https://i.ytimg.com/vi/wG1Q1ouemVA/default.jpg,False,False,Technoblade Makes Cancer 1000% FunnierBUY MY MERCHANDISE: https://technoblade.com/--------------------------------become a CHANNEL MEMBER here: https://www.youtube.com/channel/UCFAiFyGs6oDiF1Nf-rRJpZA/joinother YT channel (go subscribe): https://www.youtube.com/channel/UCV--8wtuyGo3vMtIdeq4j3wfollow me on twitter too: https://twitter.com/TechnothepigServer: mc.hypixel.netWill I add you as a friend?: https://imgur.com/a/x6fEtzB,Gaming,US,0.18446754163783277
0z-j_5KYDqg,Ten Years of Technoblade: Alex's first ever video,2023-10-29T01:14:34Z,UCFAiFyGs6oDiF1Nf-rRJpZA,Technoblade,20,2023-10-30T00:00:00Z,Minecraft|Technoblade|Technothepig|Hypixel,1004793,174631,0,10019,https://i.ytimg.com/vi/0z-j_5KYDqg/default.jpg,False,False,"A very little bit of OC from Alex himself, from January 2009. Plus some old guy talking. Presented to you on the occasion of the Ten Year Anniversary of the creation of the Technoblade YouTube channel.Sound design by @EvanMCGaming Merch:www.technoblade.com",Gaming,US,0.1837691942519504
zZ3yNAGucfg,FREDDY NO! THE END!? [FNAF Security Breach Part 6 ENDING],2021-12-22T01:26:40Z,UCiYcA0gJzg855iSKMrX3oHg,CoryxKenshin,20,2021-12-23T00:00:00Z,fnaf security breach|fnaf|security breach|security|breach|game|gameplay|lets|play|playthrough|walkthrough|end|ending|vanny|bad|finale|part|this|is|the|scary|horror|ps5|jumpscare|reaction|coryxkenshin|cory|kenshin|funny|hilarious|moments,3870314,657145,0,54001,https://i.ytimg.com/vi/zZ3yNAGucfg/default.jpg,False,False,"No.. Security Breach CAN'T end like THIS! THERE MUST BE MORE.Join ► http://bit.ly/1vKSGtUTwitter ► https://twitter.com/coryxkenshinInstagram ► http://instagram.com/coryxkenshinMerch (ONLY LEGIT SITE) ► https://coryxkenshin.com/Game: https://store.steampowered.com/app/747660/Five_Nights_at_Freddys_Security_Breach/Music:https://www.youtube.com/user/myuujihttps://incompetech.com/music/royalty-free/music.htmlJesus said to love one another and that we should be servants to each other, so I would ask that you all do that in the comment section. Be respectful. We are a community. That means more to me than anything. Thank you.~CK#coryxkenshin #FNAF #SecurityBreach",Gaming,US,0.18374374792329512
TyguvcHwE3s,This Video Breaks Youtube.,2022-07-20T18:20:21Z,UCRHXUZ0BxbkU2MYZgsuFgkQ,The Spiffing Brit,20,2022-07-22T00:00:00Z,Spiffing|Brit|youtube|this video breaks youtube|youtube is broken|youtube algorithm|youtube 2022|youtube algorithm hack|algorithm glitch|exploit|youtube exploit|glitch|video|perfectly balanced|funny|the spiffing brit|how to grow on youtube|youtube seo|youtube glitch|grow on youtube|youtube algorithm explained|bug|the spiffing brit live|get more views|community post|how to|This Video Breaks Youtube.|youtube tips|spiffing brit|steam|steam sale|views,1778825,252817,0,68347,https://i.ytimg.com/vi/TyguvcHwE3s/default.jpg,False,False,This Video breaks youtube! How you might ask? Well the 2022 youtube algorithm is a unique creature with many fun exploits and algorithm glitches that allow us to manipulate it for extreme results. One such manipulation is watchtime! This is a great way for youtube to see if a video is clickbait or so interesting people watch it for longer potentially even replaying parts of it! So when a video has comparatively high watch time in comparison to other videos then the youtube algorithm loves to push it! So today the spiffing brit exploits youtube with the 0.5x playback speed exploit that will double the amount of watch time the video gets. So watch as the youtube algorithm explained leads to some perfectly balanced results!  After all youtube seo is not needed when you ask how to grow on youtube with this completely unusable meta youtube algorithm hack!What you have seen here today is part of a fantastic perfectly balanced series on youtube where I go from game to game and break them with wacky exploits to gain things like unlimited gold. If you enjoyed this then be sure to check out more. The style is similar to RT game and callmekevin in parts. A large influence on this series has come from Valefisk and The Killian Experience. If you enjoyed this why not watch our community post exploit detailing how to get more views or our steam sale exploit cheesing the summer sale! 00:00 - You Must Watch in 0.5x Speed00:12 - What Is Going On00:22 - The Exploit00:36 - The Youtube Algorithm00:50 - New Youtube Meta?Join this channel to get access to perks:https://www.youtube.com/channel/UCRHXUZ0BxbkU2MYZgsuFgkQ/joinPatreon: https://www.patreon.com/SpiffingTwitter: @thespiffingbritDiscord: https://discord.gg/spiffingtitle: This Video Breaks Youtube.#youtube #glitch #video,Gaming,US,0.1805483957106517
33OwLS1SiUo,Hospital Update,2020-12-03T00:13:34Z,UC7_YxT-KID8kRbqZo7MyscQ,Markiplier,20,2020-12-03T00:00:00Z,[None],2817972,455490,872,51864,https://i.ytimg.com/vi/33OwLS1SiUo/default.jpg,False,False,It’s the Annual Markiplier Hospital Update. The NG tube is out! Good news because now we’re just waiting to see if I’m capable of making my guts go even further beyond.,Gaming,US,0.18004224314507028
EMyN1YTe02c,I Took Tommy Shopping...,2021-05-01T15:20:15Z,UCAz5JW1_oryewk0eR-eP7Bw,Tubbo,20,2021-05-02T00:00:00Z,tubbo|tommyinnit|vlog|in real life|minecraft|in|real|life|dream|twitch|stealing|funny|fun|challenge|shopping|tommyinnit vlog|I Took Tommy Shopping...,1734122,298653,1243,11819,https://i.ytimg.com/vi/EMyN1YTe02c/default.jpg,False,False,"I met Tommy in real life and took him shopping! It was very awesome.gents: @TommyInnit @JackManifoldTV - edited by @LlamaNeck Follow my Twitter - @TubboLiveFollow my Instagram - @TubboLiveToday I met TommyInnit (creator of the Minecraft But and also You Laugh You Lose challenge), & Jack Manifold in real life! It was so funny and we had lots of laughs and fun and pog. This is a vlog like other vloggers but I am the best vlogger. We had funny moments and even talked about the Dream SMP and our War VS Dream in Minecraft. It was so fun and Pog Champ",Gaming,US,0.1790369997035964
Olu0_iuR7rg,Flea x FaZe... #FaZe5,2020-09-18T20:15:13Z,UC2_CgurqasNWY4JYjJBKfSg,Flea,20,2020-09-19T00:00:00Z,Flea|Flea Montage|FaZe|FaZe5|FaZeClan|Fortnite|Fortnite battle royale|Fortnite montage,890902,135569,1682,23834,https://i.ytimg.com/vi/Olu0_iuR7rg/default.jpg,False,False,The video you've all been waiting for...#FaZe5,Gaming,GB,0.1789231587761617
f_Xa3yozQvE,Dre SMP,2020-11-16T17:27:16Z,UCv3Kk__aFcKKx_o2686uQcw,SAD-ist,20,2020-11-17T00:00:00Z,[None],1369559,226990,1228,17729,https://i.ytimg.com/vi/f_Xa3yozQvE/default.jpg,False,False,"Youre welcome, Karl",Gaming,US,0.1786845254567346
w-hVKXmib1c,I've Seen Something KSI Hasn't Shown You...,2020-08-10T17:31:03Z,UCHhfSXoDG6gSgpOvLH4wrRw,Behzinga,20,2020-08-12T00:00:00Z,behzinga|beh2inga|sidemen|moresidemen,876682,153585,740,1689,https://i.ytimg.com/vi/w-hVKXmib1c/default.jpg,False,False,"Install Raid for Free ✅ IOS: https://clik.cc/kOrbp ✅ ANDROID: https://clik.cc/oNHER ✅ PC: https://clik.cc/OhkAU and get a special starter pack 💥 Available only for the next 30 days!📌 Join My Reddit: https://www.reddit.com/r/Behzinga/💪 Gymshark: https://gym.sh/EthanGS🏋️‍♂️ BULK POWDERS: http://tidd.ly/9e0caa89💾 Second Channel: https://goo.gl/zj8iLh🐦Twitter: https://goo.gl/vLFjVi📸 Instagram: https://goo.gl/kZFDby@Callux's Shoes: https://www.instagram.com/notwoways---------------------------------------------------------------------------------------👨‍👦‍👦 Sidemen Channel: https://goo.gl/75JAoW👕 Sidemen Clothing: https://goo.gl/3PvKDU📘 Sidemen Book: https://goo.gl/iFMyRx🎮 Custom Controllers: https://goo.gl/7mf2bs📹 How I Record My Gameplay: https://goo.gl/L4UUcA💻 My Custom PC: https://goo.gl/2QPvxR---------------------------------------------------------------------------------------#Behzinga #SidemenVideo Uploaded by Behzinga, Beh2inga.",Gaming,GB,0.1771155333404815
QKpWvPEZ5bo,The Main Character of Dream SMP,2021-02-28T20:49:09Z,UCFAiFyGs6oDiF1Nf-rRJpZA,Technoblade,20,2021-03-01T00:00:00Z,Minecraft|Technoblade|Technothepig|Hypixel,2302146,377949,873,27192,https://i.ytimg.com/vi/QKpWvPEZ5bo/default.jpg,False,False,"technoblade tries to cope with the realization that he is a side character--------------------------------Ranboo: https://www.youtube.com/channel/UCKQ-wNdh0kO5qnpPfXa2hjQPh1lza: https://www.youtube.com/user/Ph1LzAedited by https://twitter.com/Wardenboobecome a CHANNEL MEMBER here: https://www.youtube.com/channel/UCFAiFyGs6oDiF1Nf-rRJpZA/joinother YT channel (go subscribe): https://www.youtube.com/channel/UCV--8wtuyGo3vMtIdeq4j3wfollow me on twitter too: https://twitter.com/Technothepigmusic:The Happiest Days by J.F. Glosshttps://www.epidemicsound.com/referral/m3rfi7/",Gaming,US,0.17598406009002035
XDbGgF1p580,Does England Like Minecraft Man? (10 mil special),2021-07-24T13:47:26Z,UC5p_l5ZeB_wGjO_yDXwiqvw,TommyInnit,20,2021-07-25T00:00:00Z,tommyinnit|minecraft|mine craft|dream|dream minecraft|funny|minecraft funny|funniest minecraft video|minecraft manhunt|real life|vlog|tom simons|pogboy|x_pogboy|beastmaster64|prank|10 million special|tommyinnit 10 mil|Does England Like Minecraft Man? (10 mil special),3339162,521283,3381,65995,https://i.ytimg.com/vi/XDbGgF1p580/default.jpg,False,False,This is the Greatest 10 Million special on all of YouTube.I hope you enjoyTubbo: @Tubbo Camera Guy: (couldn't find his channel)Follow my Twitter - @tommyinnitFollow my Instagram - @tommyinnitt,Gaming,US,0.17587586346514486
y8LCECiXydI,We got lost in a Cave...,2021-05-31T18:10:52Z,UCVhZyGllAVd-Wl6kNufV0uA,JackManifoldTV,20,2021-06-02T00:00:00Z,Jack manifold|tommyinnit|minecraft|mine craft|dream|dream minecraft|funny|1000% funnier|minecraft funny|funniest minecraft video|minecraft manhunt|minecraft speedrunner vs hunter|minecraft speedrunner|minecraft speedrun|minecraft challenge|challenge|minecraft but|george|georgenotfound|niki|nihachu|tubbo|rocket duo|vlog|irl|cave|caving|minecraft irl|minecraft in real life|gogy|We got lost in a Cave...,1633926,275749,675,9746,https://i.ytimg.com/vi/y8LCECiXydI/default.jpg,False,False,"I took George, Tubbo & Niki to a CAVE IN REAL LIFE!! It was very awesome (and a bit scary!)Come watch Jack Manifold on the big screen (aka Twitch) - https://www.twitch.tv/JackManifoldTVEdited by: @Wheatskins @GeorgeNotFound  @Tubbo  @Niki Nihachu Follow my Twitter - @JackManifoldTVFollow my Instagram - @JackManifoldTV",Gaming,US,0.17472945531192968
KsH_V0D4PyA,Men's Fall-Winter 2021 Show in Seoul with House Ambassadors BTS | LOUIS VUITTON,2021-07-07T10:11:40Z,UC5q0PIKGr2lGOsiT14AlEYg,Louis Vuitton,26,2021-07-08T00:00:00Z,[None],3725481,761850,1987,30754,https://i.ytimg.com/vi/KsH_V0D4PyA/default.jpg,False,False,"Virgil Abloh presents his Men’s Fall-Winter 2021 collection at Art Bunker B39, an art and culture space just outside Seoul. Aiming to redefine how our minds identify archetypical wardrobes which are tied to societal presumptions, the collection re-appropriates the normal through extreme elevation. For the first time, House Ambassadors and pop icons BTS partake in the show, adding an extra dimension to the presentation. A Film by Virgil Abloh Starring BTS membersRMJinSUGAj-hopeJiminVJung KookFilm directed by 전고운 Jeon Go-woon 박세영 Park Sye-young Film produced by김순모 Kim Soon-mo Director of Photography 김태수 Kim Tae-soo Editor이영림 Lee Young-limColorist김승원 Kim Seung-wonChoreography by박지현 Park Ji-hyeon / 정영두 Jung Young-duFilm Production byMOTTOSet Design byPLAYLAB INCSet Production bySG CommMusic direction and production byBENJI BVisual Direction byLina Kutsovskaya and BeGood StudiosMIX SEQUENCE BY BENJI B Original score written and produced by: Cifika, Kim Kate & Net GalaTRACKLISTING:KIM KATE - REWORK OF PLANES (INTRO)CIFIKA - DURATION OF ERA CIFIKA - GROW (INSTRUMENTAL) NET GALA - 신파 SHINPA INTROCIFIKA - SHELL SERIES NET GALA - YOU’LL NEVER SEE ME LOSE IT KIM KATE - UNFILTEREDCONNECT WITH LOUIS VUITTONDiscover more on: http://on.louisvuitton.com/6054GTKUsTwitter: http://on.louisvuitton.com/6055GTKUtFacebook: http://on.louisvuitton.com/6056GTKUQInstagram: http://on.louisvuitton.com/6057GTKUv",Howto & Style,US,0.21275212516182473
MkcHBp4XKxs,"BLACKPINK Sings Dua Lipa, Taylor Swift, and Kill This Love in a Game of Song Association | ELLE",2020-09-18T12:00:03Z,UCV8Do0nwSrYP7lwPBS4LWpw,ELLE,26,2020-09-19T00:00:00Z,elle|elle magazine|elle video|elle magazine videos|blackpink|blackpink elle|blackpink song association|blackpink song association video|blackpink song association elle|blackpink song association game|blackpink song association challenge|blackpink elle magazine|blackpink elle magazine video|blackpink elle video,4129704,586488,7992,26966,https://i.ytimg.com/vi/MkcHBp4XKxs/default.jpg,False,False,"BLACKPINK in your area... and all over ELLE's #SongAssociation (https://www.elle.com/culture/music/a34031183/blackpink-interview/). Rosé, Jennie, Jisoo, and Lisa are busy: their debut album is on the way, an anticipated Netflix documentary is coming soon, and they're primed to crossover from K-pop acclaim to worldwide domination. Still, the foursome found a little time for the Internet's favorite game. Tune in as #BLACKPINK sings Dua Lipa and dotes on Cardi B in a race against the clock. Read BLACKPINK's October cover story on ELLE: https://www.elle.com/culture/music/a34031183/blackpink-interview/SUBSCRIBE to ELLE http://bit.ly/SubscribeToELLE ELLE SHOWS:Song Association | Season 5: https://www.youtube.com/watch?v=daHF42Izwkg&list=PLG8Rnf78qVIHl1VQOM8Q1ub55oU8NHvhBSong Association at Home: https://www.youtube.com/watch?v=nlqhSUGAq70&list=PLG8Rnf78qVIEMXFBIHl92eK_kbsRxWdg6Waking Up With… https://www.youtube.com/watch?v=F_mZhB3nvbw&list=PLG8Rnf78qVIHio5xi3CysdtBu8aazo1rSThirst Trap: https://www.youtube.com/watch?v=9lRiiEKMEoE&list=PLG8Rnf78qVIH4Opa53Y-UQl9EwNvloVM6Ask Me Anything: https://www.youtube.com/watch?v=iBaqq3gC9Tw&list=PLG8Rnf78qVIFtrbuVoFDxXCU735qP7ZomAbsurd Fan Theories: https://www.youtube.com/watch?v=h8Q3IhUwX_4&list=PLG8Rnf78qVIEb7EnUXWbJgm3fWfqJKRjqSong Association | Season 1: https://www.youtube.com/watch?v=DwDVd0SxDiw&list=PLG8Rnf78qVIFpUaBQG3f_Mf7Dp0j3gdxoSong Association | Season 2: https://www.youtube.com/watch?v=eWFMl5jxNfo&list=PLG8Rnf78qVIFK64vv_zohnroXLQvSOfExSong Association | Season 3: https://www.youtube.com/watch?v=Mi5g74O-E5M&list=PLG8Rnf78qVIFGKtYSnF-ZnO93rxt5EgbRSong Association | Season 4: https://www.youtube.com/watch?v=TxDouiVXAT4&list=PLG8Rnf78qVIHDKrQolyVfGsN_fhnbKHlu Read us at: https://www.elle.comLike us on Facebook: http://facebook.com/ELLEMagazine  Follow us on Twitter: http://twitter.com/ELLEMagazine  Keep up with us on Instagram: http://instagr.am/ELLEUSA",Howto & Style,US,0.14854672392985066
NPtWC6nS4Gc,Leon Goes To A New Home,2022-01-14T04:01:41Z,UCj2Eeg01Mn5WmcXxt695fUg,Brady Brandwood,26,2022-01-15T00:00:00Z,lobster|aquarium|seafood|marine aquarium|Leon the lobster|Leon|keeping a lobster|marine life|sea creature|salt water aquarium,827333,109728,0,8888,https://i.ytimg.com/vi/NPtWC6nS4Gc/default.jpg,False,False,A 2nd follow-up to the story of buying a Lobster from the grocery store seafood section and rehabbing it and keeping it as a pet.  Leon has touched the hearts of many who see what an interesting creature he is. In this episode Leon gets a new much larger aquarium thanks to a new sponsor Kamikoto Knives.  Go to https://kamikoto.com/brady to get $50 off your purchase today.,Howto & Style,US,0.14337153238176165
iroFrKS07rQ,A Year Later ...,2021-06-17T19:00:17Z,UC4qk9TtGhBKCkoWz5qGJcGg,Tati,26,2021-06-19T00:00:00Z,YouTube|Beauty|Makeup|Tutorial|Review|blogger|Tati|Westbrook|GlamLifeGuru|how to|makeup tutorial|Beauty expert|drugstore|luxury|favorites|Best|cosmetics|Tati Westbrook|Tati Beauty|Halo Beauty|Makeup Review|New Makeup|Weird Makeup,1768284,208389,9782,41493,https://i.ytimg.com/vi/iroFrKS07rQ/default.jpg,False,False,"I've missed you guys ... 🦋xo's ~ Tati 😇  SAVE w/ HALO DISCOUNT BUNDLES 🥝 » » » https://halobeauty.com/collections/bundles🦋 TATI BEAUTY MAKEUP  ✨» » »  https://TatiBeauty.com ✔﻿ S N A P C H A Thttps://www.snapchat.com/add/TatiWestbrook✔﻿ I N S T A G R A Mhttp://instagram.com/glamlifeguru✔﻿ T W I T T E Rhttp://twitter.com/#!/glamlifeguru✔﻿ F A C E B O O Khttp://facebook.com/GlamLifeGuru✔﻿ E M A I LTati@GlamLifeGuru.comFTC DISCLAIMER:  This video is Not Sponsored and there are no affiliate links.✔﻿ WRITE TO ME HERETati Westbrook1905 Wilcox AveSuite 111Los Angeles, CA  90068All Rights Reserved © 2021, Tati Westbrook Hi I'm Tati Westbrook, thank you for watching, please be sure to check out my collection of makeup review videos where you'll find my best beauty tips, tricks and favorites on everything from top luxury cosmetics to my favorite drugstore makeup. Whether you're looking for a new product review, tutorial, beauty tip, haul or perhaps even a giveaway, I hope you enjoy watching.",Howto & Style,US,0.141313273207245
xf-XK8_HiD0,Making a $7000 jacket for $7 #shorts,2022-01-08T02:59:17Z,UCzZIOm9qU-yXukOYRSTlPvA,Gunnar Deatherage,26,2022-01-11T00:00:00Z,Fashion|Style|How to|Vintage|Retro|flip|thrift|savvy|sale|tips|sewing|diy|craft|crafts|1970’s|how to|tiktok|tutorials|costume|design|art|cosplay|wedding|bridal|bride|halloween|dresses|pageant|prom|Gunnar|Deatherage|come-on|model|haul|only dresses|cosplayer|video|Disney|red carpet|gala|met gala|runway|holiday|bleach|tie dye|dye,1456814,203410,0,1918,https://i.ytimg.com/vi/xf-XK8_HiD0/default.jpg,False,False,"I just can't imagine ever paying that for a jacket..... So I made it myself, AND made the pattern so y'all can make it too!!! The patterns come with a full video tutorial for my newbie stitchers, and a tutorial for the bleaching process also!!! Aside from that, there's so man other perks to joining our community! love y'all!Patreon- https://www.patreon.com/gunnardeatherageInstagram- https://www.instagram.com/gunnardeatherage/Tiktok- https://www.tiktok.com/@gunnardeatherageWebsite- https://gunnardeatherage.com​​​​​",Howto & Style,GB,0.14094318149056778
PWmJhh_qTSY,Shakira - Acróstico (Official Video),2023-05-15T16:00:10Z,UCYLNGLIzMhRTi6ZOLjAPSmw,Shakira,26,2023-05-16T00:00:00Z,acrostico|shakira acrostico|acrostico official video|acrostico video oficial|shakira 2023|acrostico letra|acrostico lyrics|Shakira,10255320,1325175,0,69215,https://i.ytimg.com/vi/PWmJhh_qTSY/default.jpg,False,False,"Shakira - Acróstico (Official Video) Music:Apple Music: https://Shakira.lnk.to/Acrostico/applemusicSpotify: https://Shakira.lnk.to/Acrostico/spotifyAmazon: https://Shakira.lnk.to/Acrostico/amazonmusicstreamingYouTube: https://Shakira.lnk.to/Acrostico/youtubeiTunes: https://Shakira.lnk.to/Acrostico/itunesDeezer: https://Shakira.lnk.to/Acrostico/deezerTikTok: https://Shakira.lnk.to/Acrostico/tiktokusemysoundPandora: https://Shakira.lnk.to/Acrostico/pandora Lyrics:Me enseñaste que el amor no es una estafa, y que cuando es real no se acabaIntenté que no me veas llorar, que no vieras mi fragilidad, peroLas cosas no son siempre como las soñamosA veces corremos, pero no llegamosNunca dudes que aquí voy a estar Háblame que te voy a escuchar… Y aunque la vida me tratara asíVoy a ser fuerte solo para ti Lo único que quiero es tu felicidadY estar contigoLa sonrisa tuya es mi debilidadQuererteSirve de anestesia al dolorHace que me sienta mejorPara lo que necesites estoyViniste a completar lo que soy Se nos rompió solo un plato no toda la vajilla,Y aunque no sé poner la otra mejillaAprender a perdonar es de sabios,Que solo te salga amor de esos labiosSi las cosas se dañan no se botan, se reparan,los problemas se afrontan y se encaranHay que reírse de la vidaA pesar de que duelan las heridas Si ha de entregar entero el corazónAunque le hagan daño sin razón Lo único que quiero es tu felicidadY estar contigoUna sonrisa tuya es mi debilidadQuererteSirve de anestesia al dolorHace que me sienta mejorPara lo que necesites estoyViniste a completar lo que soy Sirve de anestesia al dolorHace que me sienta mejorPara lo que necesites estoyViniste a completar lo que soy Official site: http://www.shakira.comShop: https://shakira.storeTikTok: https://www.tiktok.com/@shakiraFacebook: http://www.facebook.com/shakiraTwitter: http://www.twitter.com/shakiraInstagram: http://www.instagram.com/shakira“Te quiero Milan” book written by Shakira and illustrated by Xevidom. https://www.xevidom.com/ #Shakira #Acróstico Music video by Shakira performing Acróstico (Official Video). (C) 2023 Ace Entertainment S.ar.l. under exclusive license to Sony Music Entertainment US Latin LLC",Howto & Style,US,0.13596747834294787
-VuPUG6qhkM,How to Make Adventure Time Sandwich,2022-01-03T04:58:14Z,UC9t2RlHUshAARQNGe3tfk0A,GoldenGully,26,2022-01-04T00:00:00Z,[None],2354178,308361,0,2022,https://i.ytimg.com/vi/-VuPUG6qhkM/default.jpg,False,False,"I think he forgot to use the carrot :( #shortsRECIPES on my Discord: https://discord.com/invite/goldengully/TikTok: @GoldenGullyhttps://www.tiktok.com/@goldengully?Join me on Twitch, streaming every night: https://www.twitch.tv/goldengully/Instagram: @Golden.Gullyhttps://www.instagram.com/golden.gully/Twitter: @Gully_Goldenhttps://twitter.com/gully_goldenVideo animation scenes from Adventure Time.",Howto & Style,US,0.13184347147921696
NZYZaCWBWWQ,You’re the best mom I could have ever asked for but an even better friend. I love you mom ❤️,2024-01-12T16:47:59Z,UCjvGPQTRr2eIEhthL5y31VQ,Cooking With Lynja,26,2024-01-13T00:00:00Z,[None],1559758,176774,0,26152,https://i.ytimg.com/vi/NZYZaCWBWWQ/default.jpg,False,False,,Howto & Style,US,0.13010095155786988
xL6sY85O77I,BEAUTY FAVORITES from the Year I was Away ... 💁🏻‍♀️,2021-06-21T19:00:30Z,UC4qk9TtGhBKCkoWz5qGJcGg,Tati,26,2021-06-23T00:00:00Z,YouTube|Beauty|Makeup|Tutorial|Review|blogger|Tati|Westbrook|GlamLifeGuru|how to|makeup tutorial|Beauty expert|drugstore|luxury|favorites|Best|cosmetics|Tati Westbrook|Tati Beauty|Halo Beauty|Makeup Review|New Makeup|Weird Makeup|FREE SHIPPING|MAKEUP FAVORITES,986305,112819,1496,13501,https://i.ytimg.com/vi/xL6sY85O77I/default.jpg,False,False,"Hey guys, I'm so happy to be filming reviews again.  Today I'm covering my Faves from the year I was away ... basically the Best of 2020 💁🏻‍♀️ xo's Tati😇  HALO BEAUTY FREE SHIPPING in USA for Next 3 days 🥝 » » » https://halobeauty.com🦋 TATI BEAUTY MAKEUP  ✨» » »  https://TatiBeauty.com ▸ P R O D U C T S  M E N T I O N E D Project 62 Bergamot & Patchouli Candle // $13Project 62 Liquidless Ceramic Diffuser Kit // Amber, Bergamot & Patchouli // $10Stila Tinted Moisturizer Skin Balm // Shade 1 5,6 // $32J Cat Master Class/Fx Color Palette // Medium/Deep // $8.99J Cat Master Class/Fx Color Palette // Neon // $8.99J Cat Pro Pick Me Up & Blend Spatula // Large Diamond // $4.99J Cat BR42-44 Pro Makeup Mixing Metal Palette // $4.99Halo Beauty Immunity Booster // Berry // $9.95https://halobeauty.com/collections/immunity/products/immunity-booster-berry Halo Beauty Immunity Booster // Citrus // $9.95https://halobeauty.com/collections/immunity/products/immunity-booster-citrusUndone Beauty Warm Up 4-in-1 Bronzer // $12Undone Beauty Brush // $18Bite Beauty Upswing Full Volume Mascara // $28Tarte Quick Stick Waterproof Shadow & Liner // Bronze Luster & Black Liner? $25Nurse Jamie Triangle Facial Beauty Tool // $159Physicians Formula All-Star Palette // $14.99Benefit Cosmetics The POREfessional Super Setter Pore-Minimizing Setting Spray // $32Flower Cosmetics Gel Crush Lip & Cheek // Strawberry Crush // $9.99Madison Reed Root Touch Up // Dark Brown // $30✔﻿ S N A P C H A Thttps://www.snapchat.com/add/TatiWestbrook✔﻿ I N S T A G R A Mhttp://instagram.com/glamlifeguru✔﻿ T W I T T E Rhttp://twitter.com/#!/glamlifeguru✔﻿ F A C E B O O Khttp://facebook.com/GlamLifeGuru✔﻿ E M A I LTati@GlamLifeGuru.comFTC DISCLAIMER:  This video is Not Sponsored and there are no affiliate links.✔﻿ WRITE TO ME HERETati Westbrook1905 Wilcox AveSuite 111Los Angeles, CA  90068All Rights Reserved © 2021, Tati Westbrook Hi I'm Tati Westbrook, thank you for watching, please be sure to check out my collection of makeup review videos where you'll find my best beauty tips, tricks and favorites on everything from top luxury cosmetics to my favorite drugstore makeup. Whether you're looking for a new product review, tutorial, beauty tip, haul or perhaps even a giveaway, I hope you enjoy watching.",Howto & Style,US,0.12807397306107138
3OGjRc1TPLM,FrOM 0% tO 100% reAL QuiCK!!,2021-07-22T11:00:11Z,UC9_p1FGLHErrNsV2AVbKVcg,Hugo Lemos,26,2021-08-01T00:00:00Z,[None],1470630,185310,2795,2152,https://i.ytimg.com/vi/3OGjRc1TPLM/default.jpg,False,False,"Thank you so much for watching please subscribe for more like this!follow mw at my jorney on:tiktok: _hugolfor more about me follow me on:instagram: wtv_hugolMaterials:STRATHMORE TONED GREYCARAN D'ACHE LUMINANCE PRISMACOLOR POSCA WHITE 0,7 MM#drawing #art #GrowYourChannel #moreviews2021",Howto & Style,GB,0.12747053983666864
Lm1Xtn9n0xs,WAIT FOR ITTT I’M TELLIN YOU,2021-08-15T14:16:08Z,UC55XGuJYRe1nh-OAmJcoosQ,Makeupsun,26,2021-08-17T00:00:00Z,[None],1508125,181430,2070,477,https://i.ytimg.com/vi/Lm1Xtn9n0xs/default.jpg,False,False,"Subscribe and smile😍 Thank you for watching videos!Do you like my channel ? Buy me coffee 👉 https://ko-fi.com/makeupsun*Note: Copyright Disclaimer Under Section 107 of the Copyright Act 1976, allowance is made for fair use for purposes such as criticism, comment, news reporting, teaching, scholar ship, and research. Fair use is a use permitted by copyright statute that might otherwise be infringing. Non-profit, educational or personal use tips the balance in favor of fair use.",Howto & Style,GB,0.12061798590965603
mkF7Ep6gygQ,Letting you know I'm okay... Makeup Therapy | NikkieTutorials,2020-08-16T17:00:02Z,UCzTKskwIc_-a0cGvCXA848Q,NikkieTutorials,26,2020-08-17T00:00:00Z,nikkietutorials robbed|nikkietutorials doing okay|I'm okay|robbed|nikkietutorials|nikkie tutorials|nikkitutorials|nikki tutorials|nikkietutorials attack|barbie|barbie color reveal|color reveal|barbie makeover|barbie makeup|makeup|makeover|barbie doll|doll|dolls|makeup tutorial|tutorial|how to|how to apply|trixie mattel|james charles|jeffree star|coming out|unboxing,1260572,139439,906,10852,https://i.ytimg.com/vi/mkF7Ep6gygQ/default.jpg,False,False,"Last week Dylan and myself were robbed at our own home. And even though it’s gonna take us months to mentally recover from this, one thing that always makes me feel calm is makeup. Today I try out the Barbie Color Reveal Dolls and create a makeup look inspired by whichever doll comes out! Enjoy and don't forget to thumbs up and subscribe!🔥 PREVIOUS VIDEO • My MOST AWKWARD Celebrity Encounters EVER! → https://youtu.be/ITettzNFcyM 🔥Make sure you subscribe to my channel and hit the notification bell, so you don’t miss any of my new videos → http://bit.ly/SubscribeNikkieTutorials••••••••••••••••••••••••••••••••••••••••­­­•••••••••••▷ LET’S BECOME FRIENDS!!TWITTER ‣ http://www.twitter.com/NikkietutorialsINSTAGRAM ‣ https://instagram.com/nikkietutorials/TIKTOK ‣ https://vm.tiktok.com/nf6f2K/SNAPCHAT ‣ https://www.snapchat.com/add/nikkietutorials▷ OTHER VIDEOS YOU CAN CHECK OUT…….👑 THE POWER OF MAKEUP ► http://bit.ly/2scYIrE💻 Doing LADY GAGA'S Makeup! ► http://bit.ly/2M0moIy🎀 Doing My FIANCE'S Makeup! ► https://bit.ly/3bsgHxu🍑 POWER OF MAKEUP: KIM KARDASHIAN WEST ► http://bit.ly/2iz1RhT••••••••••••••••••••••••••••••••••••••••­­­•••••••••••Disclaimer ‣ This video is NOT sponsored. All thoughts mentioned are my own. No affiliate links are used. Honesty is key on my channel, thank you for supporting me!Visuals & sound by Studio Beng Beng: https://www.instagram.com/studiobengbeng/ʕ•ᴥ•ʔ I love you.",Howto & Style,US,0.11922444731439379
JO0Fzxq-sLM,I'M PREGNANT! Opening up About my Miscarriages,2020-11-14T21:35:36Z,UCTTJMptGhfJA67e40DlqbNw,Karina Garcia,26,2020-11-16T00:00:00Z,[None],941339,96687,1022,14704,https://i.ytimg.com/vi/JO0Fzxq-sLM/default.jpg,False,False,,Howto & Style,US,0.1183325029558958
tfi2_lMkQCw,Did Kim Kardashian Buy My Slime?,2022-02-14T23:00:23Z,UCrv0rZSx_6LWaZVWHWQdnlQ,Peachybbies,26,2022-02-16T00:00:00Z,[None],870873,99927,0,677,https://i.ytimg.com/vi/tfi2_lMkQCw/default.jpg,False,False,"Subscribe Here: https://www.youtube.com/c/Peachybbies/?sub_confirmation=1Order slime at: https://www.peachybbies.com/Follow me here:TikTok: https://vm.tiktok.com/TTPdjuwmc8/Instagram: https://www.instagram.com/peachybbies/Peachybbies is one of the largest slime companies in the United States, providing high quality slimes nationwide! Based in Austin, Texas. #Peachyslime #Peachybbies #slime #tiktok #fidgets",Howto & Style,GB,0.11552086239899503
SBGEUCC3RFE,Wait…until we say goodbye 😭😭😭my daughter is leaving me,2021-09-06T01:34:39Z,UCLtGfcMj7gFWWqgVPIRZQxg,CookingBomb 袁倩祎,26,2021-09-08T00:00:00Z,[None],846927,96570,770,639,https://i.ytimg.com/vi/SBGEUCC3RFE/default.jpg,False,False,My daughter’s Last meal at home while living with me🥺#shorts,Howto & Style,GB,0.11477848740210195
9cT0jXI7l4E,Building a Next-Level Camera,2022-07-30T18:30:08Z,UCUQo7nzH1sXVpzL92VesANw,DIY Perks,26,2022-08-01T00:00:00Z,[None],840147,90827,0,4370,https://i.ytimg.com/vi/9cT0jXI7l4E/default.jpg,False,False,Use POGDIYJULY16 for 16 FREE MEALS across 7 boxes + 3 FREE GIFTS at https://strms.net/hellofresh_diyperks ADCan this old lens become legendary? I think it can!Want to make one of these yourself? Download pack link coming soon.,Howto & Style,US,0.11330993266654527
MZI1BxXbhss,NikkieTutorials x BEAUTY BAY Palette REVEAL!,2020-08-27T17:00:42Z,UCzTKskwIc_-a0cGvCXA848Q,NikkieTutorials,26,2020-08-28T00:00:00Z,nikkietutorials|nikkie tutorials|nikkitutorials|nikki tutorials|nikkietutorials beauty bay|beauty bay|nikkietutorials palette|nikkie tutorials eyeshadow palette|palette|reveal|collection reveal|too faced|drama|james charles|jeffree star|eyeshadow palette|swatches|nikita dragun|truth|makeup|makeup tutorial|story time|funny|how to|how to apply|eyeshadow|robbed|coming out,945777,99475,685,6968,https://i.ytimg.com/vi/MZI1BxXbhss/default.jpg,False,False,"OMG! I’m so excited to show you my NikkieTutorials x BEAUTY BAY Pressed Pigment Eyeshadow PALETTE! IT LAUNCHES AUGUST 31ST AT 10AM PST ON BEAUTYBAY.COM - Together we created a gorgeous palette that contains stunning mattes, insane shimmers, and magical duo-chromes! Wanna see the full reveal? Let’s go! Enjoy and don't forget to thumbs up and subscribe!JOIN THE WAITLIST HERE 🦋 https://bit.ly/2YB6IBGThe palette will be available on beautybay.com ONLY and will retail for $30/€30/£25 🏆✨🔥 PREVIOUS VIDEO • SCAMMERS Used Me To Advertise FAKE MAKEUP! → https://youtu.be/eIBzxJKapaY 🔥Make sure you subscribe to my channel and hit the notification bell, so you don’t miss any of my new videos → http://bit.ly/SubscribeNikkieTutorials••••••••••••••••••••••••••••••••••••••••­­­•••••••••••▷ LET’S BECOME FRIENDS!!TWITTER ‣ http://www.twitter.com/NikkietutorialsINSTAGRAM ‣ https://instagram.com/nikkietutorials/TIKTOK ‣ https://vm.tiktok.com/nf6f2K/SNAPCHAT ‣ https://www.snapchat.com/add/nikkietutorials▷ OTHER VIDEOS YOU CAN CHECK OUT…….👑 THE POWER OF MAKEUP ► http://bit.ly/2scYIrE💻 Doing LADY GAGA'S Makeup! ► http://bit.ly/2M0moIy🎀 Doing My FIANCE'S Makeup! ► https://bit.ly/3bsgHxu🍑 POWER OF MAKEUP: KIM KARDASHIAN WEST ► http://bit.ly/2iz1RhT••••••••••••••••••••••••••••••••••••••••­­­•••••••••••Disclaimer ‣ This video is NOT sponsored. All thoughts mentioned are my own. No affiliate links are used. Honesty is key on my channel, thank you for supporting me!Visuals & sound by Studio Beng Beng: https://www.instagram.com/studiobengbeng/ʕ•ᴥ•ʔ I love you.",Howto & Style,US,0.11254555777947656
vvjSGN45nKc,I've had enough.,2021-08-25T12:00:32Z,UCCgLoMYIyP0U56dEhEL1wXQ,Chloe Ting,26,2021-08-26T00:00:00Z,chloe ting|chloeting|defamation|cyber bullying|vlog|chloetingchallenge|online bullying|chloe ting expose|harrassment|cyberbullying,949737,91898,569,13981,https://i.ytimg.com/vi/vvjSGN45nKc/default.jpg,False,False,Thank you for listening. ...✚ Free Program Schedulehttps://www.chloeting.com/program/✚ Free Recipeshttps://www.chloeting.com/recipes/✚ Sponsor this channelhttps://www.youtube.com/chloeting/joinSub to my 2nd channelhttps://www.youtube.com/channel/UCBrcDabYtwbR1VIhwH5efZA?sub_confirmation=1✚ My linkshttps://www.instagram.com/chloe_t/https://www.instagram.com/itschloeting/twitch.tv/chloetinghttps://discord.gg/chloetinghttps://sptfy.com/chloeting#workouts #fitness #chloeting #chloetingchallenge #abs #homeworkouts,Howto & Style,US,0.1114824419813064
WVmaQv91cQ0,To all the people who called me too much | MAKEUP STORYTIME #shorts,2022-01-09T22:57:54Z,UC_vAx6eywBNc1NLPTWvFD1Q,Cindy Chen Designs,26,2022-01-30T00:00:00Z,[None],1196814,129046,0,4024,https://i.ytimg.com/vi/WVmaQv91cQ0/default.jpg,False,False,,Howto & Style,GB,0.11118686780067746
toMWWu2G-1Y,Is the Babish Knife Worth the Hype 🔪 #shorts,2022-01-07T21:47:22Z,UCp4nL9M78_HF6JL1MNzh-NQ,Vlad SlickBartender,26,2022-01-09T00:00:00Z,banish knife|Chef's knife|Binging with babish|review|knife review|Andrea Rea|Cocktail ice|Clear ice|Ice diamonds|ice cutting|slickbartender|bartender|vladflix|best knife ever|sharp knife|Recommended,1962344,213264,0,839,https://i.ytimg.com/vi/toMWWu2G-1Y/default.jpg,False,False,"I promised to test a Chef’s knife from Popular creator Binging With Babish Andrew Rea It’s a 7.5 inches stainless steel CLEF KNIFE Chef's knife + Cleaver = Clef It's an extremely sharp knifeI don’t use knives like the chef’s in the kitchen, but I put very little effort to cut fruits, garnishes, and citrus zest and ice diamonds, cubes YOU WILL LOVE THESE VIDEOS:The Best Tools to Make Your Own Creative Cocktail Icehttps://youtu.be/PpBzl5KlafMWhy This Knife is the BEST EVER 🔪https://youtu.be/PUHN01HkLMIVLADFLIX VLOG CHANNEL: https://www.youtube.com/c/Vladflix MY YOUTUBE SHORTS https://www.youtube.com/vladflixshortsTIKTOK @VLADSLICKBARTENDER https://www.tiktok.com/@vladslickbartender?lang=en  INSTAGRAM VLADSLICKBARTENDER https://www.instagram.com/vladslickbartender/ INSTAGRAM PERSONAL @VLADFLIX https://www.instagram.com/vladflix/ FACEBOOK Vlad Slickbartender https://www.facebook.com/nextlevelbartending FOR SPECIAL/VIRTUAL EVENTS https://slickbartender.com #shorts #babish #knife",Howto & Style,US,0.10910574292784547
pXqNg2YAzIQ,Transforming into Jojo Siwa with Brittany Broski,2020-08-31T19:00:08Z,UC0biFgrMdkv1hFAFLVePODQ,Trixie Mattel,26,2020-09-01T00:00:00Z,jojo|siwa|trixie|mattel|cosmetics|brittany|broski|kombucha|girl|makeup|trasnformation|colourpop|hipdot|meatball|palette,906347,94708,478,3916,https://i.ytimg.com/vi/pXqNg2YAzIQ/default.jpg,False,False,@Brittany_Broski dropped in to pay homage to the talented Jojo Siwa with a transformation video! Subscribe to Brittany's Youtube Channel: https://www.youtube.com/channel/UCad_KQumqRY06gpb24HkpPwFollow her on all social media platforms: @Brittany_Broski,Howto & Style,US,0.10881483581895235
GFYsZ2yRvrw,The Most Expensive Drink With Black Truffles #shorts,2022-01-25T23:10:27Z,UCp4nL9M78_HF6JL1MNzh-NQ,Vlad SlickBartender,26,2022-01-28T00:00:00Z,expensive|cocktail|truffle|truffles|black truffle|Japanese whiskey|Hibiki|Old Fashioned|ice diamond|the most expensive cocktail|clear ice|bitters|cherry syrup,3330016,346197,0,1126,https://i.ytimg.com/vi/GFYsZ2yRvrw/default.jpg,False,False,This is the most expensive cocktail I made on this channel. Black truffle 1 oz cost more than $100I infused it with Japanese Whiskey Hibiki. Made Clear Ice with Evian Spring Water. Added a few dashes of the black walnut bitters and a tiny amount of Cherry Syrup. Garnished with Gold Amarena Cherry. YOU WILL LOVE THESE VIDEOS:Is this Cocktail Worth $40https://youtu.be/SJ94gtRjnQAIs Nick Digiovanni’s Bubble Gum Vodka Worth the Hypehttps://youtu.be/4duWpEFDwjMVLADFLIX VLOG CHANNEL: https://www.youtube.com/c/Vladflix MY YOUTUBE SHORTS https://www.youtube.com/vladflixshortsTIKTOK @VLADSLICKBARTENDER https://www.tiktok.com/@vladslickbartender?lang=en  INSTAGRAM VLADSLICKBARTENDER https://www.instagram.com/vladslickbartender/ INSTAGRAM PERSONAL @VLADFLIX https://www.instagram.com/vladflix/ FACEBOOK Vlad Slickbartender https://www.facebook.com/nextlevelbartending FOR SPECIAL/VIRTUAL EVENTS https://slickbartender.com #shorts,Howto & Style,US,0.10430070005669642
hKtKOzrFBfI,Food Theory Finale: MatPat’s Last Bite,2024-03-07T22:15:36Z,UCHYoe8kQ-7Gn9ASOlmI0k6Q,The Food Theorists,26,2024-03-09T00:00:00Z,Food theory final episode|matpat final episode|food theory final video|food theory ending|matpat finale|food theory finale|matpat last video|Cake|baking|baking a cake|bake|cake recipe|make cake|how to make cake|how to make|birthday cake|celebrate|cake decorating|make a cake|how to make a cake|prime cake|how to bake|bake off|Chocolate cake|vanilla cake|chocolate|vanilla|food theory|food theorists|matpat|matpat theory|theory|matpat retiring,1531480,141678,0,17434,https://i.ytimg.com/vi/hKtKOzrFBfI/default.jpg,False,False,"*Watch MatPat’s Final Food Theories!*Binge Watch the Final 10! 👉 https://www.youtube.com/playlist?list=PLZ_57qANz90o-uCUADlGII8WI3OXbfaDFWelcome to MatPat’s final Food Theory. In this VERY special episode, Santi is baking Matt a cake to celebrate all of our times together on the channel. But this isn’t just any cake, NO! It’s a cake that embodies ALL of our favorite Food Theory episodes. Find out if your top moments made the cut.‐‐‐‐‐‐‐‐‐‐‐‐‐‐‐‐‐‐‐‐‐‐‐‐‐‐‐‐‐‐‐‐‐‐‐‐‐‐‐‐‐‐‐‐‐‐‐‐‐‐Timestamps:Reminiscing on Good Times (0:00)The Redemption Arc (2:25)The Ingredients (3:33)One Final Cook (8:59)The Big Reveal (13:46)Final Message (18:06)‐‐‐‐‐‐‐‐‐‐‐‐‐‐‐‐‐‐‐‐‐‐‐‐‐‐‐‐‐‐‐‐‐‐‐‐‐‐‐‐‐‐‐‐‐‐‐‐‐‐*Credits:*Writers: Matthew Patrick and Santi MassaEditors: Koen Verhagen, Pedro Freitas, Shnaia Naya Llamera, Tyler Mascola, and Dom SealionSound Designer: Yosi BermanThumbnail Artist: DasGnomo‐‐‐‐‐‐‐‐‐‐‐‐‐‐‐‐‐‐‐‐‐‐‐‐‐‐‐‐‐‐‐‐‐‐‐‐‐‐‐‐‐‐‐‐‐‐‐‐‐‐#Cake #CakeRecipe #Baking #CakeDecorating #Cakes #CakeDesign #CakeIdeas #HowtoBake #Celebrate #Celebration #Bake #Theory #FoodTheory #Matpat",Howto & Style,US,0.10389427220727662
jUZcisEZhkY,"$10 DATE VS $10,000 DATE!!",2021-05-02T03:10:36Z,UCPpATKqmMV-CNRNWYaDUwiA,Alexa Rivera,26,2021-05-02T00:00:00Z,[None],1141972,111370,1422,7089,https://i.ytimg.com/vi/jUZcisEZhkY/default.jpg,False,False,"No matter the date, they were both fun! Thank you guys so much for watching, don't forget to LIKE the video and SUBSCRIBE!!@Brent Rivera @Andrew Davila @Lexi Hensler If you see this, comment your dream date! Love you guys :)",Howto & Style,GB,0.10373196540720789
WC_--HqwSv0,How Well Does My BFF Know My Style?!,2021-12-14T20:55:46Z,UCGUkuAaBDkYPdUhIetzLQxQ,Clevver Style,26,2021-12-31T00:00:00Z,[None],1175440,121135,0,419,https://i.ytimg.com/vi/WC_--HqwSv0/default.jpg,False,False,,Howto & Style,GB,0.10341148846389438
KBACfBbfBOc,WHO CAN MAKE A BETTER STORE AT HOME?!,2021-05-30T02:51:16Z,UCPpATKqmMV-CNRNWYaDUwiA,Alexa Rivera,26,2021-05-30T00:00:00Z,[None],1073854,103828,1226,7121,https://i.ytimg.com/vi/KBACfBbfBOc/default.jpg,False,False,This was a tough competition! Thank you guys for watching and make sure to LIKE the video and SUBSCRIBE!!If you see this comment which store is your favorite!,Howto & Style,GB,0.10331851443492318
W4PHhurAhwc,Building the WORLDS FIRST PlayStation 5: Tablet Edition,2024-01-15T14:00:22Z,UCUQo7nzH1sXVpzL92VesANw,DIY Perks,26,2024-01-17T00:00:00Z,[None],1107450,105561,0,7931,https://i.ytimg.com/vi/W4PHhurAhwc/default.jpg,False,False,Let's build the world's first PlayStation 5: Tablet Edition! Visit https://dbrand.com/diyperks if you'd like to customise your own PS5!CHANNEL LINKS:Patreon: https://www.patreon.com/DIYPerks/Forum: https://forum.diyperks.comDiscord: https://discord.gg/diyperksTwitter: https://twitter.com/DIYPerks,Howto & Style,US,0.1024804731590591
BBE3Jau3UVY,Food Theory: Should I DELETE This Video?,2022-04-17T18:05:22Z,UCHYoe8kQ-7Gn9ASOlmI0k6Q,The Food Theorists,26,2022-04-19T00:00:00Z,reaction|food theory milk|Ann Reardon|how to cook that|Ann Reardon food theory|how to cook that food theory|Ann Reardon reaction|how to cook that reaction|milk myths|food myths|food theorists|food theory|game theory|film theory|ann reardon debunk|ann reardon reaction|how to cook that debunk|how to cook that milk|ann reardon milk|should i delete|i was wrong|matpat|food theory reaction|milk is bad for you|milk is bad|is milk good for you|is milk,1869534,171208,0,19905,https://i.ytimg.com/vi/BBE3Jau3UVY/default.jpg,False,False,"SUBSCRIBE for Every Theory! ►► https://bit.ly/2CdCooV  Theorists, we need to talk. My last video on milk was called out by another creator for spreading false information. Ann Reardon, also known as How To Cook That, reacted to my video and had a few corrections. Today, I'm going to be going through those fact checks to see what actually went wrong in that video and make sure we are setting everything straight. Is it a video I should be deleting off the channel? Let's find out.How To Cook That's video ► https://youtu.be/LIu9oOBoy8sBrew's Video ► https://youtu.be/N0Q5TdBOJlAGet Your Theory Wear NOW! ► https://theorywear.com/SUBSCRIBE for Every Theory! ►► https://bit.ly/2CdCooV   Want More FOOD THEORY?You've Been SCAMMED! (Supermarket Secrets) ► https://youtu.be/EqviBPG2uPETootsie Pops, How Many Licks? ► https://youtu.be/qOS5NAdyWDwNever Order McDonald's Medium Fries! ► https://youtu.be/c_jnZkVlNtwKool Aid Man Is A Marvel Villain! ► https://youtu.be/CuZ14w_g3WA  Don't Trust Your Cake! ► https://youtu.be/dulS3GGiJ7M  Join our other Theorist Communities!Game Theory! ► http://bit.ly/1qV8fd6  Film Theory! ► http://bit.ly/1dI8VBH  Need Royalty Free Music for your Content? Try Epidemic Sound.Get A 30 Day Free Trial! ►  http://share.epidemicsound.com/theFoodTheoristsCredits:Writers: Matthew Patrick and Justin KuiperEditors: Danial BanditRants Keristoufi and Forrest LeeAssistant Editor: Caitie Turner (Caiterpillart)Sound Editor: Yosi Berman#Debunking #Milk #FoodMyths #MilkMyths #Reaction #AnnReardon #HowToCookThat #FoodTheory #MatPat #GameTheory #FilmTheory       Sources:- Present Knowledge in Nutrition, 10th Edition, Dr. Connie M. Weaver p.434-443,:  https://www.wiley.com/en-us/Present+Knowledge+in+Nutrition%2C+10th+Edition-p-9781119946045 - USDA, FoodData Central: https://fdc.nal.usda.gov/ - University of California San Francisco Medical Center, Calcium Content of Foods: https://www.ucsfhealth.org/education/calcium-content-of-foods- Scientific American, Iron Deficiency: https://pubmed.ncbi.nlm.nih.gov/1745900/ - British Journal of Nutrition, Iron bioavailability of cocoa powder as determined by the Hb regeneration efficiency method: https://pubmed.ncbi.nlm.nih.gov/19102811/",Howto & Style,US,0.10222493947689638
he6xyl_MHXY,Building the WORLDS FIRST PlayStation 5 slim,2022-06-19T11:00:30Z,UCUQo7nzH1sXVpzL92VesANw,DIY Perks,26,2022-06-20T00:00:00Z,[None],835959,79839,0,5052,https://i.ytimg.com/vi/he6xyl_MHXY/default.jpg,False,False,"The PlayStation 5 is a BIG console... let's fix that! Also, visit http://dbrand.com/diydarkplates if you'd like to customise your own PS5!Want to support DIY Perks? http://patreon.com/diyperksOr buy a cool t-shirt!: https://diy-perks.creator-spring.com/listing/diy-perks-fanJoin the chat!https://discord.com/invite/diyperkshttp://forum.diyperks.comThanks to Alphacool for the watercooling parts! https://www.alphacool.com/",Howto & Style,US,0.10154923865883375
48w4t9A99mw,WE'RE ENGAGED!!,2022-03-01T00:00:35Z,UCDSJCBYqL7VQrlXfhr1RtwA,Les Do Makeup,26,2022-03-02T00:00:00Z,[None],883287,81754,0,7825,https://i.ytimg.com/vi/48w4t9A99mw/default.jpg,False,False,"Hi babygirls! Thank you so much for watching, supporting,  and being apart of our lifes❤️ I LOVE YOU!!! 🥲❤️——————————————————-FOLLOW US! ❤️❤️LES Instagram- https://www.instagram.com/lesdomakeup/ALEX Instagram - https://instagram.com/vlexgalindo?igs...LES Twitter- https://twitter.com/LEXXXLIEEEALEX Twitter - https://twitter.com/VLEXXXGALINDOFacebook- https://www.facebook.com/Lesdomakeup1/———————————————————————————Business inquires only: lesdomakeup@revel-mgmt.com———————————————————————————",Howto & Style,US,0.1014155082096759
4qqRhyxWjpU,Making Things Out Of Free Stuff #shorts,2021-08-27T19:26:45Z,UChDhriK1Ar625KyY7JdnT7A,BuzzFeed Nifty,26,2021-09-02T00:00:00Z,diy|do it yourself|how to|tutorial|guide|step by step|crafts|homemade|diy activities|diy projects,984511,99495,1369,238,https://i.ytimg.com/vi/4qqRhyxWjpU/default.jpg,False,False,"Making Things Out Of Free Stuff #shortsIf it's free, it's for me! #hacks #diy #crafts",Howto & Style,GB,0.10130206772702387
byfWscC87Vg,I'VE BEEN ROBBED,2023-11-23T14:00:28Z,UCWFKCr40YwOZQx8FHU_ZqqQ,JerryRigEverything,26,2023-11-24T00:00:00Z,Casetify|Teardown Skin|Teardown|robbed|stolen|casetify review|dbrand|JerryRigEverything|JerryRig|JerryRig Skin|Inside out collection,2740802,262634,0,13663,https://i.ytimg.com/vi/byfWscC87Vg/default.jpg,False,False,"I don't often get robbed by Billion dollar corporations... but when I do, I win. Grab an X-RAY skin for your device HERE: http://dbrand.com/x-ray and help us fight the unprincipled behemoth that is Casetify.Get my JerryRig Razor knife HERE: https://www.jerryrigknife.com/Follow me for updates! Instagram: http://instagram.com/zacksjerryrig Facebook: http://on.fb.me/1U4bQqv Twitter: https://twitter.com/ZacksJerryRig Looking for a Casetify Review? Maybe look at this first.",Howto & Style,US,0.10080881435433862
yRnnAAUJB3o,MY NYC APARTMENT TOUR // $1800 studio in manhattan,2020-12-18T20:31:34Z,UCnQhwPVwcP-DnbUZtIMrupw,bestdressed,26,2020-12-20T00:00:00Z,room makeover|room makeover time lapse|room tour|nyc apartment hunting|new york apartment hunting|sweet digs|nyc apartment tour|nyc apartment|living in nyc|apartment tour|nyc apartment tour studio|what $2000 will get you in nyc|cost to live in nyc|apartment makeover|ultimate apartment makeover|apartment tour 2020|studio tour|apartment tour aesthetic|room tour aesthetic|bedroom tour|nyc studio|nyc apartment tour cheap|studio apartment tour aesthetic,1059736,100435,1597,5134,https://i.ytimg.com/vi/yRnnAAUJB3o/default.jpg,False,False,"instagram  ➭ https://instagram.com/best.dressedthe jewelry i designed! ➭ https://enroutejewelry.com/collections/bestdressedDECOR + OUTFIT LINKED BELOW ⇩⇩⇩shop my presets ➭ https://www.bestdressedstore.commy second channel ➭ http://bit.ly/bestmesstwitter ➭ @bestdressedtik tok lol ➭ @bestdressedIn this video, I give you a tour of my tiny studio apartment in downtown Manhattan! I live in East Village in a 250 square foot studio. My rent was originally $2000 per month, but was recently reduced to $1800 per month, which is about the current market rate for a studio apartment in NYC. I told myself I’d chill out on the decor this time, so I was originally planning on keeping the place pretty minimalist and not recording an apartment makeover. But as they say.. you can lead an Ashley to an apartment, but you can’t make her resist her impulse to wallpaper every single surface. So anyways, here’s my apartment tour, complete with a small jungle worth of house plants, an abundance of vintage gold mirrors, my trusty pink armchair, and some questionable NYC storage solutions. I’m not quite sure how to describe my decor aesthetic - it’s somewhere between grandma chic, tumblr chic, and i-own-way-too-much-stuff-so-i-hid-everything-in-ikea-boxes chic. I hope you enjoy and thanks for checking out my place! :)✰ MY OUTFIT ✰dress: aritzia (https://bit.ly/37vG8iq)earrings: i designed them! (https://enroutejewelry.com/products/baroque-heart-earrings?collection=baroque-heart-earrings&from=bestdressed)✰ LIVING ROOM DECOR ✰desk: urban outfitters (https://bit.ly/2KcOtyo)office chair: hag capisco (https://amzn.to/34nmJye)rug: urban outfitters (https://bit.ly/37yAyMb)gold desk lamp: target (https://bit.ly/3aimgRD)pen organizer box: anthropolgie (https://bit.ly/2LPRKEB)window crystals (https://amzn.to/2K6LIPp)polaroid camera (https://bit.ly/34qFpgu)armchair pillow (https://bit.ly/3p3qoc8)gold side table: west elm (https://bit.ly/37wQoHa)gold floor lamp (similar + less broken than mine: https://go.magik.ly/ml/13ix7/)floor length mirror: anthropologie (https://bit.ly/2LMQiCM)✰ KITCHEN DECOR ✰cabinet knobs (https://bit.ly/3p0dhIO)mason jars (i dipped them in paint to make them green) (https://amzn.to/3gWebDe)✰ CLOTHING RACK CORNER DECOR ✰clothing rack: urban outfitters (https://bit.ly/34ow5cL)shoe shelf: found mine on the street lol but it looks exactly like this one (https://bit.ly/3as5jnX)wallpaper: graham & brown (https://bit.ly/3nwPWhp)✰ BEDROOM DECOR ✰green paint: benjamin moore hc-119 (https://bit.ly/3amX8cw)duvet cover: urban outfitters (old, similar: https://bit.ly/2K8gCa6)fuzzy white pillow: target (https://bit.ly/38cfNVv)fake rose strands (https://amzn.to/2IAl5RH)ikea shelf (https://bit.ly/34nCC7G)ikea fabric bins (https://bit.ly/2LNEJLF)himalayan salt lamp (https://amzn.to/3nwAPVg)fairy lights (https://amzn.to/351JFT9)color changing lightbulb (https://amzn.to/3rhzPH4)sun-imitating light for plants (https://amzn.to/2WuVihy)♫ MUSIC ♫pillow talk by jeff kaale (https://soundcloud.com/jeff-kaale/cooke)✰ FAQ ✰what’s your name? ashleywhat’s your instagram? @best.dressedhow old are you? 22 (born in 1998)how tall are you? 5'5what’s your ethnicity? half british and half burmesewhat equipment do you use to film? ➭  main camera: panasonic lumix gh5s (https://amzn.to/2Nb0W1z) ➭  8-18 mm lens (https://amzn.to/3bmVoxd) ➭  12-35mm lens (https://amzn.to/2JiSrz7) ➭  on camera mic: rode videomic pro+ (https://go.magik.ly/ml/13kdr/) ➭  voiceover mic: blue yeti usb mic (https://go.magik.ly/ml/yshp/) ➭  vlog camera: canon g7x mark ii (http://amzn.to/2DfL4cZ) ➭  editing: final cut proFTC: Not sponsored. Some of the above links are affiliate links, meaning I earn a small percentage (1-3%) of sales made via those links, but it doesn’t cost you anything extra!",Howto & Style,US,0.09961820679867439
XUlKykxmIGk,FINDING OUT IM PREGNANT + TELLING ALEX,2022-05-04T20:02:25Z,UCDSJCBYqL7VQrlXfhr1RtwA,Les Do Makeup,26,2022-05-06T00:00:00Z,[None],985118,87569,0,9888,https://i.ytimg.com/vi/XUlKykxmIGk/default.jpg,False,False,"Hi babygirls! Thank you so much for watching, supporting,  and being apart of our lifes❤️ I LOVE YOU!!! 🥲❤️————————————————FOLLOW US! ❤️❤️LES Instagram- https://www.instagram.com/lesdomakeup/ALEX Instagram - https://instagram.com/vlexgalindo?igs...LES Twitter- https://twitter.com/LEXXXLIEEEALEX Twitter - https://twitter.com/VLEXXXGALINDOFacebook- https://www.facebook.com/Lesdomakeup1/———————————————————————————Business inquires only: lesdomakeup@revel-mgmt.com———————————————————————————",Howto & Style,US,0.09892926532659031
GUJqRkBEEY4,Get Glam With SELENA GOMEZ & Me! | NikkieTutorials,2020-09-06T16:59:59Z,UCzTKskwIc_-a0cGvCXA848Q,NikkieTutorials,26,2020-09-07T00:00:00Z,selena gomez|selena gomez makeup|selena|gomez|selena gomez rare|rare|rare beauty|selena gomez makeup routine|vogue|blackpink|ice cream|selena gomez makeup tutorial|get ready with me|get ready with me selena gomez|nikkietutorials|nikkie tutorials|nikkitutorials|nikki tutorials|nikkietutorials selena|nikkietutorials selena gomez|drama|review|rare beauty review|honest|selenator|boyfriend|ex|justin bieber|james charles|jeffree star|music video,2461740,226556,2215,12573,https://i.ytimg.com/vi/GUJqRkBEEY4/default.jpg,False,False,"I cannot believe I’m saying this, but… In today’s video, I’m trying Rare Beauty for the first time with the queen herself SELENA GOMEZ! Selena just launched her own makeup brand, and today we’re getting glam together! We discuss her new song with BLACKPINK, her private life and she even tries out MY EYESHADOW PALETTE in collaboration with Beauty Bay! Enjoy and don't forget to thumbs up and subscribe!JOIN THE WAITLIST FOR MY PALETTE HERE 🦋 https://bit.ly/2YB6IBGSHOP Rare Beauty here 💋 https://www.rarebeauty.com/🔥 PREVIOUS VIDEO • MY OWN PALETTE! NikkieTutorials x BEAUTY BAY REVEAL! → https://youtu.be/MZI1BxXbhss 🔥Make sure you subscribe to my channel and hit the notification bell, so you don’t miss any of my new videos → http://bit.ly/SubscribeNikkieTutorials••••••••••••••••••••••••••••••••••••••••­­­•••••••••••▷ LET’S BECOME FRIENDS!!TWITTER ‣ http://www.twitter.com/NikkietutorialsINSTAGRAM ‣ https://instagram.com/nikkietutorials/TIKTOK ‣ https://vm.tiktok.com/nf6f2K/SNAPCHAT ‣ https://www.snapchat.com/add/nikkietutorials▷ OTHER VIDEOS YOU CAN CHECK OUT…….👑 THE POWER OF MAKEUP ► http://bit.ly/2scYIrE💻 Doing LADY GAGA'S Makeup! ► http://bit.ly/2M0moIy🎀 Doing My FIANCE'S Makeup! ► https://bit.ly/3bsgHxu🍑 POWER OF MAKEUP: KIM KARDASHIAN WEST ► http://bit.ly/2iz1RhT••••••••••••••••••••••••••••••••••••••••­­­•••••••••••Disclaimer ‣ This video is NOT sponsored. All thoughts mentioned are my own. No affiliate links are used. Honesty is key on my channel, thank you for supporting me!Visuals & sound by Studio Beng Beng: https://www.instagram.com/studiobengbeng/ʕ•ᴥ•ʔ I love you.",Howto & Style,US,0.09713820305962449
5Gekes-KoSc,THE PROPOSAL!! *EMOTIONAL*,2022-03-02T23:00:03Z,UCDSJCBYqL7VQrlXfhr1RtwA,Les Do Makeup,26,2022-03-04T00:00:00Z,[None],968662,84664,0,9414,https://i.ytimg.com/vi/5Gekes-KoSc/default.jpg,False,False,Hi babygirls! Thank you so much for watching and your love and support! I LOVE YOU ❤️———————————————————————————FOLLOW US! ❤️❤️LES Instagram- https://www.instagram.com/lesdomakeup/ALEX Instagram - https://instagram.com/vlexgalindo?igs...LES Twitter- https://twitter.com/LEXXXLIEEEALEX Twitter - https://twitter.com/VLEXXXGALINDOFacebook- https://www.facebook.com/Lesdomakeup1/———————————————————————————Business inquires only: lesdomakeup@revel-mgmt.com———————————————————————————,Howto & Style,US,0.0971215965940648
KC_tviJvaUQ,Why Asians Are Good At Math - Jimmy O. Yang,2022-03-25T16:00:24Z,UCi2rNogXeswPLmcHxl7tHPA,Jimmy O Yang,26,2022-03-30T00:00:00Z,Jimmy O. Yang|Silicon Valley|Crazy Rich Asians|Ali Wong|Jo Koy|Bobby Lee|Ken Jeong|Space Force|Jimmy O Yang Stand Up|Netflix rom com|Love Hard|Good Deal|Nina Dobrev,1651683,158778,0,558,https://i.ytimg.com/vi/KC_tviJvaUQ/default.jpg,False,False,"Who has done KUMON? And who still got their TI 83 calculator? Be sure to get your tickets to see me LIVE:https://www.jimmycomedy.com/shows/?form=okComment below what city I should visit next!This clip is from my special Good Deal available on Amazon Prime Video, Spotify, and Apple Music!Be sure to subscribe and comment below for more content.Jimmy O. Yang comedy special Good Deal now on Amazon Prime Video, Spotify,  & Apple Music.IG, TIkTok: @FunnyAsianDude IG: https://www.instagram.com/funnyasiandude/?hl=entiktok: https://www.tiktok.com/@funnyasiandude?source=h5_t#JimmyOYang #SpaceForce #GoodDeal #jokoy #aliwong #kenjeong #bobbylee #gooddeal #crazrichasians #siliconvalley #jianyang #aliwong #spaceforce #netflix #joerogan",Howto & Style,GB,0.09646887447530791
cAtazIk1IYw,How To Make a Curried Egg Sandwich,2020-08-07T18:30:06Z,UCR4s1DE9J4DHzZYXMltSMAg,HowToBasic,26,2020-08-12T00:00:00Z,how to make a curried egg sandwich|curried egg|egg sandwich recipe|egg recipe|how to make a sandwich|curried egg sandwich recipe|easy recipe|curry recipe|how to make curry|food|step by step recipes|healthy recipes|egg salad sandwich|recipe,1238677,104736,3736,13876,https://i.ytimg.com/vi/cAtazIk1IYw/default.jpg,False,False,"Today I show you how to make a curried egg sandwich. Curried egg sandwiches are my favourite snack. They are easy to make and incredibly tasty. Unfortunately not many people know how to make one correctly - That changes today. Enjoy!Click Here To Eggscribe! --►http://bit.ly/EggscribeHave a video Suggestion? Post it in the Comments Section, Contact me through my Facebook page or Tweet me!Connect with me!Facebook ► http://www.facebook.com/HowToBasicTwitter ► http://www.twitter.com/HowToBasicInstagram ► http://instagram.com/HowToBasic2ND Channel ► http://www.youtube.com/HowToBasic2TikTok ► https://vm.tiktok.com/bpdFFN/I'm HowToBasic shirts and Egg plushies ►https://shirtz.cool/collections/howtobasicKnow someone that likes curried egg sandwiches? Link this delicious recipe to them!",Howto & Style,US,0.0957570052564147
eQWWIwbRcGY,Style Theory Finale: MatPat’s Final Glow Up!,2024-03-06T22:05:00Z,UCd4t3EEUy0LUOM4MTdjpNHA,The Style Theorists,26,2024-03-08T00:00:00Z,Stylist|stylists|grwm|challenge|challenge video|personal stylist|outfit ideas|i hired a celebrity stylist|i got personal styled|fashion|fashion tiktok|different aesthetics|makeover|professional stylist style me|style me|tiktok aesthetics|haul|clothing haul|try on haul|i got a makeover|style theory final episode|matpat final episode|style theory final video|food theory ending|matpat finale|matpat last video|style theory|fashion theory|theory|matpat,862505,77689,0,4690,https://i.ytimg.com/vi/eQWWIwbRcGY/default.jpg,False,False,"*Watch MatPat’s Final Style Theories!*Binge Watch the Final 5! 👉 https://www.youtube.com/playlist?list=PL3G4GkxpRaeQSxwc2egdkFig2UtUIoPAGThe countdown begins, loyal Theorists. This is MatPat’s FINAL Style Theory ever. We knew we had to go out with a BANG! So, we’re looking back at Matt’s time on Style Theory, what we’ve learned, and whether MatPat has _actually_ become a real style icon by putting him to the ultimate styling test. Grab yourself a bow tie and let’s suit up!A special thanks to Jaimee and Refined by Theresa for their services in this video.‐‐‐‐‐‐‐‐‐‐‐‐‐‐‐‐‐‐‐‐‐‐‐‐‐‐‐‐‐‐‐‐‐‐‐‐‐‐‐‐‐‐‐‐‐‐‐‐‐‐Timecodes:MatPat's Final Style Theory (0:00)What's in Store Today (2:10)Back to our Favorite Activity (4:15)Closet Audit (8:28)Get Ready With Us (17:59)A Brand New Look? (22:38)Trust Your Friends (and Your Style) (28:58)End of the Journey (31:59)BIG Announcement (33:34)‐‐‐‐‐‐‐‐‐‐‐‐‐‐‐‐‐‐‐‐‐‐‐‐‐‐‐‐‐‐‐‐‐‐‐‐‐‐‐‐‐‐‐‐‐‐‐‐‐‐*Credits:*Writers: Matthew Patrick, Amy Roberts, and Mike Keenan (The Pokémon Biologist) Editors: Dan Cybert Seibert, Tyler Mascola, JayskiBean, and Gerardo Andrés Mejía TorresSound Designer: Yosi BermanThumbnail Artist: DasGnomo‐‐‐‐‐‐‐‐‐‐‐‐‐‐‐‐‐‐‐‐‐‐‐‐‐‐‐‐‐‐‐‐‐‐‐‐‐‐‐‐‐‐‐‐‐‐‐‐‐‐#Stylist #Stylists #StylistOutfit #Challenge #Challenge Video #Finale #NewLook #Makeover #GRWM #FashionInspo #ootd #Theory #StyleTheory #Matpat",Howto & Style,US,0.09551133036909931
a5YAGYyuA0U,Food Theory: I QUIT Diet Coke!,2021-03-18T18:05:37Z,UCHYoe8kQ-7Gn9ASOlmI0k6Q,The Food Theorists,26,2021-03-20T00:00:00Z,soda|pepsi|coke|diet coke|diet pepsi|coke vs pepsi|pepsi vs coke|fountain soda|soda stream|march madness|march madness bracket|what is the best soda|soda taste test|trying every soda|soda challenge|soda mukbang|food theorists|food theory|matpat|game theorists|film theorists|game theory|film theory|eat the menu|binging with babish|soda pop|matpat diet coke|matpat diet coke addiction,1435316,113708,1380,22855,https://i.ytimg.com/vi/a5YAGYyuA0U/default.jpg,False,False,"SUBSCRIBE to NEVER Miss a Food Theory! ►► https://bit.ly/2CdCooV  Food Theorists, if you've been around for a while - or watched our other channels - you know I LOVE Diet Coke. Or well, I thought I did. Despite our long history, I wanted to find the PERFECT soda. I am going ALL IN on this - store bought vs fountain, big name vs generic, Coke vs Pepsi! Who will win this MArch MAdness soda bracket? WAtch to find out!SUBSCRIBE for Every Theory! ►► https://bit.ly/2CdCooV   Want More FOOD THEORY?You've Been SCAMMED! (Supermarket Secrets) ► https://youtu.be/EqviBPG2uPETootsie Pops, How Many Licks? ► https://youtu.be/qOS5NAdyWDwNever Order McDonald's Medium Fries! ► https://youtu.be/c_jnZkVlNtwKool Aid Man Is A Marvel Villain! ► https://youtu.be/CuZ14w_g3WA    Don't Trust Your Cake! ► https://youtu.be/dulS3GGiJ7M  Join our other Theorist Communities!Game Theory! ► http://bit.ly/1qV8fd6 Film Theory! ► http://bit.ly/1dI8VBH Need Royalty Free Music for your Content? Try Epidemic Sound. Get A 30 Day Free Trial! ► http://share.epidemicsound.com/theFoodTheorists Credits:Writers: Matthew Patrick and Luke BaratsEditors: Koen Verhagen and Alex Sedge SedgwickAssistant Editor: AlyssaBeCrazy  Sound Editor: Yosi Berman #Soda #DietCoke #Coke #Pepsi #DietPepsi #SodaStream #Bracket #MarchMadness #FoodTheory #Food #Recipe #Matpat #GameTheory #FilmTheory",Howto & Style,US,0.0951449018892007
O5UKvcKkcsY,MY EX MEETS MY NEW BOYFRIEND,2020-12-12T23:17:51Z,UCPpATKqmMV-CNRNWYaDUwiA,Alexa Rivera,26,2020-12-14T00:00:00Z,[None],1985200,176320,2096,9045,https://i.ytimg.com/vi/O5UKvcKkcsY/default.jpg,False,False,"This was all in good fun, but his reactions were so funny! Thank you guys for watching and don't forget to LIKE the video and SUBSCRIBE!!@Ben Azelart @Andrew Davila @Brent Rivera",Howto & Style,US,0.09337346363086843
rGKhjmSTYgE,NEW DRUGSTORE MAKEUP TESTED ... What's Good?,2021-06-24T19:00:09Z,UC4qk9TtGhBKCkoWz5qGJcGg,Tati,26,2021-06-27T00:00:00Z,YouTube|Beauty|Makeup|Tutorial|Review|blogger|Tati|Westbrook|GlamLifeGuru|how to|makeup tutorial|Beauty expert|drugstore|luxury|favorites|Best|cosmetics|Tati Westbrook|Tati Beauty|Halo Beauty|Makeup Review|New Makeup|Weird Makeup,907083,76893,816,7454,https://i.ytimg.com/vi/rGKhjmSTYgE/default.jpg,False,False,"I'm going a throwback of What's New at The Drustrore and hope you enjoy! xo's Tati😇 HALO FREE SHIPPING in USA STILL ACTIVE 🥝 » » » https://halobeauty.com🦋 TATI BEAUTY MAKEUP  ✨» » »  https://TatiBeauty.com ▸ V I D E O S  M E N T I O N E D BEAUTY FAVORITES from the Year I was Away ... 💁🏻‍♀️https://www.youtube.com/watch?v=xL6sY85O77I ▸ P R O D U C T S  M E N T I O N E D Catrice True Skin Hydrating Foundation // $11Physicians Formula Butter Believe It! Putty Primer // $9.99Essence My Skin Perfector Loose Fixing Powder// Shade 1 // $5.99Essence My Skin Perfector Tinted Primer // 50 Deep // $5.99Milani Conceal + Protect Concealer // $8.99Stilazzi Stippling Brush S-301Artiste Oval 7 BrushBH Cosmetics Belgian Waffle 6 Color Baked Bronzer & Highlighter Palette // $18Catrice More Than Glow Highlighter // Supreme Rose Beam // $6Revolution SuperFix Misting Spray // $15Juvia’s Place Lux Lip Liner // Sweet Nothing // $10Wet N Wild Cloud Pout // Fluffernutter // $4.99Physician’s Formula Slim Brow Pencil // Medium Brown // $9.99Essence Contouring Duo Palette // $5.99Milani Gilded Terra Eyeshadow Palette // $19.99Milani Most Wanted Eyeshadow Palette // Partner In Crime // $9.99Milani The Tank Liquid Liner // Black Waterproof // $10.99Essence What the Fake! Volumizing & Lengthening Mascara // $4.99Catrice Power Full 5 Liquid Lip Balm // $6Ardell Extension Fix D Curl False LashesNYX The Brow Glue // $8Pacifica Twinkle Paint Liquid Eyeshadow // $12Essence Blush Lighter // Coral Sunset // $2.49Jergens Body Bronzer // $13.39Loving Tan Bronze Shimmer Luminous Cream // Medium // $32.95L’Oreal Infallible Fresh Wear 24H Foundation //420 //  $14.99Ardell Lash Demi Wispies 5-Pair Multipack J Cat Master Class/Fx Color Palette // Medium/Deep // $8.99✔﻿ S N A P C H A Thttps://www.snapchat.com/add/TatiWestbrook✔﻿ I N S T A G R A Mhttp://instagram.com/glamlifeguru✔﻿ T W I T T E Rhttp://twitter.com/#!/glamlifeguru✔﻿ F A C E B O O Khttp://facebook.com/GlamLifeGuru✔﻿ E M A I LTati@GlamLifeGuru.comFTC DISCLAIMER:  This video is Not Sponsored and there are no affiliate links.✔﻿ WRITE TO ME HERETati Westbrook1905 Wilcox AveSuite 111Los Angeles, CA  90068All Rights Reserved © 2021, Tati Westbrook Hi I'm Tati Westbrook, thank you for watching, please be sure to check out my collection of makeup review videos where you'll find my best beauty tips, tricks and favorites on everything from top luxury cosmetics to my favorite drugstore makeup. Whether you're looking for a new product review, tutorial, beauty tip, haul or perhaps even a giveaway, I hope you enjoy watching.",Howto & Style,US,0.09298708056484357
EAmIEQb9QhM,How Is Leon?,2021-12-21T18:52:17Z,UCj2Eeg01Mn5WmcXxt695fUg,Brady Brandwood,26,2021-12-23T00:00:00Z,lobster|aquarium|seafood|marine aquarium|Leon the lobster|Leon|keeping a lobster|marine life|sea creature|salt water aquarium,2918643,242501,0,27348,https://i.ytimg.com/vi/EAmIEQb9QhM/default.jpg,False,False,A first follow-up to the story of buying a Lobster from the grocery store seafood section and rehabbing it and keeping it as a pet.  Leon has touched the hearts of many who see what an interesting creature he is.,Howto & Style,US,0.09245700827405065
6wJ4YeZ_Nr0,I BECOME A MOM FOR THE DAY!!,2021-10-24T06:22:45Z,UCPpATKqmMV-CNRNWYaDUwiA,Alexa Rivera,26,2021-10-25T00:00:00Z,[None],1926212,171233,1380,6638,https://i.ytimg.com/vi/6wJ4YeZ_Nr0/default.jpg,False,False,"Am I a mom now?! Thank you guys so much for watching! Don't forget to LIKE the video and SUBSCRIBE!@Brent Rivera @Andrew Davila @Lexi Hensler @Ben Azelart If you see this, comment how many kids you would want to have and why! Love you guys :)",Howto & Style,GB,0.09234237975882198
n_1MItMEekY,I WENT MISSING FOR 24 HOURS!!,2020-12-27T01:48:47Z,UCPpATKqmMV-CNRNWYaDUwiA,Alexa Rivera,26,2020-12-27T00:00:00Z,[None],1496418,132290,1630,5626,https://i.ytimg.com/vi/n_1MItMEekY/default.jpg,False,False,"I have great friends, they came to find me! Thank you guys so much for watching don't forget to LIKE and SUBSCRIBE!!@Brent Rivera @pierson @Ben Azelart @Dominic Brack If you see this, comment what you thought was the best part of the video, love you guys :)",Howto & Style,US,0.09216408784176613
2NXYQ0BrWVE,CRYING ON MY BIRTHDAY!! *PRANK*,2021-06-06T04:09:44Z,UCPpATKqmMV-CNRNWYaDUwiA,Alexa Rivera,26,2021-06-07T00:00:00Z,[None],1868089,158137,1476,13628,https://i.ytimg.com/vi/2NXYQ0BrWVE/default.jpg,False,False,"I felt so bad doing this, but they were good sports! Don't forget to LIKE the video and SUBSCRIBE!!@Brent Rivera @Ben Azelart @Lexi Hensler @Jeremy Hutchins @Andrew Davila If you see this, comment what you want for your birthday! Love you guys :)",Howto & Style,GB,0.09194690402866244
LdypKKKQ8uA,"Food Theory: Chuck E Cheese Pizza, Should You Be Scared?",2020-09-03T18:05:08Z,UCHYoe8kQ-7Gn9ASOlmI0k6Q,The Food Theorists,26,2020-09-04T00:00:00Z,chuck e cheese|chuck e cheese pizza|pizza|chuck e cheese missing|chuck e cheese scary|chuck e cheese song|chuck e cheese animatronics|shane dawson chuck e cheese|scary chuck e cheese|chuck e cheese theory|pizza recipe|food theory|food theorists|matpat|game theory|game theorists|film theory|film theorists|eat the menu|rosanna pansino|binging with babish,1328206,109968,1119,11921,https://i.ytimg.com/vi/LdypKKKQ8uA/default.jpg,False,False,"Subscribe to become a Food Theorist! ►► https://bit.ly/2CdCooV   You're Grilling WRONG! ► https://youtu.be/IuU2bfzT1J8Chuck E. Cheese pizza is a modern age folktale all on its own. From the infamous docuseries, to all of the other theories spread across YouTube and the internet at large, we ALL know what this theory is going to be about. Is Chuck E Cheese pizza recycled? Do the employees use uneaten pizza slices from previous patrons to build new pizzas that they then serve to other customers? Food Theorists, our team is out to prove whether that is true or just a piece of hot, cheese fiction!SUBSCRIBE for Every Theory! ►► https://bit.ly/2CdCooV   Want More FOOD THEORY?You've Been SCAMMED! (Supermarket Secrets) ► https://youtu.be/EqviBPG2uPE  Tootsie Pops, How Many Licks? ► https://youtu.be/qOS5NAdyWDwNever Order McDonald's Medium Fries! ► https://youtu.be/c_jnZkVlNtwKool Aid Man Is A Marvel Villain! ► https://youtu.be/CuZ14w_g3WA    Don't Trust Your Cake! ► https://youtu.be/dulS3GGiJ7M  Join our other Theorist Communities!Game Theory! ► http://bit.ly/1qV8fd6 Film Theory! ► http://bit.ly/1dI8VBH Need Royalty Free Music for your Content? Try Epidemic Sound. Get A 30 Day Free Trial! ► http://share.epidemicsound.com/theFoodTheorists  #ChuckECheese #Pizza #ChuckECheeseTheory #RecycledPizza #ChuckyCheese #PizzaRecipe #FoodTheory #Food #Recipe #Matpat #GameTheory #FilmTheoryCredits:Writers: Matthew Patrick and Luke BaratsEditors: Tyler Mascola and Alex Sedge SedgwickAssistant Editor: AlyssaBeCrazy  Sound Editor: Yosi Berman  Sources:   https://answers.yahoo.com/question/index?qid=20090719210400AAKXydJ&guccounter=1 https://blogs.findlaw.com/common_law/2018/05/restaurant-sued-for-serving-uneaten-dine-in-food-to-delivery-customers.htmlhttps://brashiermiddlecollegenews.org/wp-content/uploads/2019/03/Chuck-E.-Cheese-Pizza-e1551813746244.jpeg https://soyummy.com/wp-content/uploads/2019/02/chuck-e-cheese-pizza.png https://www.instagram.com/p/BtIVnQRghYf/?utm_source=ig_embed https://i.kinja-img.com/gawker-media/image/upload/c_scale,f_auto,fl_progressive,pg_1,q_80,w_800/ghglyby6vewkcizygjp8.jpg https://thebulldogbark.com/wp-content/uploads/2019/04/PIZZZZA.jpg https://brobible.com/culture/article/chuck-e-cheese-pizza-pasqually-conspiracy-theory/ https://twitter.com/paulbensonsucks/status/1262159066287222784?ref_src=twsrc%5Etfw%7Ctwcamp%5Etweetembed%7Ctwterm%5E1262159066287222784%7Ctwgr%5E&ref_url=https%3A%2F%2Fbrobible.com%2Fculture%2Farticle%2Fchuck-e-cheese-pizza-pasqually-conspiracy-theory%2F https://www.reddit.com/user/Classy_Corpsehttps://www.reddit.com/user/thehoove",Howto & Style,US,0.09176965018980489
ipXa9vSFHnM,Food Theory: I Found the SPICIEST Fast Food Chicken Sandwich!,2024-03-19T23:00:06Z,UCHYoe8kQ-7Gn9ASOlmI0k6Q,The Food Theorists,26,2024-03-21T00:00:00Z,Chicken|spicy chicken|spicy chicken sandwich recipe|chicken sandwich|best fried chicken|fast food chicken|fast food|sandwich|fast food fried chicken|popeyes|popeyes chicken sandwich|chick fil a|wendy’s|wendys surge|wendy’s chicken|burger king|mcdonalds|dave’s chicken|kfc|kickin chicken|nashville hot chicken|chicken recipe|chicken wings|chicken recipes|food theory|food theorists|matpat|santi|santi food theory|joshua weissman|joshua weissman chicken,1057610,86838,0,8031,https://i.ytimg.com/vi/ipXa9vSFHnM/default.jpg,False,False,"*Watch More Episodes with Santi!*Start Binging ► https://www.youtube.com/playlist?list=PLZ_57qANz90rqZLGfP1ZVXLKvT_jMdKlSWhat’s up, loyal Theorist?! In Santi’s FIRST episode of Food Theory, we’re looking at a _classic_ Theorist question: how can you BEST optimize your food? In this case, we’re looking specifically at spicy chicken sandwiches. Which chicken shop stands up to the others? And which is the SPICIEST? Is it really Chick-fil-A and Popeyes? Perhaps the Colonel at KFC stands a strong chance as a popular chicken joint. Or could an underdog like Wendy’s, McDonald’s, or Burger Kings take the crown? Today we find out who has the top spicy chicken sandwich. Let’s get clucking!‐‐‐‐‐‐‐‐‐‐‐‐‐‐‐‐‐‐‐‐‐‐‐‐‐‐‐‐‐‐‐‐‐‐‐‐‐‐‐‐‐‐‐‐‐‐‐‐‐‐*🔽 Don’t Miss Out!*Get Your TheoryWear! ► https://theorywear.com/Dive into the Reddit! ► https://www.reddit.com/r/GameTheorists/Need Royalty Free Music for your Content? Try Epidemic Sound.Get Your 30 Day Free Trial Now ► http://share.epidemicsound.com/theFoodTheorists‐‐‐‐‐‐‐‐‐‐‐‐‐‐‐‐‐‐‐‐‐‐‐‐‐‐‐‐‐‐‐‐‐‐‐‐‐‐‐‐‐‐‐‐‐‐‐‐‐‐*👀 MORE Theories with Santi:*Baking a PRIME Cake ►► https://youtu.be/qyjShX_mvtgTrying WEIRD Fair Foods ►► https://youtu.be/iRnibCN39CECombining EVERY Fair Food ►► https://youtu.be/YgAw9UvDCmo‐‐‐‐‐‐‐‐‐‐‐‐‐‐‐‐‐‐‐‐‐‐‐‐‐‐‐‐‐‐‐‐‐‐‐‐‐‐‐‐‐‐‐‐‐‐‐‐‐‐*Timestamps:*Let's Get SPICY! (0:00)Sweet & Spicy Revenge (1:26)Meet the Contenders (3:08)Round 1: Taste (4:38)Round 2: Chicken (8:47)Round 3: Toppings (10:33)Round 4: Heat (13:08)Winners & Losers (15:37)‐‐‐‐‐‐‐‐‐‐‐‐‐‐‐‐‐‐‐‐‐‐‐‐‐‐‐‐‐‐‐‐‐‐‐‐‐‐‐‐‐‐‐‐‐‐‐‐‐‐*Join Our Other YouTube Channels!*​🕹️ @GameTheory ​🎥 @FilmTheory 👔 @StyleTheorists  ‐‐‐‐‐‐‐‐‐‐‐‐‐‐‐‐‐‐‐‐‐‐‐‐‐‐‐‐‐‐‐‐‐‐‐‐‐‐‐‐‐‐‐‐‐‐‐‐‐‐*Credits:*Writers: Santi Massa and Mike Keenan (The Pokémon Biologist) Editors: Dan Cybert Seibert, Pedro Freitas, Warak, and Dom SealionSound Designer: Yosi BermanThumbnail Artist: DasGnomo‐‐‐‐‐‐‐‐‐‐‐‐‐‐‐‐‐‐‐‐‐‐‐‐‐‐‐‐‐‐‐‐‐‐‐‐‐‐‐‐‐‐‐‐‐‐‐‐‐‐#SpicyChicken #SpicyChickenSandwich #FastFood #Chicken #ChickenSandwich #Popeyes #ChickFilA #ChickenRecipe #ChickenDinner #Wendys #McDonalds #BurgerKing #Theory #FoodTheory",Howto & Style,US,0.08970130766539651
zupsBddJqAQ,DDG VS. TEE TEE BOYFRIEND (if i win they break up),2022-01-05T03:45:11Z,UCDDgfKQE3eaD1H08VHRAfig,PontiacMadeDDG VLOGS,26,2022-01-06T00:00:00Z,pontiac|pontiacmade|pontiacmadeddg|ddg|pontiacmadeddgvlogs|vlogs|vlog|ddg vlogs|ddg vlog|pontiac vlog|pontiac vlogs|pontiacmadeddg vlog|pontiacmadeddg vlogs|Family|family friendly|friendly|school|kids,976688,77785,0,9227,https://i.ytimg.com/vi/zupsBddJqAQ/default.jpg,False,False,Top Basketball players of ALL-TIME1. Steph Curry2. Damian Lillard3. Kevin DurantInstagram: @PontiacMadeDDG,Howto & Style,US,0.08908883901512049
JXKqdDFXyRM,Food Theory: The Secret Recipe for Mountain Dew Pizza!,2021-05-20T18:05:20Z,UCHYoe8kQ-7Gn9ASOlmI0k6Q,The Food Theorists,26,2021-05-21T00:00:00Z,mountain dew|pizza|doritos|mtn dew|pizza recipe|mountain dew pizza|mountain dew recipe|doritos recipe|gamer food|gamer snack|weird food|pizza mukbang|doritos mukbang|mountain dew cookbook|snack|snack food|snack food recipe|pizza dough|pizza review|mountain dew commercial|pizza order|food theory|food theorists|matpat|food|recipe|game theory|film theory|eat the menu|binging with babish|delish|food tik tok|tik tok food|mountain dew ingredients,994353,80591,1266,7792,https://i.ytimg.com/vi/JXKqdDFXyRM/default.jpg,False,False,"Special thanks to Crime Scene Kitchen on FOX for sponsoring this episode!Don't miss Crime Scene Kitchen Wednesdays at 9/8c on FOX!► https://www.fox.com/crime-scene-kitchen/Crime Scene Kitchen: The all new competition series where America’s best bakers think like a detective, but bake like a pastry chef. So, Mountain Dew came out with a cookbook. Of course that meant I had to track it down and take a look for myself. Imagine my surprise when in my browsing of The Big Bold Book of MTN DEW Recipes had NO PIZZA! What?! A staple food of most Mountain Dew fans, pizza felt like the PERFECT food to adapt as a recipe. So I DID! Theorists, I made a recipe for Mountain Dew pizza... that you should actually EAT!SUBSCRIBE for Every Theory! ►► https://bit.ly/2CdCooV  Want More FOOD THEORY?You've Been SCAMMED! (Supermarket Secrets) ► https://youtu.be/EqviBPG2uPETootsie Pops, How Many Licks? ► https://youtu.be/qOS5NAdyWDwNever Order McDonald's Medium Fries! ► https://youtu.be/c_jnZkVlNtwKool Aid Man Is A Marvel Villain! ► https://youtu.be/CuZ14w_g3WA    Don't Trust Your Cake! ► https://youtu.be/dulS3GGiJ7M  Join our other Theorist Communities!Game Theory! ► http://bit.ly/1qV8fd6 Film Theory! ► http://bit.ly/1dI8VBH Need Royalty Free Music for your Content? Try Epidemic Sound. Get A 30 Day Free Trial! ► http://share.epidemicsound.com/theFoodTheorists Credits:Special Voice Over Guest: Dan Cybert SeibertWriters: Matthew Patrick and Luke BaratsEditor: Alex Sedge SedgwickAssistant Editor: AlyssaBeCrazy  Sound Editor: Yosi Berman #MountainDew #Doritos #Pizza #MtnDew #FoodHack #PizzaRecipe #GamerFood #FoodTheory #Food #Recipe #Matpat #GameTheory #FilmTheory",Howto & Style,US,0.08888493321788138
2L6gsn7rGqI,GAME  (Full Video)  Shooter Kahlon | Sidhu Moose Wala | Hunny PK Films | Gold Media | 5911 Records,2020-09-03T02:30:13Z,UCV4iYJ7wTDWrRGbGZEvQsSg,5911 Records,10,2020-09-03T00:00:00Z,sidhu moose wala|game official video|shooter kahlon|game|game sidhu moose wala|game song video|5911 records|5911 songs|music video|punjabi music|inspirational|motivational|new song|latest song|2020|punjabi songs,4365130,578236,23306,1907588,https://i.ytimg.com/vi/2L6gsn7rGqI/default.jpg,False,False,5911 Records Presents.Song : GameSinger/Lyrics/Concept : Shooter Kahlon & Sidhu Moose WalaComposed by : Shooter KahlonMusic/Mix Master : Vipul KapoorDop : Pulkit Setia PKDirected by : Hunny Singh & Pulkit Setia PKTeam Subtitles : Surinder NarulaPublicity Designs : MM DesignsVFX : Mr LuvVoice Over/Written by : Tarnvir Singh JagpalAsst. Director :Shavvy & Bhart SharmaEditor & Colorist : Mr EditorListen & Download  GAME Spotify :- https://spoti.fi/3lPbG86 iTunes :- https://apple.co/2QS77vsJioSaavn :- https://bit.ly/2ESKKn8Gaana :- https://bit.ly/3gUzzY3Hungama :- https://bit.ly/31RpcA0YTMusic :- https://bit.ly/3hUvCUzOnline Promotions : Gold Media https://instagram.com/goldmediaaShooter Kahlon On Instagram : https://www.instagram.com/shooter_kahlon/5911 Records on Instagramhttps://www.instagram.com/5911.records/#Game #ShooterKahlon #SidhuMooseWala,Music,US,0.5694730741123403
8M3WUaeIbOk,BAEKHYUN 백현 'Bambi' MV,2021-03-30T09:01:01Z,UCEf_Bc-KVd7onSeifS3py9g,SMTOWN,10,2021-03-30T00:00:00Z,[None],1869144,640544,1442,129389,https://i.ytimg.com/vi/8M3WUaeIbOk/default.jpg,False,False,BAEKHYUN's 3rd Mini Album Bambi is out!Listen and download on your favorite platform: https://smarturl.it/BAEKHYUN_BAMBI[Tracklist]01 Love Scene02 Bambi03 All I Got04 놀이공원 (Amusement Park)05 Privacy06 Cry For LoveBAEKHYUN Officialhttp://www.youtube.com/baekhyunhttp://www.youtube.com/weareoneEXOhttp://www.facebook.com/weareoneEXOhttp://www.instagram.com/weareone.exohttps://www.vlive.tv/channel/F94BDhttp://twitter.com/weareoneEXO#BAEKHYUN #백현 #BambiBAEKHYUN 백현 'Bambi' MV ℗ SM Entertainment,Music,US,0.4119174338627736
Vd9QkWsd5p4,TXT (투모로우바이투게더) '5시 53분의 하늘에서 발견한 너와 나' Official MV,2020-10-26T09:00:02Z,UC3IZKseVpdzPSBaWxBxundA,Big Hit Labels,10,2020-10-26T00:00:00Z,투모로우바이투게더|TOMORROW X TOGETHER|TXT|수빈|연준|범규|태현|휴닝카이|YEONJUN|SOOBIN|BEOMGYU|TAEHYUN|HUENINGKAI|빅히트엔터테인먼트|빅히트|Boy band|minisode1|BlueHour|5시 53분의 하늘에서 발견한 너와 나|5시 53분|553,3443659,1241887,5944,117973,https://i.ytimg.com/vi/Vd9QkWsd5p4/default.jpg,False,False,"TXT (투모로우바이투게더) '5시 53분의 하늘에서 발견한 너와 나' Official MVDirector : Guzza (Lumpens)Assistant Director : Hyunhee Lim, Kookki KimDirector of Photography : EumkoFocus Puller: Sangwoo Yun, Jaewon Jung 2nd :  Youngwoo LeeDIT :  Eunil Lee3rd : Yuntae KoGaffer : Junghyeok Jeong Lighting Crew. : Junmin Yang ,Seungho Baek , Hyeonseok  Kim , Duhyeon Han , Junseok Oh , Minseong Choi , Dowon Ahn, Gukjin Jeong Jimmy Jib Operator: Youngjung KimJimmy Jib Assistant : Hyunin Kim , Sung Hoon KimTechnocrane Operator: Taehyeon Choi Art Director: Jinsil Park, Bona Kim (MU:E)Assistant Art team: Yeri Kang (MU:E)Art-team Manager: ilho Heo (MU:E)Associate Producer : Emma Sungeun Kim (ge production)Location Manager : Jihoon HanAssitant Producer : Eunah- Seo VFX STUDIO: PLASTIC BEACHVFX Supervisor: OhzeonVFX Assistant Supervisor: JojeemVFX Project Manager: Chanyoung Song, Jieun JeongVFX Producer: Kyutae Jang3D Artist: Kwangwon Lee, Doyeon Kim, Jeonghwa Lee, Jiwon Jeon2D Artist: Gihoon Jang, Hyunjun LeeVisual Creative : Nu Kim, Lee Hyun Ju, Kang Sung Do, Jung Su Jung, Cha Yeon Hwa, RaktaArtist Management: Kim Shin Gyu, Yang Jun Hyeong, Kim Ji Soo, Shin Seung ChanPerformance Directing : Son Sung Deuk, Kim Su Bin, Kwon Yoo Jung, Hyewon ParkBigHit Entertainment. Rights are reserved selectively in the video.Unauthorized reproduction is a violation of applicable laws. Manufactured by BigHit Entertainment, Seoul, KoreaConnect with TOMORROW X TOGETHER:https://twitter.com/TXT_bighithttps://www.facebook.com/TXT.bighithttps://www.youtube.com/txt_bighithttps://www.instagram.com/txt_bighithttps://www.weibo.com/TXTbighithttp://i.youku.com/txtbighit#5시_53분의_하늘에서_발견한_너와_나 #BlueHour #minisode1 #TXT #투모로우바이투게더",Music,US,0.39488811174393285
v9Zd5R62kCg,BTS (방탄소년단) MAP OF THE SOUL ON:E Teaser 2,2020-10-07T04:00:03Z,UC3IZKseVpdzPSBaWxBxundA,Big Hit Labels,10,2020-10-07T00:00:00Z,BIGHIT|빅히트|방탄소년단|BTS|BANGTAN|방탄|BTS 콘서트|방탄 콘서트|방탄 온라인 콘서트|BTS Online Concert|BTS Concert|Map Of the Soul TOUR|맵오브더소울 원|맵쏠콘|MOS ONE concert,2534309,950515,1930,26067,https://i.ytimg.com/vi/v9Zd5R62kCg/default.jpg,False,False,[D-3] BTS MAP OF THE SOUL ON:E Teaser 2- 티켓 구매: https://weverseshop.onelink.me/BZSY/4851d4c6- Purchase tickets at: https://weverseshop.onelink.me/BZSY/4851d4c6#MapOfTheSoulOne #BTS #방탄소년단Connect with BTS: https://ibighit.com/bts http://twitter.com/BTS_bighithttp://twitter.com/BTS_twt http://www.facebook.com/bangtan.official https://www.youtube.com/user/BANGTANTV http://instagram.com/BTS.bighitofficial https://channels.vlive.tv/FE619 https://www.tiktok.com/@bts_official_bighithttps://weverse.onelink.me/qt3S/94808190https://www.weibo.com/BTSbighithttps://www.weibo.com/BTSmembers http://i.youku.com/btsofficial http://btsblog.ibighit.com,Music,GB,0.38534448640635377
3p7s7Rjh4fg,NCT U 엔시티 유 'From Home' MV,2020-10-19T09:00:15Z,UCEf_Bc-KVd7onSeifS3py9g,SMTOWN,10,2020-10-19T00:00:00Z,[None],2484480,815953,1899,121996,https://i.ytimg.com/vi/3p7s7Rjh4fg/default.jpg,False,False,"NCT's 2nd album NCT - The 2nd Album RESONANCE Pt. 1 is out!🎧Listen and download on your favorite platform: https://nct2020.lnk.to/resonanceID🎁Official store: https://nct2020official.com[Tracklist]01 Make A Wish (Birthday Song)02 Misfit03 Volcano04 백열등 (Light Bulb)05 Dancing In The Rain06 Interlude : Past to Present07 무대로 (déjà vu; 舞代路)08 月之迷 (Nectar)09 Music, Dance10 피아노 (Faded In My Last Song)11 From Home12 From Home (Korean Ver.)13 Make A Wish (Birthday Song) (English Ver.)NCT Officialhttp://www.nct2020.comhttp://www.youtube.com/nctsmtownhttp://www.facebook.com/NCT.smtownhttp://www.instagram.com/ncthttp://twitter.com/NCTsmtown#NCT #RESONANCE #FromHome #RESONANCE_Pt1NCT U 엔시티 유 'From Home' MV ℗ SM Entertainment",Music,US,0.37752326442555384
_K2v-MmAj7E,[TinyTAN | CLIP] - Dynamite,2021-04-13T09:13:02Z,UCLkAepWjdylmXSltofFvsYQ,BANGTANTV,10,2021-04-13T00:00:00Z,방탄소년단|BTS|BANGTAN|HIPHOP|알엠|RM|슈가|SUGA|제이홉|jhope|지민|JIMIN|정국|JUNGKOOK|JIN,3752928,1315201,2157,74697,https://i.ytimg.com/vi/_K2v-MmAj7E/default.jpg,False,False,Are you ready to style up like #Dynamite?TinyTAN inspired by BTShttps://twitter.com/TinyTANofficial#TinyTAN #타이니탄,Music,GB,0.37035029715464834
xtcVwuauVV0,ATEEZ(에이티즈) - ‘불놀이야 (I'm The One)’ Official MV,2021-03-01T09:00:00Z,UCQdq-lqPEq_yZ_wP_kuVB9Q,KQ ENTERTAINMENT,10,2021-03-01T00:00:00Z,KQ|케이큐|에이티즈|ATEEZ|HONGJOONG|SEONGHWA|YUNHO|YEOSANG|SAN|MINGI|WOOYOUNG|JONGHO|홍중|성화|윤호|여상|산|민기|우영|종호|김홍중|박성화|정윤호|강여상|최산|송민기|정우영|최종호|KPOP|KPOP MV|KPOP Music video|ATEEZ Music Video|ATEEZ MV|ATEEZ FEVER|ATEEZ ZERO FEVER PART 2|에이티즈 제로 피버 파트투|ATEEZ 제로 피버 파트투|불놀이야|Fireworks|에이티즈 불놀이야|ATEEZ Fireworks|Fireworks MV|불놀이야 뮤비|불놀이야 뮤직비디오|Fireworks 뮤비|Fireworks Music Video|에이티즈 불놀이야 뮤직비디오|ATEEZ Fireworks 뮤비|에이티즈 불놀이야 뮤비|에이티즈 Fireworks 뮤비|ateez fireworks|ATEEZ 불놀이야,1371439,418712,2242,76874,https://i.ytimg.com/vi/xtcVwuauVV0/default.jpg,False,False,Melon ▶ https://kko.to/aj3brJeDogenie ▶ https://bit.ly/3uKpfdsiTunes ▶ https://apple.co/3kwDY6ZSpotify ▶ https://spoti.fi/3r3D4kIRelease Date: 2021. 3. 1. 6PM (KST)▶ ATEEZ Official Homepage:http://ateez.kqent.com▶ ATEEZ Official V LIVE: http://channels.vlive.tv/C057DB▶ ATEEZ Official Facebook:https://facebook.com/ATEEZofficial▶ ATEEZ Official Twitter:https://twitter.com/ATEEZofficial▶ ATEEZ Official Instagram:https://instagram.com/ATEEZ_official_▶ ATEEZ Official Fancafe:http://cafe.daum.net/ATEEZ▶ KQ Official Homepage: http://kqent.com▶ KQ Official V LIVE: http://channels.vlive.tv/CB8675▶ KQ Official Facebook: https://facebook.com/kqent▶ KQ Official Twitter: https://twitter.com/kqent▶ KQ Official Instagram:https://instagram.com/kqent#ATEEZ #에이티즈 #FEVER_Part_2,Music,US,0.3613620438094585
YN0vl1pBAl4,[PREVIEW] BTS (방탄소년단) 'MAP OF THE SOUL ON:E CONCEPT PHOTOBOOK' Teaser,2021-04-20T15:00:01Z,UCLkAepWjdylmXSltofFvsYQ,BANGTANTV,10,2021-04-21T00:00:00Z,방탄소년단|BTS|BANGTAN|HIPHOP|알엠|RM|슈가|SUGA|제이홉|jhope|지민|JIMIN|정국|JUNGKOOK|JIN,4324943,1470082,3064,80785,https://i.ytimg.com/vi/YN0vl1pBAl4/default.jpg,False,False,Connect with BTS: https://ibighit.com/bts http://twitter.com/BTS_bighithttp://twitter.com/BTS_twt http://www.facebook.com/bangtan.official https://www.youtube.com/user/BANGTANTV http://instagram.com/BTS.bighitofficial https://channels.vlive.tv/FE619 https://www.tiktok.com/@bts_official_bighithttps://weverse.onelink.me/qt3S/94808190https://www.weibo.com/BTSbighithttps://www.weibo.com/BTSmembers http://i.youku.com/btsofficial http://btsblog.ibighit.com,Music,US,0.3585866912003233
U4zFN5RzPeM,INTERLUDE : RESONANCE,2020-09-20T15:00:16Z,UCwgtORdDtUKhpjE1VBv6XfA,NCT,10,2020-09-22T00:00:00Z,[None],913210,300523,664,25309,https://i.ytimg.com/vi/U4zFN5RzPeM/default.jpg,False,False,INTERLUDE : RESONANCEhttp://www.nct2020.comNCT Officialhttp://www.youtube.com/nctsmtownhttp://www.facebook.com/NCT.smtownhttp://www.instagram.com/ncthttp://twitter.com/NCTsmtown#NCT2020 #RESONANCE #RESONANCE_Pt1 #NCT #NCT2020_RESONANCE,Music,US,0.3567985457890299
Kw0Mvqpj3Rs,BTS (방탄소년단) MAP OF THE SOUL ON:E Teaser 1,2020-10-06T04:00:02Z,UC3IZKseVpdzPSBaWxBxundA,Big Hit Labels,10,2020-10-06T00:00:00Z,BIGHIT|빅히트|방탄소년단|BTS|BANGTAN|방탄,3643462,1253742,4430,40603,https://i.ytimg.com/vi/Kw0Mvqpj3Rs/default.jpg,False,False,[D-4] BTS MAP OF THE SOUL ON:E Teaser 1- 티켓 구매: https://weverseshop.onelink.me/BZSY/4851d4c6- Purchase tickets at: https://weverseshop.onelink.me/BZSY/4851d4c6#MapOfTheSoulOne #BTS #방탄소년단Connect with BTS: https://ibighit.com/bts http://twitter.com/BTS_bighithttp://twitter.com/BTS_twt http://www.facebook.com/bangtan.official https://www.youtube.com/user/BANGTANTV http://instagram.com/BTS.bighitofficial https://channels.vlive.tv/FE619 https://www.tiktok.com/@bts_official_bighithttps://weverse.onelink.me/qt3S/94808190https://www.weibo.com/BTSbighithttps://www.weibo.com/BTSmembers http://i.youku.com/btsofficial http://btsblog.ibighit.com,Music,US,0.35525140649195736
fgk2KxK4iAo,Dynamite (Acoustic Remix),2020-08-24T04:00:28Z,UC9vrvNSL3xcWGSkV86REBSg,BTS - Topic,10,2020-08-24T00:00:00Z,BTS(방탄소년단)|BTS|Dynamite|Dynamite (Acoustic Remix),1408143,477402,2116,20246,https://i.ytimg.com/vi/fgk2KxK4iAo/default.jpg,False,False,Provided to YouTube by 'BigHit Entertainment'Dynamite (Acoustic Remix) · BTS(방탄소년단)DynamiteReleased on: 2020-08-21Auto-generated by YouTube.,Music,US,0.3534072888904039
Hi53L3jEnA8,BTS (방탄소년단) LOVE MYSELF Campaign Special Announcement,2021-03-04T23:30:01Z,UC3IZKseVpdzPSBaWxBxundA,Big Hit Labels,10,2021-03-05T00:00:00Z,BIGHIT|빅히트|방탄소년단|BTS|BANGTAN|방탄,2081996,689777,1086,45270,https://i.ytimg.com/vi/Hi53L3jEnA8/default.jpg,False,False,BTS LOVE MYSELF Campaign Continues!방탄소년단 LOVE MYSELF 캠페인은 앞으로도 계속됩니다. 함께 사랑 가득한 세상을 만들어가요.LOVE MYSELF 캠페인에 대해 더 알고 싶다면 아래 웹사이트와 SNS 채널을 방문해 주세요.To learn more about LOVE MYSELF campaign please visit below websites and social channels.LOVE MYSELF Official Twitterhttps://twitter.com/bts_love_myself​LOVE MYSELF Official Instagramhttps://www.instagram.com/bts_love_myself/LOVE MYSELF Official Websitehttps://www.love-myself.org​UNICEF #ENDviolence​http://endviolence.unicef.or.kr​#BTSLoveMyself​ #ENDviolence​ #BTS​ #방탄소년단​ #BigHitEntertainment #UNICEF​ #유니세프,Music,US,0.3530491893356183
M-9PLDrC_vQ,hannah bahng - perfect blues (Official Music Video),2023-07-14T04:00:09Z,UCsRQ3wRb1rMwRoq9H8OicKw,hannah bahng,10,2023-07-15T00:00:00Z,hannah bahng|perfect blues|hannah bang|hanna bahng|hanna bang|perfect blue|summer song|summer vibes|take me far away|swimming metaphorically,842919,277947,0,18874,https://i.ytimg.com/vi/M-9PLDrC_vQ/default.jpg,False,False,"hannah bahng - perfect blues Official Music Video (M/V)Listen & Download 'perfect blues' out now: https://lnk.to/perfectblues[ Follow hannah bahng ]instagram: https://www.instagram.com/hannahhbahng/twitter: https://twitter.com/hannahhbbahngtiktok: https://www.tiktok.com/@hannahbahng[ Music Video Credits ]Director: hannah bahngCinematography: BYCB Visuals (Cesar Borgaro, Angel Esparza, & Monica Prieto)Editor: BYCB VisualsHair, Make-up, & Styling: hannah bahngExecutive Producers: hannah bahng & Alexandria FryProduction Company: Bahng Entertainment[ Song Credits ]Lyrics by: hannah bahngComposed by: hannah bahng, Andrew LuceProduced by: hannah bahng, Andrew LuceMixed by: Jon Castelli at the gift shop downtown laMastered by: Dale Becker, Fili Filizzola at Becker MasteringVocals by: hannah bahngBackground Vocals by: hannah bahngVocal Production by: Andrew LuceUkulele by: hannah bahngGuitar by: Andrew LuceBass by: Andrew LuceDrums by: Phil Lawson at Drumfill StudioDrum Programming by: Andrew LuceKeys by: hannah bahng, Andrew LuceSpecial thanks to the friends who volunteered their time and resources to make this music video possible 💙#hannahbahng #perfectblues© 2023 BAHNG ENTERTAINMENT LLC. All Rights Reserved. Made with love and gratitude.",Music,US,0.3521346653711685
n_f-eSCgktk,TXT (투모로우바이투게더) '하굣길 (Way Home)' Official MV (Eye Contact ver.),2021-02-14T03:00:02Z,UC3IZKseVpdzPSBaWxBxundA,Big Hit Labels,10,2021-02-14T00:00:00Z,BIGHIT|빅히트|방탄소년단|BTS|BANGTAN|방탄,1281494,419029,1339,31748,https://i.ytimg.com/vi/n_f-eSCgktk/default.jpg,False,False,"TXT (투모로우바이투게더) '하굣길 (Way Home)' Official MV (Eye Contact ver.)Credits:Production : GONGJANGDirector : Choi Byung JuAssistant Director : Kee JungHo, Nam Gi BeopDOP : Jee K [THE MOVE]Gaffer : Lee Hyun Jun [JMT]Art Director: Oh Ha Young [ORBIT]Visual Creative : Nu Kim, Lee Hyun Ju, Jung Su Jung, RaktaArtist Management : Kim Dae Young, Kim Kang Sue, Kim Ji Soo, Shin Seung Chan, Seo Seong PilBig Hit Entertainment. Rights are reserved selectively in the video.Unauthorized reproduction is a violation of applicable laws. Manufactured by Big Hit Entertainment, Seoul, KoreaConnect with TOMORROW X TOGETHER:https://ibighit.com/txthttps://twitter.com/TXT_bighithttps://twitter.com/TXT_membershttps://www.facebook.com/TXT.bighithttps://www.instagram.com/txt_bighithttps://channels.vlive.tv/BA18A3https://www.tiktok.com/@txt.bighitent https://weverse.onelink.me/qt3S/8e901222https://www.weibo.com/TXTbighithttp://i.youku.com/txtbighit#하굣길 #WayHome #minisode1​ #BlueHour​ #TXT #투모로우바이투게더 #TOMORROW_X_TOGETHER",Music,US,0.3517589625858568
uOjKCkY5a8Y,[HYBE INSIGHT] EXPERIENCE MUSIC - BTS (방탄소년단),2021-05-06T02:00:06Z,UC3IZKseVpdzPSBaWxBxundA,HYBE LABELS,10,2021-05-06T00:00:00Z,BIGHIT|빅히트|방탄소년단|BTS|BANGTAN|방탄,1792892,594844,987,34375,https://i.ytimg.com/vi/uOjKCkY5a8Y/default.jpg,False,False,HYBE 음악이 가진 진솔함을 담은 HYBE INSIGHT하이브 인사이트에서 만나요!👋See you at HYBE INSIGHT!✔www.hybeinsight.com#HYBE_INSIGHT #HYBE뮤지엄 #BTS#하이브_인사이트 #하이브뮤지엄 #방탄소년단,Music,US,0.35095198149135587
DslHQto2V7I,iKON - ‘왜왜왜 (Why Why Why)’ M/V,2021-03-03T09:00:17Z,UCWxCyZibDIWIrGIgP25mbfw,iKON,10,2021-03-03T00:00:00Z,YG Entertainment|YG|와이지|K-pop|iKON|아이콘|김진환|송윤형|BOBBY|김동혁|구준회|정찬우|Jinhwan|Yunhyeong|Donghyuk|Ju-ne|Chanwoo|iKONIC|iKON 왜왜왜|iKON Why Why Why|아이콘 왜왜왜|아이콘 Why Why Why|왜왜왜|Why Why Why,1709281,509649,1333,90216,https://i.ytimg.com/vi/DslHQto2V7I/default.jpg,False,False,왜왜왜 (Why Why Why)사람에서 사랑으로인연에서 연인으로이별 없이 영원할 줄 알았는데 사실 아직도 거짓말 같죠 활짝 웃으며 올 것만 같죠아름다웠던 모습 그대로 이제 와서야 후회만 해요웃는 게 이쁜 그댈 울리기만 했죠내가 바란 건 이게 아닌데결국 이 지경 이 꼴이지 나란 놈지켜주지도 못했지 너란 꽃빨갛게 불타오르던 우리 모든 게 하얗게 재만 남았죠 사람에서 사랑으로인연에서 연인으로아름다운 사랑 꽃을 피웠는데꽃을 피웠는데웃음은 왜 울음이 돼님에서 남이 돼버린 그대이별 없이 영원할 줄 알았는데우린 왜 왜 왜내 꿈속에서도 멀어지는 너아무것도 난 할 수가 없죠멈춰보려 소리쳐도눈을 뜨면 사라지죠왜 네가 있을 때 잘해야 했던 걸그때 난 몰랐을까왜 모든 것들을 잃고 난 후에소중함을 알게 될까결국 이 지경 이 꼴이지 나란 놈지켜주지도 못했지 너란 꽃빨갛게 불타오르던 우리 모든 게하얗게 재만 남았죠사람에서 사랑으로인연에서 연인으로아름다운 사랑 꽃을 피웠는데꽃을 피웠는데웃음은 왜 울음이 돼님에서 남이 돼버린 그대이별 없이 영원할 줄 알았는데우린 왜 왜 왜그때 마지막인 줄 알았다면 조금 더네 모습을 담아뒀을 텐데단 한 번도 사랑하지 않은 적 없죠처음부터 지금까지도Albums Available @YG SELECT KR: ygselect.comYG SELECT EN: en.ygselect.comYG SELECT JP: jp.ygselect.comYG SELECT CN: cn.ygselect.comYG SELECT TH: ygselectth.com#iKON #아이콘 #DIGITAL_SINGLE #왜왜왜 #WHYWHYWHY #MV #JAY #진환 #BOBBY #바비 #SONG #윤형 #JU_NE #준회 #DK #동혁 #CHAN #찬우 #20210303 #OUTNOW #YGMore about iKON @http://www.yg-ikon.com/http://www.youtube.com/OfficialYGiKONhttp://www.facebook.com/OfficialYGiKONhttp://www.twitter.com/ygent_officialhttp://www.sptfy.com/iKONhttp://www.weibo.com/iKONOFFICIAL,Music,US,0.350945807038164
jWRMXiHhDjc,BTS (방탄소년단) 'Dynamite' @ 63rd GRAMMY Awards Show,2021-04-21T06:00:17Z,UCLkAepWjdylmXSltofFvsYQ,BANGTANTV,10,2021-04-21T00:00:00Z,방탄소년단|BTS|BANGTAN|HIPHOP|알엠|RM|슈가|SUGA|제이홉|jhope|지민|JIMIN|정국|JUNGKOOK|JIN,4425384,1444052,3672,103907,https://i.ytimg.com/vi/jWRMXiHhDjc/default.jpg,False,False,BTS (방탄소년단) 'Dynamite' @ 63rd GRAMMY Awards Show(p) © 2021 The Recording Academy Under license to HYBE Co. Ltd장소 협찬 제공: - 페어몬트 앰배서더 서울 호텔 Fairmont Ambassador Seoul- Hanwha Life 63 buildingConnect with BTS: https://ibighit.com/bts http://twitter.com/BTS_bighithttp://twitter.com/BTS_twt http://www.facebook.com/bangtan.official https://www.youtube.com/user/BANGTANTV http://instagram.com/BTS.bighitofficial https://channels.vlive.tv/FE619 https://www.tiktok.com/@bts_official_bighithttps://weverse.onelink.me/qt3S/94808190https://www.weibo.com/BTSbighithttps://www.weibo.com/BTSmembers http://i.youku.com/btsofficial http://btsblog.ibighit.com,Music,US,0.349790888203148
MyivSgSMCwk,j-hope '방화 (Arson)' Official Teaser,2022-07-13T15:00:02Z,UC3IZKseVpdzPSBaWxBxundA,HYBE LABELS,10,2022-07-14T00:00:00Z,HYBE|HYBE LABELS|하이브|하이브레이블즈,2938726,977474,0,50234,https://i.ytimg.com/vi/MyivSgSMCwk/default.jpg,False,False,"j-hope '방화 (Arson)' Official TeaserCredits:  Production : Boring StudioDirector : Lee SuhoExecutive Producer : Lee SeokjunAssistant Director. : Jeon SehoonProduction Assistant : Kwon Je-heon , Park JihoonD.O.P : Lee JinhyukFocus Puller : Hong Kang2nd A.C : Ryu SeunggyuDIT : Jeon Juhwan3rd A.C : Hong KyunguiGaffer : Oh Jonghwan1st : Kim Hyunggyun2nd : Yu Jaejun, Choi Beomseok3rd : Choi Hyungeon, Jeong Heewook4th : Yoon JaewoongArt Director : NOMESSTeam Leader : Lim GyuseongArt Team : Lee Jungsik, Kim Chaejeong, Go JuhwanPaint : Mural LifeSpecial Effect  : DRAGONDirector : Park Choulyoung1st : Oh Wonjun, Park Jaesung2nd : Seol Chongyoung3rd : Park YoungminStunt : Best Stunt TeamStunt Coordinator : Park SunghoStunt Man : Oh Myeunghoon, Cho MinkyoMagnum : servicevisionkoreaEquip : Scorpio Techno Crane 45ftHead Tech: Choi TaehyunCrane Oper: Woo JisooAssist: Kim Hakseo, Lee ByumkiDRONEOperator : Lee Jaehoon, Jung SoonwooMatch move & Compositing : Kim YeongseokFX : Jeon Seungwoo, Lee Minkyu3D VFX : AQUON2D VFX : Kim HanbinVFX : Kim Sehwang (AVLE)VFX Assistant : Lee JaeheeSpecial Make-upDirector : Oh SeongseokAssistant : Lee Byunghyun, Choi YuriSupporting TeamTeam Leader : Lee KyoungjmMemeber : Won Dongwook,Won Dongsuk, Moon Isak,Kim YoungjinBIGHIT MUSIC. Rights are reserved selectively in the video. Unauthorized reproduction is a violation of applicable laws. Manufactured by BIGHIT MUSIC, Seoul, Korea.Connect with BTS: https://ibighit.com/bts http://twitter.com/BTS_bighithttp://twitter.com/BTS_twt http://www.facebook.com/bangtan.official https://www.youtube.com/user/BANGTANTV http://instagram.com/BTS.bighitofficial https://channels.vlive.tv/FE619 https://www.tiktok.com/@bts_official_bighithttps://weverse.onelink.me/qt3S/94808190https://www.weibo.com/BTSbighithttps://www.weibo.com/BTSmembers http://i.youku.com/btsofficial http://btsblog.ibighit.com#jhope_Arson #JackInTheBox #jhope #제이홉 #jhope_방화",Music,US,0.34971208612167315
ziotSaBtqGk,Melanie Martinez - The Bakery [Official Music Video],2020-09-25T04:00:26Z,UC2YnEq5Fc5_zEO6bo0oNzCQ,melanie martinez,10,2020-09-25T00:00:00Z,melanie martinez|melanie|martinez|atlantic records|atlantic|crybaby|cry baby|dollhouse|doll house|pity party|sippy cup|after school|after school ep|melanie martinez after school|melanie martinez the bakery|melanie martinez bakery|the bakery melanie|bakery melanie|after school melanie|new melanie martinez|new melanie martinez music|melanie martinez k-12|the bakery|bakery|the bakery music video|melanie martinez the bakery music video|bakery music video,1734030,537555,4699,60308,https://i.ytimg.com/vi/ziotSaBtqGk/default.jpg,False,False,"After School EP Out Now: https://melanie.lnk.to/AfterSchoolIDDirected by Melanie MartinezExecutive Producer: Wes TeshomeProduction Company: Summercamp (summercamp.la)Post-Production Company: Frame 48 (frame48.com)Executive Producers: Seth Josephson & Katrina KudlickExecutive Producers: Julian Conner & Tom TellerStarring: Melanie Martinez & Jacqueline MolinaProduction Manager: Mariah MorgensternDirector of Photography: Tehillah De CastroProduction Designer: Kendra BradaniniCostume Designer: Melanie MartinezHair Stylist: William BlairMakeup: David VelasquezChoreography by: Melanie MartinezChoreography consulting: Brian FriedmanCake Sword Creation and Boat Design: Scott Hove (cakeland.la)                                                                                                                                                                                                                                                                                                                 Visual Effects Supervisor: Jordan AllenEditor: Joe CalardoDirector of Digital Production: Enrique De la GarzaLead Compositor: Philip BallardCompositors: Lenny Solis, Chad Beuhler, Artur Elison, Anthony Barcelo, Stephen GallModelers: Mariano Ruiz, Juan Fer BravoSound Design: Gerry VazquezColor: Bryan Smaller at Company 3Subscribe for more official content from Melanie Martinez:https://melanie.lnk.to/MMsubscribeFollow Melanie Martinezhttps://facebook.com/melaniemartinezmusichttps://twitter.com/melanielbbhhttps://instagram.com/littlebodybighearthttps://soundcloud.com/melaniemartinezmusichttp://melaniemartinezmusic.comThe official YouTube channel of Atlantic Records artist Melanie Martinez. Subscribe for the latest music videos, performances, and more.#MelanieMartinez #AfterSchool #TheBakery #OfficialMusicVideo",Music,US,0.34478238554119595
zNTaVTMoNTk,here comes the sun,2021-01-18T21:14:09Z,UCq6aw03lNILzV96UvEAASfQ,bill wurtz,10,2021-01-19T00:00:00Z,billwurtz|bill wurtz|song,1434348,402558,1635,91764,https://i.ytimg.com/vi/zNTaVTMoNTk/default.jpg,False,False,https://billwurtz.comspotify:  https://play.spotify.com/artist/78cT0dM5Ivm722EP2sgfDhpatreon:  https://patreon.com/billwurtzapple:  https://itunes.apple.com/us/artist/bill-wurtz/id1019208137pandora: https://www.pandora.com/artist/bill-wurtz/ARnXpvcKjV5z2vmtwitch:  https://twitch.tv/billwurtzsoundcloud: https://soundcloud.com/billwurtztwitter:  https://twitter.com/billwurtzinstagram:  https://instagram.com/notbillwurtzbad t-shirts: https://billwurtz.myshopify.com/donate for some breakfasts:  https://paypal.com/cgi-bin/webscr?cmd=_s-xclick&hosted_button_id=VXTWA8CDYP4RJ,Music,US,0.3446318466648261
4WXXL_JJqpE,[BANGTAN BOMB] Choreographers BTS - BTS (방탄소년단),2021-04-10T10:00:02Z,UCLkAepWjdylmXSltofFvsYQ,BANGTANTV,10,2021-04-10T00:00:00Z,방탄소년단|BTS|BANGTAN|HIPHOP|알엠|RM|슈가|SUGA|제이홉|jhope|지민|JIMIN|정국|JUNGKOOK|JIN,1606684,519715,679,30922,https://i.ytimg.com/vi/4WXXL_JJqpE/default.jpg,False,False,Connect with BTS: https://ibighit.com/bts http://twitter.com/BTS_bighithttp://twitter.com/BTS_twt http://www.facebook.com/bangtan.official https://www.youtube.com/user/BANGTANTV http://instagram.com/BTS.bighitofficial https://channels.vlive.tv/FE619 https://www.tiktok.com/@bts_official_bighithttps://weverse.onelink.me/qt3S/94808190https://www.weibo.com/BTSbighithttps://www.weibo.com/BTSmembers http://i.youku.com/btsofficial http://btsblog.ibighit.com,Music,GB,0.34271642712568245
nQEnj84irFc,Dynamite (EDM Remix),2020-08-24T04:00:28Z,UC9vrvNSL3xcWGSkV86REBSg,BTS - Topic,10,2020-08-24T00:00:00Z,BTS(방탄소년단)|BTS|Dynamite|Dynamite (EDM Remix),1219801,384174,11087,33573,https://i.ytimg.com/vi/nQEnj84irFc/default.jpg,False,False,Provided to YouTube by 'BigHit Entertainment'Dynamite (EDM Remix) · BTS(방탄소년단)DynamiteReleased on: 2020-08-21Auto-generated by YouTube.,Music,GB,0.3424714359145467
jeOhalbyDR4,PARA LOS HATERS | Fernanfloo x Bambiel,2021-09-16T20:08:37Z,UCV4xOVpbcV8SdueDCOxLXtQ,Fernanfloo,10,2021-09-18T00:00:00Z,fernanfloo|fernan|fernan el crack|bambiel|musica|tema|tema musical|hater|haters|para los haters|2021|cancion de fernanfloo|youtube|video oficial|official video|nuevo video|video|cancion|RoYo,5111648,1487287,10514,247631,https://i.ytimg.com/vi/jeOhalbyDR4/default.jpg,False,False,"Escúchala en Spotify → http://tiny.cc/HaterSpotifyCamisetas oficiales​ → https://fernanfloo.com/(Por el momento el único método de pago aceptado es paypal, estamos trabajando para aceptar mas métodos de pago, Gracias por tu comprensión papuh!!)Mis redes sociales:Instagram → https://www.instagram.com/fernanfloo/Twitter → https://twitter.com/FernanflooFacebook → https://www.facebook.com/FERNANFL00Tik Tok → https://www.tiktok.com/@fernanflooHola gente de YOUTUBE!!. El día de hoy les traigo un tema musical dedicado a los haters. Espero disfruten muchísimo de esta colaboración entre fernanfloo y bambiel, en la cual se habla sobre los haters, esas personas que comentan desde la frustración, ira y envidia.Créditos:Bambiel (Letra) → https://www.youtube.com/c/BambielR4goIsu RmX (Música) → https://www.youtube.com/c/IsuRmXLuis Gastelum (Arte y animación)RoYo (Dirección de animación) #fernanfloo #fernan #haters #hater #bambiel #paraloshaters #musica",Music,US,0.3394048259974083
S1xtMmidG2Y,BTS (방탄소년단) We Are Bulletproof,2022-04-17T07:00:14Z,UCLkAepWjdylmXSltofFvsYQ,BANGTANTV,10,2022-04-18T00:00:00Z,방탄소년단|BTS|BANGTAN|알엠|RM|슈가|SUGA|제이홉|jhope|지민|정국|k-pop|방탄|j-hope|Jung Kook|Jimin|BTS V|Jin,3161913,1005912,0,52527,https://i.ytimg.com/vi/S1xtMmidG2Y/default.jpg,False,False,"BTS (방탄소년단) We Are Bulletproof2022.06.10.Credits:Brand Experience: LONETONE, Hyeri Lee, Suyeon Jung, Yeeun Kim, Yennie Lee, Seayol ChoiMotion Graphic: Seungyong Noh, Chanyoung Lee (Yacht)BIGHIT MUSIC. Rights are reserved selectively in the video. Unauthorized reproduction is a violation of applicable laws. Manufactured by BIGHIT MUSIC, Seoul, Korea.Connect with BTS: https://ibighit.com/bts http://twitter.com/BTS_bighithttp://twitter.com/BTS_twt http://www.facebook.com/bangtan.official https://www.youtube.com/user/BANGTANTV http://instagram.com/BTS.bighitofficial https://channels.vlive.tv/FE619 https://www.tiktok.com/@bts_official_bighithttps://weverse.onelink.me/qt3S/94808190https://www.weibo.com/BTSbighithttps://www.weibo.com/BTSmembers http://i.youku.com/btsofficial http://btsblog.ibighit.com",Music,US,0.33474640194085037
X-uJtV8ScYk,Stray Kids Back Door M/V,2020-09-14T08:59:57Z,UCaO6TYtlC8U5ttz62hTrZgg,JYP Entertainment,10,2020-09-14T00:00:00Z,JYP|Stray Kids|스트레이 키즈|SKZ|스키즈|방찬|BANG CHAN|리노|LEE KNOW|창빈|서창빈|CHANGBIN|SEOCHANGBIN|현진|황현진|HYUNJIN|HWANGHYUNJIN|한|한지성|HAN|HANJISUNG|필릭스|FELIX|승민|김승민|SEUNGMIN|KIMSEUNGMIN|아이엔|양정인|I.N|YANGJEONGIN|stray kids comeback|stray kids music video|skz back door|스트레이 키즈 back door|스트레이 키즈 백도어|스키즈 백도어|스키즈 back door|back door 뮤비|back door 뮤직비디오|백도어 뮤비|백도어 뮤직비디오|back door music video|back door mv|스트레이 키즈 뮤비|스키즈 뮤비|in life|stray kids in life|skz mv|스트레이 키즈 인생,3645259,1031876,4463,178733,https://i.ytimg.com/vi/X-uJtV8ScYk/default.jpg,False,False,Stray Kids(스트레이 키즈) Back Door M/VStray Kids THE 1ST ALBUM IN生iTunes & Apple Music: https://apple.co/2Fz8NaMSpotify: https://spoti.fi/2Frc0cGStray Kids Official YouTube: https://www.youtube.com/c/StrayKidsStray Kids Official Facebook: https://www.facebook.com/JYPEStrayKids/Stray Kids Official Instagram: https://www.instagram.com/realstraykids/Stray Kids Official Twitter: https://twitter.com/Stray_KidsStray Kids Official Fan's: https://fans.jype.com/StrayKids#StrayKids #IN生 #BackDoor #백도어#스트레이키즈 #INLIFE#StrayKidsComeback#YouMakeStrayKidsStayCopyrights 2020 ⓒ JYP Entertainment. All Rights Reserved.,Music,US,0.3321050712720276
CDter5sJw9Q,j-hope 'MORE' Official Teaser,2022-06-29T15:00:03Z,UC3IZKseVpdzPSBaWxBxundA,HYBE LABELS,10,2022-06-30T00:00:00Z,HYBE|HYBE LABELS|하이브|하이브레이블즈,3998439,1231248,0,92582,https://i.ytimg.com/vi/CDter5sJw9Q/default.jpg,False,False,"j-hope 'MORE' Official TeaserCredits:Production : Boring StudioDirector : Lee Suho Creative Director : Yoon JunheeExecutive Producer : Lee SeokjunAssistant Director : Jeon SehoonProduction Assistant : Kwon Je-heon, Lee HoyoungD.O.P. : Lee JinhyukFocus Puller : Lee Kwangsu2nd A.C : Ryu SeunggyuDIT : Son Wooseok3rd A.C : Hong KyunguiGaffer : Oh Jonghwan1st : Kim Hyung-gyun2nd : Bae Hyun, Lee Kyunghwan 3rd : Yu Jae-jun, Choi Hyungeon4th : Jeong Heewook, Yoon JaewoongRobot arm : GraftOperator : Sul Jeewon PD : Kim Eui-kwan 1st : KIm Heeyeop 2nd : Oh Seunghun3rd : Heo Inbeom Jimmy Jib : SpeedOperator : Ji Seunghyun1st : Bing Junghyun2nd : Lee JingyuProduction Design : Jung Boram(RAMI)Art Team : Kim Hongyee(RAMI), Kim Seoah(RAMI), Moon Sohee(RAMI)Set Decorator : Kong Sehyun, Han Seokhui, Kim Hyunsoo3D VFX : AQUON, Sunisle2D VFX : Kim HanbinCast Hair stylist : Oh JihyeAssistant : Kim SuyeonCast Make up artist : Lee SeoyeongAssistant : Sung JeongeonSpecial Makeup Team : EIDOSSpecial Makeup Chief : Jo Hyeongjun, Kim Minsoo Special Makeup Assistant : Kim Chaelin, Yang Hyojin, Park Narim, Lee Sihwan, Lee Yoonjung, Choe Misun, Kim YenaStoryboard : Lee SooyeonSupporting TeamTeam Leader : Lee KyoungjinTeam Member : Jeong Hyeok, Lee MyungdongBIGHIT MUSIC. Rights are reserved selectively in the video. Unauthorized reproduction is a violation of applicable laws. Manufactured by BIGHIT MUSIC, Seoul, Korea.Connect with BTS: https://ibighit.com/bts http://twitter.com/BTS_bighithttp://twitter.com/BTS_twt http://www.facebook.com/bangtan.official https://www.youtube.com/user/BANGTANTV http://instagram.com/BTS.bighitofficial https://channels.vlive.tv/FE619 https://www.tiktok.com/@bts_official_bighithttps://weverse.onelink.me/qt3S/94808190https://www.weibo.com/BTSbighithttps://www.weibo.com/BTSmembers http://i.youku.com/btsofficial http://btsblog.ibighit.com#jhope_MORE #JackInTheBox #jhope #제이홉",Music,US,0.33108670658724565
fv4HhqTHfoQ,NCT U 엔시티 유 'From Home (Rearranged Ver.)' Official Video,2020-12-06T15:00:12Z,UCwgtORdDtUKhpjE1VBv6XfA,NCT,10,2020-12-07T00:00:00Z,[None],2122516,632861,867,64773,https://i.ytimg.com/vi/fv4HhqTHfoQ/default.jpg,False,False,🎬'From Home' MV: https://youtu.be/3p7s7Rjh4fgNCT 2020's new single RESONANCE is out!🎧Listen and download on your favorite platform: https://smarturl.it/NCT2020_RESONANCE🎁Official store: https://nct2020official.comNCT Officialhttp://www.nct2020.comhttp://www.youtube.com/nctsmtownhttp://www.tiktok.com/@official_ncthttp://www.instagram.com/ncthttp://twitter.com/NCTsmtownhttp://www.facebook.com/NCT.smtown#NCT #FromHome #RESONANCENCT U 엔시티 유 'From Home (Rearranged Ver.)' Official Video ℗ SM Entertainment,Music,US,0.3286825635236672
DMDJt9x8LlI,지민 (Jimin) '편지 (Dear. ARMY)' Live Clip #2023BTSFESTA,2023-06-07T13:00:09Z,UCLkAepWjdylmXSltofFvsYQ,BANGTANTV,10,2023-06-08T00:00:00Z,방탄소년단|BTS|BANGTAN|알엠|RM|슈가|SUGA|제이홉|jhope|지민|정국|k-pop|방탄|j-hope|Jung Kook|Jimin|BTS V|Jin,2981853,902797,0,74612,https://i.ytimg.com/vi/DMDJt9x8LlI/default.jpg,False,False,"#지민 #Jimin #편지 #Dear_ARMY✍️ LyricsWhat should I say And how should I say itI’m not so good at thisI know it may seem clichéBut I’ll try not to make it sound so light As I convey these wordsI say oh oh I want you to be happierWhenever I stumbled and fellYou, who reached out your hand to meI say oh oh Now I’ll be the one to hold you upWhenever you wanna crySo you won’t fallEven after time passes byWill we stay the same?Just like when we first metIf you and I are togetherEven the desert can turn into a seaJust like the way we used to beI say oh oh I hope this lasts foreverWhen I was lost in the cold winterYou came to me like a warm spring dayI say oh oh I will always cherishThe relationship between usAnd the moments we filled it withBaby, don’t leaveJust stay by my side, yeahYou who saw someone much greater in me than myselfTo give you in return everything you have given meAnd to keep my promises to you Don’t you worry By your side I’ll always stay, yeahThough we don’t know what lies aheadIt can be scary, it can be daunting  But never forget that we are togetherI know it may seem clichéBut I’ll try not to make it sound so light As I convey these wordsConnect with BTS: https://ibighit.com/bts http://twitter.com/BTS_bighithttp://twitter.com/BTS_twt http://www.facebook.com/bangtan.official https://www.youtube.com/user/BANGTANTV http://instagram.com/BTS.bighitofficial https://www.tiktok.com/@bts_official_bighithttps://weverse.onelink.me/qt3S/94808190https://www.weibo.com/BTSbighithttps://www.weibo.com/BTSmembers http://btsblog.ibighit.com",Music,US,0.32778577615999177
kDCosM2ebLQ,TXT (투모로우바이투게더) '5시 53분의 하늘에서 발견한 너와 나' Official Teaser - 수빈 (SOOBIN),2020-10-13T15:00:03Z,UC3IZKseVpdzPSBaWxBxundA,Big Hit Labels,10,2020-10-14T00:00:00Z,투모로우바이투게더|TOMORROW X TOGETHER|TXT|수빈|연준|범규|태현|휴닝카이|YEONJUN|SOOBIN|BEOMGYU|TAEHYUN|HUENINGKAI|빅히트엔터테인먼트|빅히트|Boy band|minisode1|BlueHour|5시 53분의 하늘에서 발견한 너와 나|5시 53분|553,1204652,380293,1425,13560,https://i.ytimg.com/vi/kDCosM2ebLQ/default.jpg,False,False,"TXT (투모로우바이투게더) '5시 53분의 하늘에서 발견한 너와 나' Official Teaser - 수빈 (SOOBIN)Director : Guzza (Lumpens)Assistant Director : Hyunhee Lim, Kookki KimDirector of Photography : EumkoFocus Puller: Sangwoo Yun, Jaewon Jung 2nd :  Youngwoo LeeDIT :  Eunil Lee3rd : Yuntae KoGaffer : Junghyeok Jeong Lighting Crew. : Junmin Yang ,Seungho Baek , Hyeonseok  Kim , Duhyeon Han , Junseok Oh , Minseong Choi , Dowon Ahn, Gukjin Jeong Jimmy Jib Operator: Youngjung KimJimmy Jib Assistant : Hyunin Kim , Sung Hoon KimTechnocrane Operator: Taehyeon Choi Art Director: Jinsil Park, Bona Kim (MU:E)Assistant Art team: Yeri Kang (MU:E)Art-team Manager: ilho Heo (MU:E)Associate Producer : Emma Sungeun Kim (ge production)Location Manager : Jihoon HanAssitant Producer : Eunah- Seo VFX STUDIO: PLASTIC BEACHVFX Supervisor: OhzeonVFX Assistant Supervisor: JojeemVFX Project Manager: Chanyoung Song, Jieun JeongVFX Producer: Kyutae Jang3D Artist: Kwangwon Lee, Doyeon Kim, Jeonghwa Lee, Jiwon Jeon2D Artist: Gihoon Jang, Hyunjun LeeBigHit Entertainment. Rights are reserved selectively in the video.Unauthorized reproduction is a violation of applicable laws. Manufactured by BigHit Entertainment, Seoul, KoreaVisual Creative : Nu Kim, Lee Hyun Ju, Kang Sung Do, Jung Su Jung, Cha Yeon Hwa, RaktaArtist Management: Kim Shin Gyu, Yang Jun Hyeong, Kim Ji Soo, Shin Seung ChanConnect with TOMORROW X TOGETHER:https://twitter.com/TXT_bighithttps://www.facebook.com/TXT.bighithttps://www.youtube.com/txt_bighithttps://www.instagram.com/txt_bighithttps://www.weibo.com/TXTbighithttp://i.youku.com/txtbighit#5시_53분의_하늘에서_발견한_너와_나 #BlueHour #minisode1 #TXT #투모로우바이투게더",Music,US,0.3269433828192706
LJD49PgX3AM,진 (Jin) 'The Astronaut' Official Teaser,2022-10-26T15:00:01Z,UC3IZKseVpdzPSBaWxBxundA,HYBE LABELS,10,2022-10-27T00:00:00Z,HYBE|HYBE LABELS|하이브|하이브레이블즈,3216540,998355,0,48240,https://i.ytimg.com/vi/LJD49PgX3AM/default.jpg,False,False,"진 (Jin) 'The Astronaut' Official TeaserCredits:  Director: Yong Seok Choi (Lumpens)1st AD: Jihye Yoon (Lumpens)2nd AD & Edit: Ran Ro (Lumpens)Director of Photography: Nam Hyunwoo (MOTHER)B Camera Operator: EumKoFocus Puller:  Kim Eunki, Lee Youngwoo2nd AC: Park Youngseo, Go YuntaeProduction Company: OUT OF OFFICE COExecutive Producer / Producer: Tiffany SuhProduction Supervisor: Sina ParsAssistant Production Supervisor: Nina Nwachukwu1st AD: Jesse Hays2nd AD: April MendozaOffice PA: Collin WadeClient Liaison: Candy YiLocation Manager: Laura Dominguez, Alex DominguezCamera Assistant: Robin Kim, Peter ByunDrone: Alex CastilloDIT: Miko HughesKey Grip: Roman ReardonBest Boy Grip: Adam UrbanGrip: Nick DeverianProduction Designer: Arae WebnerArt Coordinator: Michelle HanzelovaSet Decorator: Tyler VogelShopper: Katie DiFloreProp Master: Hannah OlsenProp Asst: Min-jay KangLeadman: Camillo CastanoOn Set Dresser: Jason NieblasSet Dresser: Kevin Ramon, Daniel Cosenza, Jeffrey Garcia, Andrew Kosum, Ian BuckleyFeatured Talent Stylist: Ann-Marie HoangSet Teacher: Scott PlimptonGang Boss:  David GonzalezMoho Drivers: Chris Mortimore, Rich Seitz, Darren CraigStakebed: Dylan MyersCraft Services:  Jimmy Campbell, Eva ScottSet Medic: Simon Kim, Jesus RamosCCM: Alice BiletskaCCA: Vlad KlimchukPA: Josh Collins, Rudy Reyes, EJ Smith, Kyler Simmons, Dylan Sutherland, Randy Dizon, Jack Runnels, Jakob Hunter, Chris Fambro, Ryan Hall, Omar Guiterrez, Segye Jun, Rene Peraza, Saeed ChabaytaDI: LUCID COLOURCOLORIST: WONSEOK KODI CREW: JAEYEON BAEK, DAIN KIM, SEO JIN JANG, JI HYUN SONGDI PRODUCER: IN GYEONG CHOIVFX: SECONDFLOORVFX Supervisor: Dae Young Byun2D Composite Lead: Ayoung  Lee2D Composite Artist: Young Jun Ko, Chea Young Kim3D/FX Lead: Hye Ju Kang3D/FX Artist: Geo Young YouProject Manager: Seo Yun KimBIGHIT MUSIC. Rights are reserved selectively in the video. Unauthorized reproduction is a violation of applicable laws. Manufactured by BIGHIT MUSIC, Seoul, Korea.Connect with BTS: https://ibighit.com/bts http://twitter.com/BTS_bighithttp://twitter.com/BTS_twt http://www.facebook.com/bangtan.official http://instagram.com/BTS.bighitofficial https://www.youtube.com/user/BANGTANTVhttps://www.tiktok.com/@bts_official_bighithttps://weverse.onelink.me/qt3S/94808190https://www.weibo.com/BTSbighithttps://www.weibo.com/BTSmembers http://btsblog.ibighit.com#진 #Jin #TheAstronaut",Music,US,0.3253791341006174
uqcZUIUb7fk,BAEKHYUN ベクヒョン 'Get You Alone' MV,2021-01-03T15:00:12Z,UCEf_Bc-KVd7onSeifS3py9g,SMTOWN,10,2021-01-04T00:00:00Z,[None],1781686,493413,1459,78906,https://i.ytimg.com/vi/uqcZUIUb7fk/default.jpg,False,False,"The music video of BAEKHYUN's 'Get You Alone' is out! BAEKHYUN's Japan 1st Mini Album BAEKHYUN will be released on Jan 20th, 2021.[Tracklist]01 Get You Alone02 Addicted03 WHIPPIN’04 Drown05 Disappeared06 StarsBAEKHYUN Japan 1st Mini Album Special Sitehttps://exo-jp.net/baekhyun/2021/EXO Japan Officialhttp://exo-jp.net/https://twitter.com/EXO_NEWS_JP#BAEKHYUN #GetYouAlone #ベクヒョン #ベクちゃん",Music,US,0.3212232682975564
amnspvOH-EE,Blue & Grey,2020-11-20T05:37:35Z,UC9vrvNSL3xcWGSkV86REBSg,BTS - Topic,10,2020-11-20T00:00:00Z,BTS (방탄소년단)|BTS|BE|Blue & Grey,2199457,675813,1188,29620,https://i.ytimg.com/vi/amnspvOH-EE/default.jpg,False,False,Provided to YouTube by 'BigHit Entertainment'Blue & Grey · BTS (방탄소년단)BEReleased on: 2020-11-20Auto-generated by YouTube.,Music,US,0.3207305257615857
2EjxIQXBhlc,Jackson Wang & Galantis - Pretty Please (Official Music Video),2020-09-04T04:00:09Z,UCJS0K01yC8BmQtSuRdqqo3w,Jackson Wang,10,2020-09-04T00:00:00Z,jackson wang|mirrors|got7|bullet to the heart|papillon|dway!|titanic|88rising|head in the clouds|team wang|galantis|seafox|kinjaz|100 ways|pretty please|china|BTS|official video|music video|dance,1719900,507996,1971,40903,https://i.ytimg.com/vi/2EjxIQXBhlc/default.jpg,False,False,"Official Music Video for Pretty Please by Jackson Wang & Galantis - Out Now: https://teamwang.lnk.to/PrettyPleaseIDMusic Video Directed by Jackson Wang and ConglinProduction Company: Team Wang and Push MediaChoreography by Anthony LeeChoreography assisted by Jason Lin, Chad Mayate, Vinh Nguyen, Franklin Yu, JFFollow Jackson WangInstagram: https://TEAMWANG.lnk.to/JacksonWangIGTwitter: https://TEAMWANG.lnk.to/JacksonWangTWFacebook: https://TEAMWANG.lnk.to/JacksonWangFBYouTube: http://TEAMWANG.lnk.to/YouTubeWeibo: http://weibo.com/jacksonwangG7Follow GalantisWebsite: http://smarturl.it/GalantisFbFacebook: http://smarturl.it/GalantisFbTwitter: http://smarturl.it/GalantisTwInstagram: http://smarturl.it/GalantisInstaSoundCloud: http://smarturl.it/GalantisScSpotify: http://smarturl.it/GalantisPharmacy_SpYouTube: http://youtube.com/wearegalantisSnapchat: WeAreGalantisOfficial Pretty Please Lyrics: Don’t hate me give love a chanceDon’t need your heart just need your handsKnew from the start that this won’t end Don’t you tease me baby pleasePretty pleasePretty pleasePretty pleasePretty pleasePretty pleasePretty pleasePretty pleasePretty pleaseI'm gon’ touch if you let me Give me love if you have it No more talk let me have it Swear now I’m readyHad enough I admit Lookin so camera ready Got me feelin' some type of wayCause your body is so wavyThis feels too good to let it goBut I can't let you lock the doorDon’t hate me give love a chanceDon’t need your heart just need your handsKnew from the start that this won’t end Don’t you tease me baby pleaseDon't you tease me baby please Don't you tease me baby pleaseDon’t hate me give love a chanceDon’t need your heart just need your handsKnew from the start that this won’t end Don’t you tease me baby please#PrettyPleaseJackson #JacksonWang #Galantis",Music,US,0.319145880574452
6ZUPsl0EVuk,NCT 127  'gimme gimme' MV,2021-02-15T09:00:14Z,UCEf_Bc-KVd7onSeifS3py9g,SMTOWN,10,2021-02-15T00:00:00Z,NCT127|NCT|NCT127 gimme gimme|gimme gimme|loveholic|nct127 loveholic|nct127 japan,3355990,957933,3000,111830,https://i.ytimg.com/vi/6ZUPsl0EVuk/default.jpg,False,False,NCT 127's Japan 2nd Mini Album LOVEHOLIC will be released on February 17th.💿Pre-order: http://avex.lnk.to/NCT127_LOVEHOLIC_JP[Tracklist]01 gimme gimme02 Lipstick03 First Love04 Chica Bom Bom05 英雄; Kick It06 Right NowNCT 127 Japan Officialhttps://nct-jp.net/index.phphttps://twitter.com/NCT_OFFICIAL_JP#NCT127 #LOVEHOLIC #gimmegimme #NCT127_LOVEHOLIC #NCT127_gimmegimme,Music,US,0.3187622728315639
fYiDCh-GYoE,RM '들꽃놀이 (with 조유진)' Official Teaser,2022-11-30T15:00:00Z,UC3IZKseVpdzPSBaWxBxundA,HYBE LABELS,10,2022-12-01T00:00:00Z,HYBE|HYBE LABELS|하이브|하이브레이블즈,1898190,573698,0,30399,https://i.ytimg.com/vi/fYiDCh-GYoE/default.jpg,False,False,"RM '들꽃놀이 (with 조유진)' Official TeaserCredits: Director: Woogie Kim Executive Producer: Katt Kim, Hyunwoo NamHead Of Studio: Kyuwon SeoAccount Executive: Jisoo ChungCommunications Coordinator: Brady Yoon Directors Assistant: Yurok JangCreative & Production: Sungjoo HanProduction Coordinator: Kaly Ngo Director Of Photography: Jinhyuk Lee1st AC: Hong Kang2nd AC: Seunggyu Yoo, Seungnggi Jang3rd AC: Gyeongui HongDIT: Gunwoo JungCamera B 1st AC: Jihwang KimCamera B 2nd AC: Jeajoon RyuCamera B 3rd AC: Minho KimCamera EQ Driver: Bong Jin Kim, Won Bae Park Gaffer: Seungnam Yoon (BESTBOY)BESTBOY: Inguk Hong, Taeyoung Kim, Joonmin Yang, Joonhyung Lim, Minjoon Kim, Junghoon Joo, Jongseung SongGenerator: Inman HwangCrane Operator: Daesik Seo Production Art Design Director: Minkyu Jeon (Rekindle)Art Department: Yesol Kim, Jiwoo Park, Youngmi Kim, Sanghoon Lee, Yoonhwan Kim, Geon HeoFloral Design Team: Hwa Lee, Chanyeon Ha, Maru Cho, Min Woo SonStructure Team: Song Kang Jeon VFX Director: Daeyoung Byun (Second Floor)VFX Supervisor: Dae Young Byun2D Composite Lead: Ayoung Lee2D Composite Artist: Youngjun Ko, Chea Young Kim3D/FX Lead: Hyeju Kang3D/FX Artist: Geo Young YouProject Manager: Seo Yun Kim DI Team Lead: Jiyun Yeom (Lucid Color)DI Producer: Onew KimDI Team: Somi Na, Suhyeon Bae, Mirim Lee, Jiwon Seo, Eunseo Choi, Hyeonsong KoBeauty Compositing: Go Moonyoung (Post Emotion) Location Manager: Sepil Jang, Jimin Son (Viewfinder) Traditional Fireworks Team Lead: Jaebok ChoTraditional Fireworks Team: Yunok Gong, Sunae Park, Yongnyeo Seo, Son Okhe, Seeun Lee, Giju Jeong, Geum Hoe Jeong, Aeja Seo, Myeongok Kim, Sunok Lee, Seonja Kim, Sunja Jeong, Hyunja Kim, Byeongsu Lee, Myeongwon Seo, Minwoo Park, Byeongwoo Seo, Byeong Joon Lee, Hong Won Seo Firework Team Lead: Hyungseok YukFirework Team: Jongho Hong, Giinam Kang, Gijin SongSFX Team: Yungyun Shin, Giseong Kim, Semin Oh Jimmy Jib Operator: Yoongu JiJimmy Jib Assist: Jinho Yoo, Euntaek Bae Techno Crane: Taehyun Choi, Jisoo Woo, Anjun Hwan, Beomki Lee, Jaeun Kim (Service Vision) Steadicam Operator: Sungwook ParkSteadicam Operator Assist: Youngwook Song FPV Operator: Minjae Lee (Godfinger)FPV Assist: Joonhwan Cha, Youngjoon Park, Sungjae Hwang, Euntae Lee Key Grip: Hosik MoonGrip: Janghee Park,Sangkyo Kim, Hyungjoon Kim Runner Team Lead: Dongwang HuhRunner Team: Yonghyeon Yoo, Seulgi Hong, Jonghun, Jinu Jeong, Hakmin Kim, Juneun Park, Hyodong LeeRunner Team Driver: Daejeong LimCovid Officer: Juyong ParkSecurity: Dongwon Gam, Hongbin Lim, Yeonggyun Jang, Seungsu Kim Chanjae Park, Seong Jeong Kang, Byeongho Kim, Seungheon ParkBIGHIT MUSIC. Rights are reserved selectively in the video. Unauthorized reproduction is a violation of applicable laws. Manufactured by BIGHIT MUSIC, Seoul, Korea.Connect with BTS: https://ibighit.com/bts http://twitter.com/BTS_bighithttp://twitter.com/BTS_twt http://www.facebook.com/bangtan.official http://instagram.com/BTS.bighitofficial https://www.youtube.com/user/BANGTANTVhttps://www.tiktok.com/@bts_official_bighithttps://weverse.onelink.me/qt3S/94808190https://www.weibo.com/BTSbighithttps://www.weibo.com/BTSmembers http://btsblog.ibighit.com#RM #Indigo #들꽃놀이 #WildFlower",Music,US,0.3182489634862685
g5idjxf4jHI,GOT7 Breath (넌 날 숨 쉬게 해) M/V,2020-11-23T08:58:12Z,UCaO6TYtlC8U5ttz62hTrZgg,JYP Entertainment,10,2020-11-23T00:00:00Z,JYP Entertainment|JYP|JB|마크|잭슨|진영|영재|뱀뱀|유겸|GOT7|갓세븐|mark|jackson|jingyoung|youngjae|bambam|yugyeom|제이비|갓세븐 제이비|갓세븐 마크|갓세븐 잭슨|갓세븐 진영|갓세븐 영재|갓세븐 뱀뱀|갓세븐 유겸|got7 jb|got7 mark|got7 jackson|got7 jinyoung|got7 bambam|got7 yugyeom|JYP TEASER|GOT7 TEASER|갓세븐 티저|GOT7 M/V|갓세븐 뮤직비디오|GOT7 MV TEASER|Breath of Love : Last Piece|Breath|Breath (넌 날 숨 쉬게 해)|LAST PIECE|The 4th Album,3047216,836962,2537,128233,https://i.ytimg.com/vi/g5idjxf4jHI/default.jpg,False,False,GOT7 Breath (넌 날 숨 쉬게 해) M/VFind GOT7 Breath(넌 날 숨 쉬게 해) onMelOn http://kko.to/OYImLQhDoApple Music https://music.apple.com/us/album/breath-single/1540705643Spotify https://open.spotify.com/album/2DUCTJhmXzOWNpjYnzt7Sz?si=g6o2immBRnaOmphafhcerA[GOT7 Official] http://got7.jype.comhttps://www.youtube.com/c/GOT7http://www.facebook.com/GOT7Officialhttp://www.twitter.com/GOT7Officialhttp://instagram.com/got7.with.igot7http://fans.jype.com/GOT7iTunes & Apple Music https://goo.gl/scRi53Spotify https://goo.gl/4V18XN#GOT7#GOT7_BreathofLove_LastPiece#GOT7_Breath#GOT7_LASTPIECECopyrights 2020 ⓒ JYP Entertainment. All Rights Reserved,Music,US,0.3167464990995059
NAo38Q9c4xA,ZAYN - Better (Official Video),2020-09-25T04:00:10Z,UCy5FUarBYUHFpPtYVuvzgcA,ZaynVEVO,10,2020-09-25T00:00:00Z,zayn|better|zayn better|better video|new zayn|new zayn video|zayn better video|zayn gigi|gigi|gigi hadid|zayn 2020|zayn lyrics|zayn video|inzayn|new zayn music|new zayn song|zayn live|pillowtalk|zayn pillowtalk|zayn flames|dusk till dawn|zayn dusk till dawn|zayn sia|whole new world|zayn aladdin|i don’t wanna live forever|zayn taylor swift|zayn let me|entertainer|enertainer video|snakehips cruel|cruel|rainberry,2446830,700156,4069,71376,https://i.ytimg.com/vi/NAo38Q9c4xA/default.jpg,False,False,"ZAYN - “Better” out now https://smarturl.it/xBetterx Listen to more music from Zayn: https://zayn.lnk.to/listenYD Production Company -The Social RegisterDirector - Ryan HopeProducer - Nathaniel GreeneProduction Supervisor - Diana Desiderio ErnstAssistant Production Supervisor - Jeff Volpe1st AD - Solita HannaStedicam - Travis Plante1st AC - Gino VarisanoDIT - Adam MacDonaldGaffer - Pedro CunilleraKey Grip - Conor O’MaraSwing - Mike ParesArt Director - Zach MichaliszynProp Master - Jamie RichardHair Stylist- Alie Hernandez Groomer - Joanna SimkinStylist- Marcus PaulStylist Assistant: Danielle EllsworthTailor- Brigit LandauSound Mixer - Sean HoffmanVTR - Rich MeyersLocation Manager - Kevin StreckewaldLocation Manager - Scott CurrieEditor - Johan ArthursColor Studio - A52 ColorColorist - Paul YaconoProducer - Jenny BrightEP - Thacher PetersonFinishing - Sunset Edit Lyrics:‘Cause sometimes it’s better that way Gotta let it go so your heart don’t break  ‘Cause I love you Yeah baby I love you Just this one time hear what I’m tryna say Know you might not feel quite the same way But I love you I tell you, I love you  Subscribe to ZAYN’s channel for more content: https://smarturl.it/ZAYNytSubscribe    Follow ZAYN:▶https://www.facebook.com/zayn▶https://www.instagram.com/zayn▶https://twitter.com/zaynmalik #zayn #better #officialvideo #RnB",Music,US,0.3153190045896119
22VOzqS_9ms,Falling (Original Song: Harry Styles) by JK of BTS,2021-10-28T14:59:58Z,UCLkAepWjdylmXSltofFvsYQ,BANGTANTV,10,2021-10-29T00:00:00Z,방탄소년단|BTS|BANGTAN|HIPHOP|알엠|RM|슈가|SUGA|제이홉|jhope|지민|JIMIN|정국|JUNGKOOK|JIN,8414984,2386983,4670,259344,https://i.ytimg.com/vi/22VOzqS_9ms/default.jpg,False,False,"Falling (Original Song: Harry Styles) by JK of BTSCredits:Vocals: Jung KookRecording, Mixing & Mastering Engineer: 전부연 @ HYBE Studio*Original Track: Falling - Harry StylesConnect with BTS: https://ibighit.com/bts http://twitter.com/BTS_bighithttp://twitter.com/BTS_twt http://www.facebook.com/bangtan.official https://www.youtube.com/user/BANGTANTV http://instagram.com/BTS.bighitofficial https://channels.vlive.tv/FE619 https://www.tiktok.com/@bts_official_bighithttps://weverse.onelink.me/qt3S/94808190https://www.weibo.com/BTSbighithttps://www.weibo.com/BTSmembers http://i.youku.com/btsofficial http://btsblog.ibighit.com",Music,US,0.3144779597917239
Shhlj3QVGpI,BLACKPINK - 5th ANNIVERSARY [4+1 PROJECT] ANNOUNCEMENT VIDEO,2021-06-23T01:00:02Z,UCOmHUn--16B90oW2L6FRR3A,BLACKPINK,10,2021-06-23T00:00:00Z,YG Entertainment|YG|와이지|K-pop|BLACKPINK|블랙핑크|블핑|제니|로제|리사|지수|Lisa|Jisoo|Jennie|Rosé|BLINK|블링크|BLACKPINK 5th ANNIVERSARY|BLACKPINK 4+1 PROJECT|4+1 PROJECT|5th ANNIVERSARY,1952279,571691,2249,42156,https://i.ytimg.com/vi/Shhlj3QVGpI/default.jpg,False,False,More info @ 5th.blackpinkofficial.com#BLACKPINK #블랙핑크 #5thANNIVERSARY #4PLUS1_PROJECT #ANNOUNCEMENT_VIDEO #YG,Music,GB,0.31442585818932645
2QXn2ZgyQ0U,Kenia Os - Tsunami (Official Music Video),2020-09-21T02:00:10Z,UCSEY-xdBrV-J1zpLg9-mr6w,K OS,10,2020-09-21T00:00:00Z,Kenia|os|kenia|2018|osuna|keninis|por|siempre|lizos|music|kenia os tsunami|kos tsunami|tsunami letra|kenia os cocteles|kenia os escribeme|kenia os dinero|musica kenia os|kenia os letra|tsunami kenia os|nuevos lanzamientos|nueva musica|musica youtuber|kenia os canciones|kenia os cocteles letra|kos|tsunami|jbalvin|bad bunny|rosalia|sech|j balvin|balvin|jbalvin colores|bunny|bad|bad bunny j balvin|rosalia a pale|rosalía|sech relacion|sech music|reggaeton,947905,238942,7845,58699,https://i.ytimg.com/vi/2QXn2ZgyQ0U/default.jpg,False,False,"Interpretada por: Kenia Oswwww.instagram.com/keniaosEscrita por: Alan Yasiel Núñez Ibarrawww.instagram.com/alanjacquesmxProducida por: Derry Sanchez, 6IXXX & Andry Kiddoshttps://www.instagram.com/derrysanchezhttps://www.instagram.com/petenotpithttps://www.instagram.com/andrykiddos",Music,US,0.3139987656990943
jNXL0PiXzJo,"Stray Kids ＜NOEASY＞ UNVEIL : TRACK 강박 (방찬, 현진)",2021-08-05T14:59:56Z,UCaO6TYtlC8U5ttz62hTrZgg,JYP Entertainment,10,2021-08-06T00:00:00Z,JYP Entertainment|JYP|Stray Kids|스트레이 키즈|SKZ|스키즈|방찬|BANG CHAN|리노|이민호|LEE KNOW|MINHO|LEEMINHO|창빈|서창빈|CHANGBIN|SEOCHANGBIN|현진|황현진|HYUNJIN|HWANGHYUNJIN|한|한지성|HAN|JISUNG|HANJISUNG|필릭스|FELIX|승민|김승민|SEUNGMIN|KIMSEUNGMIN|아이엔|양정인|I.N|YANGJEONGIN|강박|노이지|스트레이키즈 티저|스키즈 티저|stray kids teaser|skz teaser|강박 티저|강박 언베일트랙|방찬 현진 뮤비|방찬 현진 유닛곡|noeasy teaser|방찬 현진 언베일트랙|스키즈 강박|강박 뮤비|스트레이키즈 강박|강박 unveil track|NOEASY|방찬 현진 강박|red lights|stray kids red lights|skz red lights,1399800,407941,896,29171,https://i.ytimg.com/vi/jNXL0PiXzJo/default.jpg,False,False,"Stray Kids(스트레이 키즈) ＜NOEASY＞ UNVEIL : TRACK 강박 (방찬, 현진)Stray Kids Digital Single Mixtape : 애 iTunes & Apple Music: https://apple.co/3dc63xQSpotify: https://spoti.fi/3qykdyYStray Kids Official YouTube: https://www.youtube.com/c/StrayKidsStray Kids Official Facebook: https://www.facebook.com/JYPEStrayKids/Stray Kids Official Instagram: https://www.instagram.com/realstraykids/Stray Kids Official Twitter: https://twitter.com/Stray_KidsStray Kids Official Fan's: https://fans.jype.com/StrayKids#StrayKids #스트레이키즈#NOEASY #강박 #RedLights#UNVEILTRACK#StrayKidsComeback#YouMakeStrayKidsStay",Music,US,0.3122674667809687
kLFH5Le1zeY,“나로 바꾸자 Switch to me” by DAHYUN and CHAEYOUNG – Melody Project,2021-02-10T08:59:49Z,UCzgxx_DM2Dcb9Y1spb9mUJA,TWICE,10,2021-02-10T00:00:00Z,TWICE|트와이스|DAHYUN|CHAEYOUNG|다현|채영|멜로디프로젝트|MelodyProject|트와이스멜로디프로젝트|TWICE멜로디프로젝트|TWICEMelodyProject|트와이스MelodyProject|트와이스다현|TWICE다현|TWICEDAHYUN|트와이스채영|TWICE채영|TWICECHAEYOUNG|TWICE멜프|멜프|트와이스멜프|다채멜프|다채멜로디프로젝트|다현채영멜로디프로젝트|DAHYUNCHAEYOUNGMelodyProject|나로바꾸자|Switchtome|TWICE나로바꾸자|트와이스나로바꾸자|다현채영나로바꾸자|DAHYUNCHAEYOUNG나로바꾸자|박진영|비|박진영나로바꾸자|JYP|JYP나로바꾸자|RAIN|RAIN나로바꾸자|박진영비나로바꾸자,1499393,422785,2530,45397,https://i.ytimg.com/vi/kLFH5Le1zeY/default.jpg,False,False,“나로 바꾸자 Switch to me” by DAHYUN and CHAEYOUNG – Melody ProjectTWICE CRY FOR ME Released Online:https://twice.lnk.to/CRYFORMETWICE Official Shop: https://TWICE.lnk.to/ShopTWICE Official YouTube: http://www.youtube.com/c/TWICETWICE Official Facebook: http://www.facebook.com/JYPETWICETWICE Official Twitter: http://www.twitter.com/JYPETWICETWICE Official Instagram: http://www.instagram.com/TWICETAGRAMTWICE Official Homepage: http://TWICE.jype.comTWICE Official Fan's: http://fans.jype.com/TWICEⓒ 2021 JYP Entertainment. All Rights Reserved#TWICE #Switchtome #MelodyProject,Music,US,0.312247689565044
2vfmL4q2koo,RM 'Still Life (with Anderson .Paak)' Official MV,2022-12-06T15:00:00Z,UC3IZKseVpdzPSBaWxBxundA,HYBE LABELS,10,2022-12-07T00:00:00Z,HYBE|HYBE LABELS|하이브|하이브레이블즈,2978150,872630,0,50561,https://i.ytimg.com/vi/2vfmL4q2koo/default.jpg,False,False,"RM 'Still Life (with Anderson .Paak)' Official MVCredits: Director: Bang Jaeyeob (BANGJAEYEOBFILM)Assiatant Director: Nany Kim, Saro Kim, Anna Kim, Hyeji KimProducer: Min Jae KimDirector of Photography: Jinhyuk LeeFocus Puller: Kang Hong2nd AC: Seunggyu RyuDIT : Gunwoo Jeong3rd AC: Kyungui HongRobot Arm: GraftRobot Arm Team: Jeewon Sul, Euikwan Kim, Heeyeop Kim, Yongjoon KimJimmy Jib Operator: Yoongu JiJimmy Jib Assist: Jinho Yoo, Euntaek BaeGaffer: Doo-soo Choi (DS LIGHT)DS LIGHT: Hyungseok Kim, Yu-jin Jeong, Sangjoon Lee, Minjae Park, Ki-eun Lee, Jin-hyung Park, Seong-ho Lee (generation)Show Light: Sungkeun Ma A&TLIGHTArt Director: Jihye Jung, Jihyun Oh (3846)Art Team: Seungyeon Lee, Jeongeun SeoVFX: SECONDFLOOR VFX Supervisior: Daeyoung Byun 2D Composite Lead: Ayoung  Lee 2D Composite Artist: Youngjun Ko, Chea Young Kim3D/FX Lead: Hyeju Kang 3D/FX Artist: Geoyoung YouProject Manager: Seoyun KimMATCHMOVE Team: Gilyoung Lee, Seonbin Kim, Hyunzu Ji, Segwang Jang4D GATECEO: Seokjun Kang3D Scan Supervisor: Donghyeok Jeong3D Scan Lead: Sibong Lee, Sujin Kim3D Scan Artist: Hyunjun Park, Chanhyung Park, Soeun Cho, Jiwoo Jung, Jongchae Youn, Gyeongeun ParkDI:LUCID COLOURColorist: Jiyun YeomDI Crew: Somi Na, Suhyeon Bae, Mirim Lee, Jiwon Seo, Eunseo Choi, Hyeonsong KoDI Producer: Onew KimSupport Team Lead: Kyoungjin LeeSupport Team: Hyewon Yang, Seunghee Baek, Jubong ParkBIGHIT MUSIC. Rights are reserved selectively in the video. Unauthorized reproduction is a violation of applicable laws. Manufactured by BIGHIT MUSIC, Seoul, Korea.Connect with BTS: https://ibighit.com/bts http://twitter.com/BTS_bighithttp://twitter.com/BTS_twt http://www.facebook.com/bangtan.official http://instagram.com/BTS.bighitofficial https://www.youtube.com/user/BANGTANTVhttps://www.tiktok.com/@bts_official_bighithttps://weverse.onelink.me/qt3S/94808190https://www.weibo.com/BTSbighithttps://www.weibo.com/BTSmembers http://btsblog.ibighit.com#RM #Indigo #StillLife",Music,US,0.3099880798482279
Ng55X9HH22c,"Me, Myself, ​and Jung Kook​ ‘Time Difference​​’ ​Concept Film",2022-08-16T15:00:01Z,UCLkAepWjdylmXSltofFvsYQ,BANGTANTV,10,2022-08-18T00:00:00Z,방탄소년단|BTS|BANGTAN|알엠|RM|슈가|SUGA|제이홉|jhope|지민|정국|k-pop|방탄|j-hope|Jung Kook|Jimin|BTS V|Jin,4012811,1196480,0,40099,https://i.ytimg.com/vi/Ng55X9HH22c/default.jpg,False,False,"Me, Myself, ​and Jung Kook​ ‘Time Difference​​’ ​Concept Film#Photo_Folio #JungKook #정국​ #BTS #방탄소년단 Credits:Artist & Creator: Jung Kook Production: Artist Contents Studio (HYBE 360)Photo-Folio Creative: ​Kim Su RinContents Director: ​Jang Jeong InContents Editor: Min Young Eun Film ​Director: Kim Yoon Ji (MUNCHIZ) AD: Kim Ki Beom  D.O.P: Lee Jong Min1st: Lee Jun Hyeong 2nd: Jeon Ju Hwan 3rd: Eom Do Wall 4th: Cho Joon Hee  Gaffer: Lee Dong Hee1st: Lee Seung Hoon 2nd: Park Beom Ki 3rd: Lee Jae Hyeok, Hong Jun Gi  CG: Wu Seung Min Music: HAY Art Team: Jeon Min Kyu​Art ​Assistant: Kim Ye Sol, Park In Beom, Choi Ji Won Contents Creative: Bang Woo JungVisual Communication: Lim Hye LinHair: Park Nae Joo (Bit&Boot)Make-up: Kim Da Reum, Seo Yu Ri, Kim Seon MinStylist: Kim Young Jin, Kim Ye Song, Kim Bong Kyu Artist Management: ​Lee Ju Sang, Lee Jung Min, Jeong Dae Seong (BIGHIT MUSIC)Connect with BTS: https://ibighit.com/bts http://twitter.com/BTS_bighithttp://twitter.com/BTS_twt http://www.facebook.com/bangtan.official https://www.youtube.com/user/BANGTANTV http://instagram.com/BTS.bighitofficial https://channels.vlive.tv/FE619 https://www.tiktok.com/@bts_official_bighithttps://weverse.onelink.me/qt3S/94808190https://www.weibo.com/BTSbighithttps://www.weibo.com/BTSmembers http://i.youku.com/btsofficial http://btsblog.ibighit.com",Music,US,0.3081577976136927
Cz6-1nJDmN8,BTS (방탄소년단) ARMY Playlist,2021-07-08T15:00:11Z,UCLkAepWjdylmXSltofFvsYQ,BANGTANTV,10,2021-07-09T00:00:00Z,방탄소년단|BTS|BANGTAN|HIPHOP|알엠|RM|슈가|SUGA|제이홉|jhope|지민|JIMIN|정국|JUNGKOOK|JIN,6495021,1863558,2616,136757,https://i.ytimg.com/vi/Cz6-1nJDmN8/default.jpg,False,False,Connect with BTS: https://ibighit.com/bts http://twitter.com/BTS_bighithttp://twitter.com/BTS_twt http://www.facebook.com/bangtan.official https://www.youtube.com/user/BANGTANTV http://instagram.com/BTS.bighitofficial https://channels.vlive.tv/FE619 https://www.tiktok.com/@bts_official_bighithttps://weverse.onelink.me/qt3S/94808190https://www.weibo.com/BTSbighithttps://www.weibo.com/BTSmembers http://i.youku.com/btsofficial http://btsblog.ibighit.com,Music,US,0.3079766793671645
ON9_T5DnMr8,"YEONJUN X TAEHYUN's STAY (Original Song: The Kid LAROI, Justin Bieber) Live Clip - TXT (투모로우바이투게더)",2021-10-20T10:00:00Z,UCtiObj3CsEAdNU6ZPWDsddQ,TOMORROW X TOGETHER OFFICIAL,10,2021-10-21T00:00:00Z,투모로우바이투게더|TOMORROW X TOGETHER|TXT|연준|수빈|휴닝카이|태현|범규|YEONJUN|SOOBIN|HUENINGKAI|TAEHYUN|BEOMGYU|빅히트뮤직,890545,263422,311,10799,https://i.ytimg.com/vi/ON9_T5DnMr8/default.jpg,False,False,"YEONJUN X TAEHYUN's STAY (Original Song: The Kid LAROI, Justin Bieber) Live Clip - TXT (투모로우바이투게더)Listen 'STAY' by TOMORROW X TOGETHER on SoundCloud:https://soundcloud.com/txt190304/yeonjun-x-taehyuns-stay-original-song-the-kid-laroi-justin-bieber/s-iLXovDEPgK3?si=cf5df9491a1641cb8da3b6f06c93c2bbCredit:Film by Geeeembo, Jiwoo SeoConnect with TOMORROW X TOGETHER:https://ibighit.com/txthttps://twitter.com/TXT_bighithttps://twitter.com/TXT_membershttps://www.facebook.com/TXT.bighithttps://www.instagram.com/txt_bighithttps://channels.vlive.tv/BA18A3https://www.tiktok.com/@txt.bighitent https://weverse.onelink.me/qt3S/8e901222https://www.weibo.com/TXTbighithttp://i.youku.com/txtbighit",Music,GB,0.30792492237899266
zVANaD9WSTA,Harry Styles - Harry’s House (coming soon),2022-03-23T16:01:12Z,UCZFWPqqPkFlNwIxcpsLOwew,Harry Styles,10,2022-03-24T00:00:00Z,HarryStyles|Harry's House|HarrysHouse|HH|May 20|new album|harry styles|Golden|FineLine|HS1|HS2|WatermelonSugar|Harry|Adore You|LightsUp|Cherry|Falling|ToBeSoLonely|She|Styles|Sunflower|SunflowerVol|CanyonMoon|TreatPeoplewithKindness|Line|Fine|Hstyles|kiwi|Canyon Moon|To Be So Lonely|You’re so Golden,1210326,346049,0,26250,https://i.ytimg.com/vi/zVANaD9WSTA/default.jpg,False,False,Album Trailer for Harry Styles' new album Harry's House out May 20th.Pre-save / Pre-add the album here: https://hstyles.co.uk Follow Harry Styles:Facebook: https://HarryStyles.lnk.to/followFIInstagram: https://HarryStyles.lnk.to/followIITwitter: https://HarryStyles.lnk.to/followTIWebsite: https://HarryStyles.lnk.to/followWISpotify: https://HarryStyles.lnk.to/followSIYouTube: https://HarryStyles.lnk.to/subscribeYD #HarryStyles #HarrysHouse #Trailer,Music,US,0.30760224931134256
hU-Yk2esSC4,Stray Kids ＜ODDINARY＞ Mashup Video,2022-03-13T14:59:55Z,UCaO6TYtlC8U5ttz62hTrZgg,JYP Entertainment,10,2022-03-14T00:00:00Z,JYP Entertainment|JYP|Stray Kids|스트레이 키즈|SKZ|스키즈|방찬|BANG CHAN|리노|이민호|LEE KNOW|MINHO|LEEMINHO|창빈|서창빈|CHANGBIN|SEOCHANGBIN|현진|황현진|HYUNJIN|HWANGHYUNJIN|한|지성|한지성|HAN|JISUNG|HANJISUNG|필릭스|FELIX|승민|김승민|SEUNGMIN|KIMSEUNGMIN|아이엔|양정인|정인|I.N|YANGJEONGIN|JEONGIN|stray kids comeback|스트레이 키즈 컴백|스키즈 컴백|skz comeback|ODDINARY|Stray Kids ODDINARY|스키즈 오디너리|스트레이 키즈 ODDINARY|스키즈 ODDINARY|스키즈 티저|skz teaser|ODDINARY Mashup|maniac mashup|skz mashup|skz mashup video|skz remix,1067180,314568,0,12902,https://i.ytimg.com/vi/hU-Yk2esSC4/default.jpg,False,False,Stray Kids(스트레이 키즈) ＜ODDINARY＞ Mashup Video✅ Pre-Save and Pre-Order ＜ODDINARY＞ now! http://Stray-Kids.lnk.to/ODDINARYStray Kids Official YouTube: https://www.youtube.com/c/StrayKidsStray Kids Official Facebook: https://www.facebook.com/JYPEStrayKids/Stray Kids Official Instagram: https://www.instagram.com/realstraykids/Stray Kids Official Twitter: https://twitter.com/Stray_KidsStray Kids Official TikTok: https://www.tiktok.com/@jypestraykidsStray Kids Official Fan's: https://fans.jype.com/StrayKids#StrayKids #스트레이키즈#ODDINARY#MANIAC #MANIAC_SKZ#StrayKidsComeback#YouMakeStrayKidsStayCopyrights 2022 ⓒ JYP Entertainment. All Rights Reserved.,Music,US,0.3068554508142956
qJf8Ef4pqQk,CHEN 첸 '안녕 (Hello)' MV,2020-10-15T09:00:21Z,UCEf_Bc-KVd7onSeifS3py9g,SMTOWN,10,2020-10-17T00:00:00Z,[None],4760497,1103051,7745,355857,https://i.ytimg.com/vi/qJf8Ef4pqQk/default.jpg,False,False,CHEN's new single 'Hello' is Out!🎧Listen and download on your favorite platform: https://smarturl.it/CHEN_HELLOCHEN Officialhttp://chen.smtown.comhttp://www.youtube.com/CHENhttp://www.youtube.com/weareoneEXOhttp://www.facebook.com/weareoneEXOhttp://www.instagram.com/weareone.exohttp://twitter.com/weareoneEXO#CHEN #첸 #안녕 #Hello CHEN 첸 '안녕 (Hello)' MV ℗ SM Entertainment,Music,US,0.3064612791479545
13XUK0I_Ho4,Stray Kids ﹤ODDINARY﹥ UNVEIL : TRACK 2 Lonely St.,2022-03-09T15:00:01Z,UCaO6TYtlC8U5ttz62hTrZgg,JYP Entertainment,10,2022-03-10T00:00:00Z,JYP Entertainment|JYP|Stray Kids|스트레이 키즈|SKZ|스키즈|방찬|BANG CHAN|리노|이민호|LEE KNOW|MINHO|LEEMINHO|창빈|서창빈|CHANGBIN|SEOCHANGBIN|현진|황현진|HYUNJIN|HWANGHYUNJIN|한|지성|한지성|HAN|JISUNG|HANJISUNG|필릭스|FELIX|승민|김승민|SEUNGMIN|KIMSEUNGMIN|아이엔|양정인|정인|I.N|YANGJEONGIN|JEONGIN|stray kids comeback|스트레이 키즈 컴백|스키즈 컴백|skz comeback|ODDINARY|Stray Kids ODDINARY|스키즈 오디너리|스트레이 키즈 ODDINARY|스키즈 ODDINARY|스키즈 언베일|stray kids unveil|Lonely St.|스트레이 키즈 lonely St.|론리스트릿|스키즈 론리스트릿|스키즈 티저|skz teaser,1157649,337565,0,16659,https://i.ytimg.com/vi/13XUK0I_Ho4/default.jpg,False,False,Stray Kids(스트레이 키즈) ＜ODDINARY＞ UNVEIL : TRACK 2 Lonely St.✅ Pre-Save and Pre-Order ＜ODDINARY＞ now! http://Stray-Kids.lnk.to/ODDINARYStray Kids Official YouTube: https://www.youtube.com/c/StrayKidsStray Kids Official Facebook: https://www.facebook.com/JYPEStrayKids/Stray Kids Official Instagram: https://www.instagram.com/realstraykids/Stray Kids Official Twitter: https://twitter.com/Stray_KidsStray Kids Official TikTok: https://www.tiktok.com/@jypestraykidsStray Kids Official Fan's: https://fans.jype.com/StrayKids#StrayKids #스트레이키즈#Lonely_St#ODDINARY#MANIAC #MANIAC_SKZ#UNVEILTRACK#StrayKidsComeback#YouMakeStrayKidsStayCopyrights 2022 ⓒ JYP Entertainment. All Rights Reserved.,Music,US,0.30598566577606856
T--BOS8oTec,BTS | TIME Entertainer of the Year,2020-12-10T14:33:59Z,UC8Su5vZCXWRag13H53zWVwA,TIME,25,2020-12-14T00:00:00Z,BTS|K POP|BTS ARMY|ARMY|RN|Music|Entertainer of the Year|Person of the Year|POY|Time|time magazine|magazine|time (magazine)|time.com|news today|world news|interview|science|technology|health|politics|entertainment|business|news|breaking news|live|lifestyle|video,1647224,308528,784,10453,https://i.ytimg.com/vi/T--BOS8oTec/default.jpg,False,False,"BTS is TIME’s 2020 Entertainer of the Year. Between releasing multiple albums and breaking every type of record in 2020, the Korean pop band ascended to the zenith of pop stardom. In an era marked by so much anguish and cynicism, BTS has stayed true to their message of kindness, connection and self-acceptance. Tune in for a special performance from BTS tonight at 10/9c on NBC.CONNECT WITH TIMEWeb: https://ti.me/36TTEspTwitter: https://ti.me/37W8Wy8Facebook: https://ti.me/36UOCvWInstagram: https://ti.me/370zRHQSubscribe to TIME ►► http://bit.ly/SubscribeTIMEGet closer to the world of entertainment and celebrity news as TIME gives you access and insight on the people who make what you watch, read and share.https://ti.me/36WdUcUFind out more about the latest developments in science and technology as TIME’s access brings you to the ideas and people changing our world.https://ti.me/2GVYWt4Let TIME show you everything you need to know about drones, autonomous cars, smart devices and the latest inventions which are shaping industries and our way of livinghttps://ti.me/2v6Q68RStay up to date on breaking news from around the world through TIME’s trusted reporting, insight and accesshttps://ti.me/31oizTXMagazine: https://ti.me/37XvyhZNewsletter: https://ti.me/2GU4Gn0ABOUT TIMETIME brings unparalleled insight, access and authority to the news. A 24/7 news publication with nearly a century of experience, TIME’s coverage shapes how we understand our world. Subscribe for daily news, interviews, science, technology, politics, health, entertainment, and business updates, as well as exclusive videos from TIME’s Person of the Year, TIME 100 and more created by TIME’s acclaimed writers, producers and editors.BTS | TIME Entertainer of the Yearhttps://ti.me/2GVJZHa",News & Politics,US,0.19364761562483304
fHFgJux7MzM,President Biden and Vice President Harris Welcome BTS to the White House,2022-06-04T16:55:06Z,UCYxRlFDqcWM4y7FfpiAN3KQ,The White House,25,2022-06-05T00:00:00Z,bts|white house|president joe biden|bts white house|kamala harris|jung kook|v bts|jimin|suga|jin|RM|j hope|washington dc,1116306,200672,0,9890,https://i.ytimg.com/vi/fHFgJux7MzM/default.jpg,False,False,"President Biden and Vice President Harris welcome BTS (@BANGTANTV) to discuss the need to come together in solidarity, Asian inclusion and representation, and addressing anti-Asian hate crimes and discrimination.",News & Politics,US,0.1886239077815581
CgoSDj6AQGc,Asian Boss Is Months Away From Shutting Down,2021-01-25T01:30:56Z,UC2-_WWPT_124iN6jiym4fOw,Asian Boss,25,2021-01-27T00:00:00Z,Asian Boss|Asia|Stay Curious,2077567,261422,1598,33407,https://i.ytimg.com/vi/CgoSDj6AQGc/default.jpg,False,False,Help us ► https://www.gofundme.com/f/saveasianboss (This is our only official GoFundMe campaign link as organized by our co-founder Kei Ibaraki)#SaveAsianBoss,News & Politics,US,0.14191070612885168
qEaVfcBP9M0,BTS Performs Dynamite: Entertainer Of The Year,2020-12-11T03:30:01Z,UC8Su5vZCXWRag13H53zWVwA,TIME,25,2020-12-14T00:00:00Z,BTS|Dynamite|Entertainer of the Year|BTS Army|RN|KPop|K-pop|K pop|Time|time magazine|magazine|time (magazine)|time.com|news today|world news|interview|science|technology|health|politics|entertainment|business|news|breaking news|live|lifestyle|video,3546634,470094,2740,17692,https://i.ytimg.com/vi/qEaVfcBP9M0/default.jpg,False,False,"Watch Entertainer of the Year BTS perform Dynamite. CONNECT WITH TIMEWeb: https://ti.me/36TTEspTwitter: https://ti.me/37W8Wy8Facebook: https://ti.me/36UOCvWInstagram: https://ti.me/370zRHQSubscribe to TIME ►► http://bit.ly/SubscribeTIMEGet closer to the world of entertainment and celebrity news as TIME gives you access and insight on the people who make what you watch, read and share.https://ti.me/36WdUcUFind out more about the latest developments in science and technology as TIME’s access brings you to the ideas and people changing our world.https://ti.me/2GVYWt4Let TIME show you everything you need to know about drones, autonomous cars, smart devices and the latest inventions which are shaping industries and our way of livinghttps://ti.me/2v6Q68RStay up to date on breaking news from around the world through TIME’s trusted reporting, insight and accesshttps://ti.me/31oizTXMagazine: https://ti.me/37XvyhZNewsletter: https://ti.me/2GU4Gn0ABOUT TIMETIME brings unparalleled insight, access and authority to the news. A 24/7 news publication with nearly a century of experience, TIME’s coverage shapes how we understand our world. Subscribe for daily news, interviews, science, technology, politics, health, entertainment, and business updates, as well as exclusive videos from TIME’s Person of the Year, TIME 100 and more created by TIME’s acclaimed writers, producers and editors.TIME Entertainer Of The Year BTS Performs Dynamitehttps://ti.me/2GVJZHa",News & Politics,US,0.13753491338548043
elY5rk-W87U,La Insuperable ft La Materialista (Voy a Beber) prod by Big trueno (video Oficial),2021-02-21T04:06:40Z,UCN04t6U_UvDxTb2RcFh27mg,insuperable69,25,2021-02-22T00:00:00Z,Etiquetas La insuperable|toxic crow|la máquina de cotorra|trap|trap music|reagueton|complot records|Pablo chill-e|dembow|música|latina|alofoke|lápiz conciente|Ozuna|vas bunny|anuel aa|cardi b|farruko|sech|dalex|paulito Chile|República Dominicana|daddy yankee|rochy|cazu|lennyn tavarez|Puerto Rico|tonto|la mami del swagger|toxico|my family reality show,1024156,119714,1942,9281,https://i.ytimg.com/vi/elY5rk-W87U/default.jpg,False,False,"Compra mi Nuevo Album En Itunes ( La Mami Del Swagger ) https://itunes.apple.com/us/album/cero-goga/id655357862?i=655357868&ign-mpt=uo%3D4Instagram @lainsuperable ,@lamaterialista1Facebook ( la Insuperable, La Materialista) Twitter @lamaterialista1, @lainsuperable06 Spotify: La Insuperable, La Materialista https://open.spotify.com/album/1v5Bkw4DaUwvTKTZxtGlHC?si=LrK_ecD4RqueqRf5wVLWmQescarga (voy a Beber) la Insuperable ft La Materialista https://www.mediafire.com/file/zqc3mgyouvnbxd2/La_Insuperable_X_La_Materialista_-_Voy_A_Beber_%2528_Complot_R._-_Rompiendo_R._%2529_Prod._By_Big_Trueno_.mp3/file",News & Politics,US,0.12595249161260588
QjB3I4zaKRk,Mozart La Para - El Papá del Lápiz (Video Oficial),2020-08-09T04:00:09Z,UCLx6AmSukrq_4j3bbhwiVlg,MozartLaPara,25,2020-08-12T00:00:00Z,alofokemusic|lapiz conciente|toxic|crow|dembow|reggaeton|Mozart|mzrt|mujeres|justin quiles|justin|don omar|jbalvin|bad bunny|nicky jam|mzrt la para|mosart la para|el dolor del genero|gameover|golpe de estado|tiradera|battle|el gauson|6 rings|no entiendo|el abusador|el papa del lapiz|mozart la para tiradera pa lapiz conciente,2117481,179969,11820,24057,https://i.ytimg.com/vi/QjB3I4zaKRk/default.jpg,False,False,"6 ANILLOS EP: https://mozart.la/6ringsSigue a Mozart:Instagram: https://www.instagram.com/mozartlapara/Facebook: https://www.facebook.com/MozartLaPara/Twitter: https://twitter.com/MOZARTLAPARA#MozartLaPara #ElPapaDelLapiz",News & Politics,US,0.09635316680527475
9GlgujafCqU,Popular Minecraft YouTuber 'Technoblade' Dies of Cancer at 23,2022-07-01T21:14:06Z,UC9k-yiEpRHMNVOnOi_aQK8w,Inside Edition,25,2022-07-03T00:00:00Z,obituary|youtube|entertainment|Inside Edition|inside_edition|IE newsdesk|ie entertainment|technoblade|gamer|youtuber|minecraft|so long nerds|cancer|sarcoma|gaming|brain tumor|farewell letter|fans|cancer diagnosis|not clickbait,1967574,149730,0,15406,https://i.ytimg.com/vi/9GlgujafCqU/default.jpg,False,False,"A popular Minecraft YouTuber has died of cancer. Technoblade amassed a huge fan base online, with over 11 Million subscribers on Youtube who watched him play and purchased his merchandise. He told fans in August 2021 about his cancer diagnosis using his unique humor. Technoblade never told his audience his real name or showed his face. In a final video, titled “So Long Nerds,” a letter from Technoblade was read by his father. Technoblade was 23 years old.",News & Politics,GB,0.08392873660660286
aAgJernobg8,GAME OVER - Mozart La Para (Video Oficial),2020-08-07T00:00:10Z,UCLx6AmSukrq_4j3bbhwiVlg,MozartLaPara,25,2020-08-12T00:00:00Z,alofokemusic|lapiz conciente|toxic|crow|dembow|reggaeton|Mozart|mzrt|mujeres|justin quiles|justin|don omar|jbalvin|bad bunny|nicky jam|mzrt la para|mosart la para|el dolor del genero|game over|lapiz|tiradera|rap battle|veruz|mozart la para tiradera pa lapiz conciente,3245698,234251,16356,33699,https://i.ytimg.com/vi/aAgJernobg8/default.jpg,False,False,"6 ANILLOS EP: https://mozart.la/6ringsSigue a Mozart:Instagram: https://www.instagram.com/mozartlapara/Facebook: https://www.facebook.com/MozartLaPara/Twitter: https://twitter.com/MOZARTLAPARA#MozartLaPara #GameOver",News & Politics,US,0.08255543183623369
SrDEtSlqJC4,The REAL Reason McDonalds Ice Cream Machines Are Always Broken,2021-04-23T14:02:46Z,UCmGSJVG3mCRXVOP4yZrU1Dw,Johnny Harris,25,2021-04-27T00:00:00Z,McDonalds ice cream machine|mcdonalds|taylor company|middleby|kytch|mcbroken|ice cream machine broken|ice cream|fast food|mcdonalds ice cream machine broken,2735776,195810,4692,24976,https://i.ytimg.com/vi/SrDEtSlqJC4/default.jpg,False,False,"To start comparing quotes and simplify insurance-buying check out Policygenius: https://policygenius.com/johnnyharris Thanks to Policygenius for sponsoring this video!Check out Rashiq's interactive map of McDonalds Ice cream machines: https://mcbroken.com/ I launched a Patreon. If you want to support my videos, head here: https://www.patreon.com/johnnyharrisFor anyone who likes smarter travel, Iz and I started a company: https://brighttrip.com/?ref=5Tom Fox made the music for this video, and he can make music for you too: https://tfbeats.com/Gear that I use to make my videos: https://www.izharris.com/gear-guide I made a super in depth course on how to learn a new language: https://brighttrip.com/course/language/Subscribe to my channel: https://goo.gl/1U8Zy7My Instagram: https://www.instagram.com/johnny.harris/Facebook: https://www.facebook.com/JohnnyHarris Tom Fox made the music for this video: https://tfbeats.com/I also get music from Artlist: https://bit.ly/2XfAE6CAnd Music Bed http://share.mscbd.fm/johnnywharrisUse my coupon code JOHNNYHARRIS at checkout to get your first month free when you sign up for an annual Individual subscription.I make all my maps using this After Effects Plugin: https://aescripts.com/geolayers/?aff=77Iz's Channel: https://www.youtube.com/iz-harrisWe sell our drone prints: https://backdropstock.com/collections/iz-harrisAnd we send an email once a month with a Spotify playlist. Sign up if that sounds cool: https://www.izharris.com/newsletterGear I use: https://www.izharris.com/gear-guideCamera: https://geni.us/paP3AFavorite Lens: https://geni.us/B9e6LQSecond Favorite Lens: https://geni.us/rOGF6Travel Tripod: https://geni.us/qAVFPDrone: https://geni.us/QMoloszJohnny Harris is a filmmaker and journalist. He currently is based in Washington, DC, reporting on interesting trends and stories domestically and around the globe. Johnny's visual style blends motion graphics with cinematic videography to create content that explains complex issues in relatable ways. He holds a BA in international relations from Brigham Young University and an MA in international peace and conflict resolution from American University.Vox: https://www.vox.com/authors/johnny-harrisSpotlight: http://byupoliticalscienceblog.com/2016/03/09/alumnus-spotlight-johnny-harris/XYNTEO Interview: https://xynteo.com/insights/latest/power-storytelling-johnny-harrisBonnier Talk: https://vimeo.com/232416596 Neiman Lab: https://tinyurl.com/ybjbvb7hEmmy Nomination: https://tinyurl.com/y9gjgel2 Storytelling Tips: http://chase.be/blog/5-storytelling-tips-by-johnny-harris/Craig Adams Podcast: https://bit.ly/3dgXtNDSo Money Podcast: https://tinyurl.com/ycjbl4p5",News & Politics,US,0.08070324471009323
PLDFgKzWy3o,"2022, in 7 minutes",2022-12-27T13:00:20Z,UCLXo7UDZvByw2ixzpQCufnA,Vox,25,2022-12-28T00:00:00Z,2022|Beyonce|Covid-19|Harry Styles|Iran|Vox.com|argentina|argentina soccer|bejing olympics|china|climate change|compilation|conflict|end of year|explain|explainer|inflation|inflation reduction act|james webb|lula da silva|mahsa amini|protests|queen elizabeth II|rewind|sizzle|stranger things|taylor swift|twitter|ukraine|unity|vaccines|vox|wedding boom|world cup|world population|year in review|news|world news|global,1322404,100358,0,4904,https://i.ytimg.com/vi/PLDFgKzWy3o/default.jpg,False,False,"Running up that hill with 8 billion people.Subscribe to our channel! http://goo.gl/0bsAjOIn 2022, the world population crossed 8 billion people — and we felt the scale of this monumental milestone in hundreds of ways. After over two years of lockdowns and quarantines, people eagerly restarted their lives, but there were certainly growing pains. Weddings and travel skyrocketed, but so did lost luggage and global inflation rates. Taylor Swift broke Ticketmaster. Cryptocurrency was headed toward a great year until it really, really wasn’t. 2022 tested the world population as we tested out life in a new phase of the pandemic.Russia invaded Ukraine, and aid relief flooded into the war-torn country. Refugees were welcomed into surrounding countries, and those who stayed behind inspired people around the world. Global protests cried out for justice in Iran. Football teams stood up for migrant workers and the LGBTQ+ community at the World Cup. Cuba legalized same-sex marriage. The world froze for a moment when England’s longest-reigning monarch, Queen Elizabeth II, died. And we all watched a lot of TikTok. As we head into 2023, take a moment to look back at the events that defined this year.For more on 2022 from Vox.com:Alissa Wilkinson’s The 25 best movies of 2022: https://www.vox.com/culture/23484805/best-movies-2022-streaming-theatersConstance Grady’s Vox’s 16 best books of 2022: https://www.vox.com/culture/23500142/best-books-2022-if-i-survive-you-vladimir-furrows-lessons-either-or-ducks-joan-is-okay-shy-hotbedMarin Cogan’s Antisemitism isn’t new. So why did 2022 feel different?:https://www.vox.com/culture/23519717/antisemitism-hatred-jews-violenceMake sure you never miss behind-the-scenes content in the Vox Video newsletter, sign up here: http://vox.com/video-newsletterVox.com is a news website that helps you cut through the noise and understand what's really driving the events in the headlines. Check out http://www.vox.comSupport Vox's reporting with a one-time or recurring contribution: http://vox.com/contribute-nowShop the Vox merch store: http://vox.com/storeWatch our full video catalog: http://goo.gl/IZONyEFollow Vox on Facebook: http://facebook.com/voxFollow Vox on Twitter: http://twitter.com/voxdotcomFollow Vox on TikTok: http://tiktok.com/@voxdotcom",News & Politics,US,0.07959897277987665
zTJa_SwHcTE,"'Is This Patriot Enough?': Asian American Official Shows Military Scars, Condemns Racist Violence",2021-03-27T23:11:11Z,UCeY0bbntWzzVIaj2z3QigXg,NBC News,25,2021-03-28T00:00:00Z,Desk Video|News|U.S. News|Culture Matters|Race In America|NBC News,1516541,102759,1347,16679,https://i.ytimg.com/vi/zTJa_SwHcTE/default.jpg,False,False,"Lee Wong, chairman of the West Chester, Ohio, Township Board of Trustees, condemned anti-Asian violence during an impassioned speech that has now gone viral.» Subscribe to NBC News: http://nbcnews.to/SubscribeToNBC» Watch more NBC video: http://bit.ly/MoreNBCNewsNBC News Digital is a collection of innovative and powerful news brands that deliver compelling, diverse and engaging news stories. NBC News Digital features NBCNews.com, MSNBC.com, TODAY.com, Nightly News, Meet the Press, Dateline, and the existing apps and digital extensions of these respective properties.  We deliver the best in breaking news, live video coverage, original journalism and segments from your favorite NBC News Shows.Connect with NBC News Online!NBC News App: https://smart.link/5d0cd9df61b80Breaking News Alerts: https://link.nbcnews.com/join/5cj/breaking-news-signup?cid=sm_npd_nn_yt_bn-clip_190621Visit NBCNews.Com: http://nbcnews.to/ReadNBCFind NBC News on Facebook: http://nbcnews.to/LikeNBCFollow NBC News on Twitter: http://nbcnews.to/FollowNBCFollow NBC News on Instagram: http://nbcnews.to/InstaNBC'Is This Patriot Enough?': Asian American Official Shows Military Scars, Condemns Racist Violence",News & Politics,US,0.07875685523833513
4YtK7Z7InU8,BTS (방탄소년단) at Global Citizen Live Concert - Permission to Dance | #GlobalCitizenLive,2021-09-25T17:23:28Z,UC5O114-PQNYkurlTg6hekZw,United Nations,29,2021-09-26T00:00:00Z,UN|United Nations|Billie Eilish|BTS|Ed Sheeran|Elton John|Femi Kuti|Lizzo|Lorde|Stormzy|Tiwa Savage|Usher|global citizen live|global citizen bts|global citizen live 2021|global citizen|coldplay|camilla cabello|live|BTS performance|UN BTS|premission to dance|BTS live|kpop,4362378,655398,2168,15211,https://i.ytimg.com/vi/4YtK7Z7InU8/default.jpg,False,False,"Global Citizen Live is a global moment of unity in the mission to defend the planet and defeat poverty. From six continents, the once-in-a-generation, 24-hour Global Citizen Live broadcast event takes place in iconic locations around the world, including Lagos, Rio de Janeiro, New York City, Paris, London, Seoul, Los Angeles, and Sydney; and with performances from a huge lineup of the world’s biggest artists, including Billie Eilish, BTS, Ed Sheeran, Elton John, Femi Kuti, Lizzo, Lorde, Stormzy, Tiwa Savage, Usher, and lots more. Global Citizen Live will unite activists, world leaders, governments, philanthropists, corporations, and Global Citizens in taking urgent action to create change._____________________________________________________________________Global Citizen is a social action platform for a global generation that aims to solve the world’s biggest challenges. On our platform, you can learn about issues, take action on what matters most, and join a community committed to social change. We believe we can end extreme poverty because of the collective actions of Global Citizens across the world.#GlobalCitizenLive #BTS #UnitedNationsLearn More: https://www.globalcitizen.org/en/live/",Nonprofits & Activism,US,0.15372555977496677
wAXcMD5dOBA,BTS Shine Spotlight on the United Nations as Envoys of the President of the Republic of Korea,2021-09-21T02:16:44Z,UC5O114-PQNYkurlTg6hekZw,United Nations,29,2021-09-22T00:00:00Z,UN|United Nations|bts united nations|south korea|united nations live bts|united nations permission to dance|united nations general assembly 2021 bts|bts un|united nations|bts interview|bts un speech|bts un speech 2021,3608711,512663,2344,11910,https://i.ytimg.com/vi/wAXcMD5dOBA/default.jpg,False,False,"BTS, the global sensation behind “Permission to Dance” and other megahits, brought their spotlight to the United Nations as the Republic of Korea’s Special Presidential Envoys for Future Generations and Culture.BTS members RM, Jin, Suga, j-hope, Jimin, V and Jungkook participated in the UN’s SDG Moment, designed to call attention to the Sustainable Development Goals. The BTS members, along with the President of the Republic of Korea Moon Jae-in, spoke with the UN’s Under-Secretary-General for Global Communications, Melissa Fleming, about their commitment to helping advance progress through the United Nations.The SDGs are a universal call to action to end poverty, protect the planet, and ensure that by 2030 all people enjoy health, peace and prosperity.#SDGs #UNGA",Nonprofits & Activism,US,0.14536298417911547
jzptPcPLCnA,President Moon Jae-in & BTS at the Sustainable Development Goals Moment | United Nations (English),2021-09-20T13:05:03Z,UC5O114-PQNYkurlTg6hekZw,United Nations,29,2021-09-21T00:00:00Z,UN|United Nations|bts|sustainable development goals|covid 19,2114476,282026,1049,8187,https://i.ytimg.com/vi/jzptPcPLCnA/default.jpg,False,False,"Remarks and introduction to Special Guest by His Excellency, Mr. Moon Jae-in, President of the Republic of Korea Remarks and performance by BTS, Special Presidential Envoy forFuture Generations and Culture.The SDG Moment serves to place an annual spotlight on the Sustainable DevelopmentGoals (SDGs) and will be held at the beginning of the United Nation’s General Assembly’s High-Level Week. It takes place as the world experiences a deeply uneven response to the COVID-19 pandemic, which risks creating a two-tier recovery with significant implications for the advancement of the SDGs, especially in developing countries.Convened by the UN Secretary-General Antonio Guterres, the Moment will provide worldleaders with a platform to showcase the bold plans, actions and solutions that are needed to end the COVID-19 pandemic and set the world on course towards achieving the SDGs. Held in advance of major meetings on food systems, climate, energy, jobs and social protection, the SDG Moment event is expected to build the momentum needed to deliver on the Decade of Action and Keep the Promise of the SDGs.Chapters00:00 - Mr. Moon Jae-in, President of the Republic of Korea 07:36 - BTS, Special Presidential Envoy for Future Generations and Culture-----------제목 :  지속가능발전목표 (SDGs) 모멘트(moment) - 방탄소년단, 유엔 사무총장, 총회의장 등 | 유엔 (오전세션) 지속가능발전목표 모멘트는 매년 지속가능발전목표(SDGs)를 조명하는 역할을 합니다. 전세계가 코로나 바이러스 대유행에 대해 매우 불균등한 대응을 경험하고 있고, 특히 개발도상국들에서는 지속가능발전목표2단계로의 발전을 저해할 가능성이 있으며, 이는 지속가능발전목표 이행 및 추진에 상당한 영향을 미칠 것입니다.",Nonprofits & Activism,US,0.13725055285564838
YnwoRxbU9Jc,Coldplay and BTS Share New Song My Universe | Global Citizen Live,2021-09-26T06:47:08Z,UCg3_C7BwcV0kBlJbBFHTPJQ,Global Citizen,29,2021-09-27T00:00:00Z,Global Citizen|Global Citizenship|Music Festival,2402690,317512,932,0,https://i.ytimg.com/vi/YnwoRxbU9Jc/default.jpg,False,False,"International rock band Coldplay is joined virtually by Korean boy band BTS for new single My Universe for the crowd at Global Citizen Live in New York.Global Citizen Live calls for action to halt climate change and for wealthy countries to deliver on the $100B climate pledge, $6B for famine relief, and COVID-19 vaccine justice for all. On Sept. 25, 2021, over 60M COVID-19 vaccines, 157M trees, and more than US$1.1B in commitments to climate, famine, and COVID-19 response efforts were announced as part of the partner-led campaign. The Global Citizen Live campaign continues in the lead-up to the G20 Summit and the United Nations Climate Change Conference (COP26) later this year._____________________________________________________________________Global Citizen is a social action platform for a global generation that aims to solve the world’s biggest challenges. On our platform, you can learn about issues, take action on what matters most, and join a community committed to social change. We believe we can end extreme poverty because of the collective actions of Global Citizens across the world.Register to become a Global Citizen and start taking action today: https://www.globalcitizen.org/You can also find us at: Website: https://www.globalcitizen.org/Facebook: https://www.facebook.com/GLBLCTZNTwitter: https://twitter.com/glblctznInstagram: https://www.instagram.com/glblctzn/Tumblr: http://glblctzn.tumblr.com/Google+: https://plus.google.com/+GLBLCTZN",Nonprofits & Activism,US,0.13214855016668817
4TrCcG2yUSA,BTS Performs Permission to Dance in Seoul to open Global Citizen Live | Global Citizen Live,2021-09-25T18:33:43Z,UCg3_C7BwcV0kBlJbBFHTPJQ,Global Citizen,29,2021-09-27T00:00:00Z,Global Citizen|Global Citizenship|Music Festival,2422187,278347,1298,0,https://i.ytimg.com/vi/4TrCcG2yUSA/default.jpg,False,False,"K-Pop phenomenon BTS kick-off the 24-hour global event Global Citizen Live with a performance of Permission to Dance in Seoul.Global Citizen Live calls for action to halt climate change and for wealthy countries to deliver on the $100B climate pledge, $6B for famine relief, and COVID-19 vaccine justice for all. On Sept. 25, 2021, over 60M COVID-19 vaccines, 157M trees, and more than US$1.1B in commitments to climate, famine, and COVID-19 response efforts were announced as part of the partner-led campaign. The Global Citizen Live campaign continues in the lead-up to the G20 Summit and the United Nations Climate Change Conference (COP26) later this year._____________________________________________________________________Global Citizen is a social action platform for a global generation that aims to solve the world’s biggest challenges. On our platform, you can learn about issues, take action on what matters most, and join a community committed to social change. We believe we can end extreme poverty because of the collective actions of Global Citizens across the world.Register to become a Global Citizen and start taking action today: https://www.globalcitizen.org/You can also find us at: Website: https://www.globalcitizen.org/Facebook: https://www.facebook.com/GLBLCTZNTwitter: https://twitter.com/glblctznInstagram: https://www.instagram.com/glblctzn/Tumblr: http://glblctzn.tumblr.com/Google+: https://plus.google.com/+GLBLCTZN",Nonprofits & Activism,US,0.11491557010255608
5J3peD8LZ5o,Color the Spectrum LIVE- Mark Rober and Jimmy Kimmel,2021-05-01T03:43:39Z,UCY1kMZp36IQSyNx_9h4mpCg,Mark Rober,29,2021-05-01T00:00:00Z,[None],2417084,186887,2492,3144,https://i.ytimg.com/vi/5J3peD8LZ5o/default.jpg,False,False,"Here are more details of how the funds will be distributed by NEXT for AUTISM- https://www.nextforautism.org/current-events/color-the-spectrum/Crypto donations are powered by Nexo. To donate before, during and after the event, head to  https://www.nexo.io/nextforautismIf you think you might be autistic, your general practitioner doctor can steer you in the right direction to get an official diagnosis.  In the meantime, here are some tools that can help:Online diagnostic questionnaire- https://psychology-tools.com/test/autism-spectrum-quotientHere are Samdy Sams 18 questions that might indicate you are Autistic:1. Sensitivity to sensory stimuli, like Light and Sound?2. Do you notice details that other people don't?3. Do you consider yourself Highly Sensitive?4. You have many enthusiasms and get deeply fulfilled by diving into a subject not sure what the question there would be?5. Do you have difficulty doing things that other people find easy (like making phonecalls)?6. Do you feel like an outsider but are unable to figure out why?7. Have you lost friends without knowing what you did or what went wrong?8. Do you need time to recharge from social situations. 9. When super stressed, do you explode out of nowhere in an uncharacteristic way?10. Do you find it hard to let things go? Do you ruminate on potential outcomes of a situation before or after the fact?11. Are your vocal or facial expressions different from a lot of people?12. Do you have difficulty organizing daily tasks?13. Growing up, did you have a fascination with countercultures? Non-traditional interests?14. Do people call you quirky, shy, or rude without you knowing what you did to acquire those labels?15. Are you uninterested in the concept of conforming to society's views of you (especially with regards to gender or sexuality?)16. Do you have nervous ticks such as picking, fidgeting, or tapping that you can't quit without picking up other bad habbits?17. Can other people easily manipulate you without you realizing what they're doing?18. Do you identify with all of these things, and feel shocked that other people don't experience life that way?You can watch her full video here- https://www.youtube.com/watch?v=ot46-YGUF4Y",Nonprofits & Activism,US,0.07861994039098352
qdo8CByglrI,THANK YOU FOR 1 MILLION SUBS!,2021-01-21T06:00:09Z,UC-59s1w6gpuuv8Eu_kBb54A,Mark Tuan,22,2021-01-22T00:00:00Z,mark tuan|marktuan|got7|one in a million|million|one million subscribers|milo,1519245,490070,551,35058,https://i.ytimg.com/vi/qdo8CByglrI/default.jpg,False,False,"We hit 1 million subs without any videos!! Thank you guys so much for the love and support. I will be posting videos soon so stay tuned. Love you guys! One in a Million - Mark x SanjoyReleases February 12, 2021Click the link below to pre-save:https://presave.io/t/inamillionInstagram: https://instagram.com/marktuanTwitter: https://twitter.com/marktuanFacebook: https://web.facebook.com/Mark-Tuan-102278171829727",People & Blogs,US,0.34565063567758986
S6IB_RyX1dQ,Hyunjin Contradicting | [Stray Kids : SKZ-RECORD],2023-08-18T15:00:00Z,UC9rMiEjNaCSsebs31MRDCRA,Stray Kids,22,2023-08-19T00:00:00Z,Stray Kids|스트레이 키즈|SKZ|방찬|BANG CHAN|리노|이민호|LEE KNOW|LEEMINHO|창빈|서창빈|CHANGBIN|SEOCHANGBIN|현진|황현진|HYUNJIN|HWANGHYUNJIN|한|지성|한지성|HAN|JISUNG|HANJISUNG|필릭스|FELIX|승민|김승민|SEUNGMIN|KIMSEUNGMIN|아이엔|양정인|정인|I.N|JEONGIN|SKZ RECORD|스키즈 자작곡|스트레이키즈 자작곡|현진 슼레|현진 보컬|현진 랩|Hyunjin vocal|Hyunjin rap|현진 노래|스키즈 현진 슼즈레코드|Hyunjin SKZ RECORD|Hyunjin song|쓰리라차|3RACHA|자작곡|Self composed|스키즈 현진|self composed song|스트레이키즈 Contradicting|Stray Kids Contradicting|슼레|SKZ Contradicting,888281,285265,0,19969,https://i.ytimg.com/vi/S6IB_RyX1dQ/default.jpg,False,False,"현진(Hyunjin) Contradicting | [Stray Kids(스트레이 키즈) : SKZ-RECORD(슼즈 레코드)][Credits]Lyrics by : 현진Composed by : 현진, 방찬 (3RACHA)Arranged by : 방찬 (3RACHA), Nickko YoungOriginal Publisher : JYP Publishing (KOMCA), Copyright Control[Hyunjin Contradicting Lyrics]Why is love so contradicting I can’t stop it so addictingWhy is love so Why is love so우리의 따뜻했던 시간들은 어느새 빛을 잃고 떠다니는 와중에 머릿속에 잠식돼 이젠 서로의 사유를 논해 난 사랑이란 게 한순간에 꺼지지 않기에아무리 물을 마셔도 건조한 기분이야 속절없이 밤을 삼킨다 혹여나 들키진 않을까 이불 덮은 다음 애써 억누르며 버틴다 난 사랑이란 감정에 기한 따윈 없어 돌아간다 해도 같은 실수의 반복 티가 나나 봐 솔직함과 거짓의 혼돈 I loved you but 결말은 남들과 같어Why is love so contradicting I can’t stop it so addicting Why is love so Why is love so Why is love so contradicting I can’t stop it so addicting Just fade away Just get away마치 종점 없이 달리는 기차를 탄 기분 너와 내가 느꼈던 바람은 잠들고 축복받는 기분의 햇살도 잠시 너의 눈망울은 어느새 파도에 삼켜져 차가워진 맘속엔 서리가 맺혀 티가 나나 봐 닦아도 금방 또 생겨 약속했던 것들의 행방은 이제 물거품이 되어 사라져 눈앞에서 멀리 So I just wanna go back 우리의 시간들은 어느새 또 공백 소설로 시작해 이젠 마지막 장을 적다가 시를 썼네 추억들의 내용은 뒤로 잠시 이별의 짧은 문단의 깊이에 서러움과 새로움이 이걸 또 장식해 손끝으로 써가는 음률에 crying all dayWhy is love so contradicting I can’t stop it so addicting Just fade away Just get away Why is love so contradicting I can’t stop it so addicting Just fade away Just get away💫 Listen to ＜★★★★★ (5-STAR)＞ now!https://Stray-Kids.lnk.to/5-STARStray Kids ★★★★★ (5-STAR)iTunes & Apple Music: https://Stray-Kids.lnk.to/5-STAR/AppleMusic Spotify: https://Stray-Kids.lnk.to/5-STAR/SpotifyStray Kids Official YouTube: https://www.youtube.com/c/StrayKidsStray Kids Official Facebook: https://www.facebook.com/JYPEStrayKids/Stray Kids Official Instagram: https://www.instagram.com/realstraykids/Stray Kids Official Twitter: https://twitter.com/Stray_KidsStray Kids Official TikTok: https://www.tiktok.com/@jypestraykidsStray Kids Official Fan's: https://fans.jype.com/StrayKids#StrayKids #스트레이키즈#SKZ_RECORD #슼즈레코드#현진 #Hyunjin#YouMakeStrayKidsStayCopyrights 2023 ⓒ JYP Entertainment. All Rights Reserved.",People & Blogs,US,0.34362324534691163
rpHztlgROH8,Stray Kids 미친 놈 (Ex) Video,2020-09-20T14:59:56Z,UC9rMiEjNaCSsebs31MRDCRA,Stray Kids,22,2020-09-21T00:00:00Z,Stray Kids|스트레이 키즈|SKZ|스키즈|방찬|BANG CHAN|리노|이민호|LEE KNOW|MINHO|LEEMINHO|창빈|서창빈|CHANGBIN|SEOCHANGBIN|현진|황현진|HYUNJIN|HWANGHYUNJIN|한|지성|한지성|HAN|HANJISUNG|필릭스|FELIX|승민|김승민|SEUNGMIN|KIMSEUNGMIN|아이엔|양정인|정인|I.N|YANGJEONGIN|JEONGIN|백도어|back door|in life|스트레이 키즈 백도어|스트레이 키즈 back door|스키즈 백도어|스트레이키즈 미친놈|스키즈 미친놈|skz ex|미친놈|ex|미친놈 뮤비|미친놈 뮤직비디오|ex music video|ex mv|스트레이키즈 미친놈 뮤비|스키즈 미친놈 뮤비|stray kids ex mv|skz ex mv|stray kids ex music video|스트레이키즈 뮤비|스키즈 뮤비,1518183,480373,770,33679,https://i.ytimg.com/vi/rpHztlgROH8/default.jpg,False,False,Stray Kids(스트레이 키즈) 미친 놈 (Ex) VideoStray Kids THE 1ST ALBUM IN生iTunes & Apple Music: https://apple.co/2Fz8NaMSpotify: https://spoti.fi/2Frc0cGStray Kids Official YouTube: https://www.youtube.com/c/StrayKidsStray Kids Official Facebook: https://www.facebook.com/JYPEStrayKids/Stray Kids Official Instagram: https://www.instagram.com/realstraykids/Stray Kids Official Twitter: https://twitter.com/Stray_KidsStray Kids Official Fan's: https://fans.jype.com/StrayKids#StrayKids #IN生 #Ex #미친놈#BackDoor #백도어#스트레이키즈 #INLIFE#YouMakeStrayKidsStayCopyrights 2020 ⓒ JYP Entertainment. All Rights Reserved.,People & Blogs,US,0.3385968621701073
iTDfI20gwGo,HAN Miserable (You & Me) | [Stray Kids : SKZ-RECORD],2023-08-25T15:00:00Z,UC9rMiEjNaCSsebs31MRDCRA,Stray Kids,22,2023-08-26T00:00:00Z,Stray Kids|스트레이 키즈|SKZ|방찬|BANG CHAN|리노|이민호|LEE KNOW|LEEMINHO|창빈|서창빈|CHANGBIN|SEOCHANGBIN|현진|황현진|HYUNJIN|HWANGHYUNJIN|한|지성|한지성|HAN|JISUNG|HANJISUNG|필릭스|FELIX|승민|김승민|SEUNGMIN|KIMSEUNGMIN|아이엔|양정인|정인|I.N|JEONGIN|SKZ RECORD|스키즈 자작곡|스트레이키즈 자작곡|슼즈레코드 한|한 슼레|한 보컬|한 랩|HAN vocal|HAN rap|한 노래|스키즈 한 슼즈레코드|HAN SKZ RECORD|HAN song|쓰리라차|3RACHA|자작곡|Self composed|self composed song|스트레이키즈 miserable|Stray Kids miserable|슼레|SKZ miserable|han miserable|스키즈 한,928354,290953,0,21254,https://i.ytimg.com/vi/iTDfI20gwGo/default.jpg,False,False,"한(HAN) Miserable (You & Me) | [Stray Kids(스트레이 키즈) : SKZ-RECORD(슼즈 레코드)][Credits]Lyrics by : 한 (3RACHA)Composed by : 한 (3RACHA), chAN’s (TAKE A CHANCE)Arranged by : chAN’s (TAKE A CHANCE)Original Publisher : JYP Publishing (KOMCA), Copyright Control[HAN Miserable (You & Me) Lyrics]Funny what you’re thinking 어디야지금 머릿속에 내가 아닌 다른 사람이 차 있는지Looking for somebody eh ohI know where you’re looking 지금 이 분위기에 또 어떡해난 가망이 없는 미래에 손을 뻗어 날 부었네가만히 서 있는 너에게 나를 묶어 놓고 어떻게든 같이 걸어가려 I feel so tired but I can’t give you up my babeYou are a part of my life이제 널 보내 줘야 한다면 I’d rather be dead babe아무 의미 없는 이 말다툼에, 끝은 또 goodbye혹시 이 시간이 마지막이라면 난 죽을 것 같아Funny what you’re thinking 어디야지금 머릿속에 내가 아닌 다른 사람이 차 있는지Looking for somebody Baby don’t go awayLove me like you loved meSay you’re still mine아니면 차라리 다 꿈이었음 좋겠어 I don’t feel alright너의 잔소리는 mic feedback너저분한 짐을 챙겨 가방에다 repack아주 긴 심호흡해 내 폐에 담긴 한숨이시끄럽다며 날 쫓아냈지 피폐해진 일상 너와의 싸움은 긴박피하지 언제나 멀리 뜀박집 밖은 너무 차가워 돌아가 네게 바보같이 다시 둘이 마주 앉은 식탁Whoo hey, Sorry babe 우리 돌아가자 니 머릿속에 그놈은 dirty보이잖아 너도 근데 모른 척을 하지감히 내가 조언 하나 할게 후회 땅을 치지 No way, We can go back 그때로 후에는 행복한 미소 짓자 둘이서 굳이 피하고 싶은 상황은 만들지 말자 숙인 고개 다시 펴고 싶어 babe 들어주라 부디Funny what you’re thinking 어디야지금 머릿속에 내가 아닌 다른 사람이 차 있는지Looking for somebody Baby don’t go awayLove me like you loved meSay you’re still mine아니면 차라리 다 꿈이었음 좋겠어 I don’t feel alrightReady set 손에 리모콘을 들고 rewind 되감어I don’t wanna lose a part of me, you are my heart, you know?내가 변한 거라면 다시 돌아가 그때로방법이 없는 건 진짜 아니잖아 love Funny what you’re thinking 어디야지금 머릿속에 내가 아닌 다른 사람이 있다는 건이미 알고 있어Baby don’t go away 거짓말이라고 믿고 있을 테니Just don’t leave me alone 내 곁에서 그냥 계속 있어줘💫 Listen to ＜★★★★★ (5-STAR)＞ now!https://Stray-Kids.lnk.to/5-STARStray Kids ★★★★★ (5-STAR)iTunes & Apple Music: https://Stray-Kids.lnk.to/5-STAR/AppleMusic Spotify: https://Stray-Kids.lnk.to/5-STAR/SpotifyStray Kids Official YouTube: https://www.youtube.com/c/StrayKidsStray Kids Official Facebook: https://www.facebook.com/JYPEStrayKids/Stray Kids Official Instagram: https://www.instagram.com/realstraykids/Stray Kids Official Twitter: https://twitter.com/Stray_KidsStray Kids Official TikTok: https://www.tiktok.com/@jypestraykidsStray Kids Official Fan's: https://fans.jype.com/StrayKids#StrayKids #스트레이키즈#SKZ_RECORD #슼즈레코드#한 #HAN#YouMakeStrayKidsStay",People & Blogs,US,0.33630166940628253
2bBkSgQisbg,Hyunjin Play With Fire (Feat. Yacht Money) (원곡 : Sam Tinnesz) | [Stray Kids : SKZ-PLAYER],2021-07-09T14:59:57Z,UC9rMiEjNaCSsebs31MRDCRA,Stray Kids,22,2021-07-10T00:00:00Z,Stray Kids|스트레이 키즈|SKZ|방찬|BANG CHAN|리노|이민호|LEE KNOW|LEEMINHO|창빈|서창빈|CHANGBIN|SEOCHANGBIN|현진|황현진|HYUNJIN|HWANGHYUNJIN|한|지성|한지성|HAN|JISUNG|HANJISUNG|필릭스|FELIX|승민|김승민|SEUNGMIN|KIMSEUNGMIN|아이엔|양정인|정인|I.N|JEONGIN|SKZ PLAYER|스키즈 안무|스트레이키즈 안무|슼즈 플레이어|슼즈 플레이어 현진|Hyunjin SKZ PLAYER|현진 Play With Fire|Hyunjin Play With Fire|Hyunjin choreography|현진 Play With Fire 커버|Hyunjin Play With Fire cover|현진 안무 커버|현진 춤 커버|현진 안무 커버 영상|현진 춤 커버 영상|현진 슼플|현진 슼플 안무|현진 슼즈 플레이어 안무,3109841,885841,2107,143774,https://i.ytimg.com/vi/2bBkSgQisbg/default.jpg,False,False,현진(Hyunjin) Play With Fire (Feat. Yacht Money) (원곡 : Sam Tinnesz) | [Stray Kids : SKZ-PLAYER]Stray Kids Digital Single Mixtape : 애 iTunes & Apple Music: https://apple.co/3dc63xQSpotify: https://spoti.fi/3qykdyYStray Kids Official YouTube: https://www.youtube.com/c/StrayKidsStray Kids Official Facebook: https://www.facebook.com/JYPEStrayKids/Stray Kids Official Instagram: https://www.instagram.com/realstraykids/Stray Kids Official Twitter: https://twitter.com/Stray_KidsStray Kids Official Fan's: https://fans.jype.com/StrayKids#StrayKids #Hyunjin #PlayWithFire#스트레이키즈 #현진#SKZ_PLAYER #슼즈플레이어#YouMakeStrayKidsStayCopyrights 2021 ⓒ JYP Entertainment. All Rights Reserved.,People & Blogs,US,0.33108284314214137
8_7Y7PE6oWg,Lee Know Love me or Leave me Cover (원곡 : DAY6) | [Stray Kids : SKZ-RECORD],2024-02-21T15:00:02Z,UC9rMiEjNaCSsebs31MRDCRA,Stray Kids,22,2024-02-22T00:00:00Z,Stray Kids|스트레이 키즈|SKZ|방찬|BANG CHAN|리노|이민호|LEE KNOW|LEEMINHO|창빈|서창빈|CHANGBIN|SEOCHANGBIN|현진|황현진|HYUNJIN|HWANGHYUNJIN|한|한지성|HAN|JISUNG|HANJISUNG|필릭스|FELIX|승민|김승민|SEUNGMIN|KIMSEUNGMIN|아이엔|I.N|JEONGIN|SKZ RECORD|스키즈 커버|스트레이키즈 커버|슼즈레코드 리노|리노 슼레|리노 보컬|lee know vocal|리노 노래|스키즈 리노 슼즈레코드|lee know SKZ RECORD|리노 love me or leave me|lee know love me or leave me|리노 커버|리노 데이식스|데이식스 love me or leave me|day6 love me or leave me|lee know day6 cover|리노 데이식스 커버,1070423,321448,0,31112,https://i.ytimg.com/vi/8_7Y7PE6oWg/default.jpg,False,False,리노(Lee Know) Love me or Leave me Cover (원곡 : DAY6) | [Stray Kids(스트레이 키즈) : SKZ-RECORD(슼즈 레코드)]Listen to 樂-STAR now🤘https://Stray-Kids.lnk.to/ROCK-STARStray Kids 樂-STARiTunes & Apple Music: https://Stray-Kids.lnk.to/ROCK-STAR/AppleMusicSpotify: https://Stray-Kids.lnk.to/ROCK-STAR/SpotifyStray Kids Official YouTube: https://www.youtube.com/c/StrayKidsStray Kids Official Facebook: https://www.facebook.com/JYPEStrayKids/Stray Kids Official Instagram: https://www.instagram.com/realstraykids/Stray Kids Official Twitter: https://twitter.com/Stray_KidsStray Kids Official TikTok: https://www.tiktok.com/@jypestraykidsStray Kids Official Fan's: https://fans.jype.com/StrayKids#StrayKids #스트레이키즈#SKZ_RECORD #슼즈레코드#리노 #LeeKnow#YouMakeStrayKidsStayCopyrights 2024 ⓒ JYP Entertainment. All Rights Reserved.,People & Blogs,US,0.3293651201440926
uaJ81czm3xA,Stray Kids 아니 (Any) Video,2020-09-27T14:59:56Z,UC9rMiEjNaCSsebs31MRDCRA,Stray Kids,22,2020-09-28T00:00:00Z,Stray Kids|스트레이 키즈|SKZ|스키즈|방찬|BANG CHAN|리노|이민호|LEE KNOW|MINHO|LEEMINHO|창빈|서창빈|CHANGBIN|SEOCHANGBIN|현진|황현진|HYUNJIN|HWANGHYUNJIN|한|지성|한지성|HAN|HANJISUNG|필릭스|FELIX|승민|김승민|SEUNGMIN|KIMSEUNGMIN|아이엔|양정인|정인|I.N|YANGJEONGIN|JEONGIN|스트레이키즈 아니|스키즈 아니|스트레이키즈 any|스키즈 any|skz any|아니 뮤비|아니 뮤직비디오|any mv|any music video|skz any mv|스트레이키즈 아니 뮤비|백도어|back door|in life|스트레이 키즈 백도어|스트레이 키즈 back door|스키즈 백도어|stray kids any mv|skz any music video|스트레이키즈 아니 뮤직비디오|스트레이키즈 뮤비,1618833,501659,1304,30133,https://i.ytimg.com/vi/uaJ81czm3xA/default.jpg,False,False,Stray Kids(스트레이 키즈) 아니 (Any) VideoStray Kids THE 1ST ALBUM IN生iTunes & Apple Music: https://apple.co/2Fz8NaMSpotify: https://spoti.fi/2Frc0cGStray Kids Official YouTube: https://www.youtube.com/c/StrayKidsStray Kids Official Facebook: https://www.facebook.com/JYPEStrayKids/Stray Kids Official Instagram: https://www.instagram.com/realstraykids/Stray Kids Official Twitter: https://twitter.com/Stray_KidsStray Kids Official Fan's: https://fans.jype.com/StrayKids#StrayKids #IN生 #아니 #Any#BackDoor #백도어#스트레이키즈 #INLIFE#YouMakeStrayKidsStayCopyrights 2020 ⓒ JYP Entertainment. All Rights Reserved.,People & Blogs,US,0.3285033107182767
mX8rMMS-MbI,ROSÉ - Viva La Vida (Coldplay) Live Studio Cover,2022-02-10T17:11:02Z,UCBo1hnzxV9rz3WVsv__Rn1g,ROSÉ Official,22,2022-02-11T00:00:00Z,YG Entertainment|YG|와이지|K-pop|BLACKPINK|블랙핑크|블핑|로제|Rosé|BLINK|블링크|Viva La Vida|Coldplay|ROSÉ Viva La Vida,2047245,598056,0,60348,https://i.ytimg.com/vi/mX8rMMS-MbI/default.jpg,False,False,Live studio cover with LØRENColdplay - Viva La VidaFollow ROSÉ: https://www.instagram.com/roses_are_rosieFollow LØREN: https://www.instagram.com/lorenisalone#ROSÉ #로제 #Cover #VivaLaVida #Coldplay #LØREN,People & Blogs,US,0.3216048885209147
FL4kM5KheYk,"Bang Chan, Changbin, Felix, Seungmin 오늘 밤 나는 불을 켜 | [Stray Kids : SKZ-PLAYER]",2021-06-18T15:00:07Z,UC9rMiEjNaCSsebs31MRDCRA,Stray Kids,22,2021-06-19T00:00:00Z,Stray Kids|스트레이 키즈|SKZ|방찬|BANG CHAN|리노|이민호|LEE KNOW|LEEMINHO|창빈|서창빈|CHANGBIN|SEOCHANGBIN|현진|황현진|HYUNJIN|HWANGHYUNJIN|한|지성|한지성|HAN|JISUNG|HANJISUNG|필릭스|FELIX|승민|김승민|SEUNGMIN|KIMSEUNGMIN|아이엔|양정인|정인|I.N|JEONGIN|SKZ PLAYER|스키즈 자작곡|스트레이키즈 자작곡|슼즈 플레이어|슼즈 플레이어 방찬|슼즈 플레이어 창빈|슼즈 플레이어 필릭스|슼즈 플레이어 승민|Bang Chan SKZ PLAYER|Changbin SKZ PLAYER|Felix SKZ PLAYER|Seungmin SKZPLAYER|오늘 밤 나는 불을 켜|스키즈 오늘 밤 나는 불을 켜|스트레이 키즈 오늘 밤 나는 불을 켜|스키즈 오나불|스트레이 키즈 오나불|Stray Kids 오나불,1733654,506103,769,46146,https://i.ytimg.com/vi/FL4kM5KheYk/default.jpg,False,False,"방찬(Bang Chan), 창빈(Changbin), 필릭스(Felix), 승민(Seungmin) 오늘 밤 나는 불을 켜 | [Stray Kids(스트레이 키즈) : SKZ-PLAYER(슼즈 플레이어)][Credits]Lyrics by : 방찬 (3RACHA), 창빈 (3RACHA)Composed by : 방찬 (3RACHA), Nick Lee, Josh WeiArranged by : Nick Lee, Josh Wei, 방찬 (3RACHA)Original Publisher : JYP Publishing (KOMCA), Atlas Music Publishing[Bang Chan, Changbin, Felix, Seungmin 오늘 밤 나는 불을 켜 Lyrics]오늘 밤 나는 불을 켜고요한 어둠 속에서세상이 자고 있을 때오늘도 다시 눈을 떠오늘 밤 고민 속에 빠졌어둘러봐 침묵 속에 갇혔어아직 난 하고 싶은 게 너무 많아서 못 자Oh woah따뜻한 이불에 내 몸을 맡겨이대로 자도 될까 싶으면가만히 있는 게 쉽지 않아난 눈을 떠 오늘 밤 나는 불을 켜고요한 어둠 속에서세상이 자고 있을 때오늘도 다시 눈을 떠Up all night yeah yeah all the time (all the time)I’m working hard yeah yeah 언제나 (언제나)난 불을 켜 밤이면 낮인 듯이 I just do as I please (hey)난 할 게 많아(으? 아 뭐 이리 어려워..)Yeah yeah yeah벼락이 치는 비 오는 밤 벼락치기 yeah yeah벼락침과 동시에 아이디어 번쩍이지 yeah yeah할 일은 밤으로 미루는 습관이 배어 있지 lazy어차피 난 야행성 오늘 밤도 불을 켜지따뜻한 이불에 내 몸을 맡겨이대로 자도 될까 싶으면가만히 있는 게 쉽지 않아난 눈을 떠(난 눈을 떠)오늘도 나는 불을 켜고요한 어둠 속에서세상이 자고 있을 때오늘도 다시 눈을 떠Up all night yeah yeah all the time (all the time)I’m working hard yeah yeah 언제나 (언제나)난 불을 켜 밤이면 낮인 듯이 I just do as I please (hey)난 할 게 많아I don’t want to go to sleep nowI’ll be making a masterpiece now (yeah)나도 모르게 찾는 카페인시작은 한잔I don’t want to go to sleep nowI’ll be making a masterpiece now (yeah)아직 내 몸에 있는 카페인때문인 걸까오늘도 나는 불을 켜고요한 어둠 속에서세상이 자고 있을 때오늘도 다시 눈을 떠Up all night yeah yeah all the time (all the time)I’m working hard yeah yeah 언제나 (언제나)난 불을 켜 밤이면 낮인 듯이 I just do as I please (hey)난 할 게 많아Stray Kids Digital Single ALL IN (Korean Ver.)iTunes & Apple Music: https://apple.co/33fWGbG​​Spotify: https://spoti.fi/3nYlixn​Stray Kids Official YouTube: https://www.youtube.com/c/StrayKidsStray Kids Official Facebook: https://www.facebook.com/JYPEStrayKids/Stray Kids Official Instagram: https://www.instagram.com/realstraykidsStray Kids Official Twitter: https://twitter.com/Stray_KidsStray Kids Official Fan's: https://fans.jype.com/StrayKids#StrayKids #스트레이키즈 #오늘밤나는불을켜#방찬 #BangChan#창빈 #Changbin#필릭스 #Felix#승민 #Seungmin#SKZ_PLAYER #슼즈플레이어#YouMakeStrayKidsStayCopyrights 2021 ⓒ JYP Entertainment. All Rights Reserved.",People & Blogs,US,0.3185462612493612
Zb1sZ16uWBk,Hyunjin long for you | [Stray Kids : SKZ-RECORD],2024-03-14T15:00:01Z,UC9rMiEjNaCSsebs31MRDCRA,Stray Kids,22,2024-03-16T00:00:00Z,Stray Kids|스트레이 키즈|SKZ|방찬|BANG CHAN|리노|이민호|LEE KNOW|LEEMINHO|창빈|서창빈|CHANGBIN|SEOCHANGBIN|현진|황현진|HYUNJIN|HWANGHYUNJIN|한|지성|한지성|HAN|JISUNG|HANJISUNG|필릭스|FELIX|용복|이용복|승민|김승민|SEUNGMIN|KIMSEUNGMIN|아이엔|양정인|정인|I.N|JEONGIN|SKZ RECORD|스키즈 자작곡|스트레이키즈 자작곡|현진 슼레|현진 보컬|Hyunjin vocal|현진 노래|스키즈 현진 슼즈레코드|Hyunjin SKZ RECORD|Hyunjin song|현진 자작곡|현진 작곡|현진 작사|Self composed|self composed song|스트레이키즈 long for you|Stray Kids long for you|슼레|현진 long for you,953026,275875,0,20843,https://i.ytimg.com/vi/Zb1sZ16uWBk/default.jpg,False,False,"현진(Hyunjin) long for you | [Stray Kids(스트레이 키즈) : SKZ-RECORD(슼즈 레코드)][Credits]Lyrics by : 현진Composed by : 현진, JohaArranged by : JohaOriginal Publisher : JYP Publishing (KOMCA), Copyright Control[Hyunjin long for you Lyrics]그늘진 눈빛건조한 너의 목소리언제였던가나란히 걷던 게바래진 사진속에 마주한 미소 띤앳된 표정과포개진 계절에밤이 이러면 안될 만큼 차고일어나보면 또 다른 적막에두 눈을 감는다같이 심었던 백색 꽃 피어나도저히 꺾을 만큼의 용기가안 나 시든다So I long for youAnd I long for youAnd I'll long for youSo I can keep loving you so I could be loving youAnd moreListen to 樂-STAR now🤘https://Stray-Kids.lnk.to/ROCK-STARStray Kids 樂-STARiTunes & Apple Music: https://Stray-Kids.lnk.to/ROCK-STAR/AppleMusicSpotify: https://Stray-Kids.lnk.to/ROCK-STAR/SpotifyStray Kids Official YouTube: https://www.youtube.com/c/StrayKidsStray Kids Official Twitter: https://twitter.com/Stray_KidsStray Kids Official Instagram: https://www.instagram.com/realstraykids/Stray Kids Official TikTok: https://www.tiktok.com/@jypestraykidsStray Kids Official Facebook: https://www.facebook.com/JYPEStrayKids/Stray Kids Official FANS (Android) https://play.google.com/store/apps/details?id=com.jype.fansStray Kids Official FANS (iOS) https://apps.apple.com/app/fans-for-fans-artists/id6474999628#StrayKids #스트레이키즈#SKZ_RECORD #슼즈레코드#현진 #Hyunjin#YouMakeStrayKidsStayCopyrights 2024 ⓒ JYP Entertainment. All Rights Reserved.",People & Blogs,US,0.311343027367564
eM-w-P8c1rw,Stray Kids “PARTY’S NOT OVER” | [Stray Kids : SKZ-RECORD]｜2023 STAYweeK,2023-07-31T15:00:04Z,UC9rMiEjNaCSsebs31MRDCRA,Stray Kids,22,2023-08-01T00:00:00Z,Stray Kids|스트레이 키즈|SKZ|방찬|BANG CHAN|리노|이민호|LEE KNOW|LEEMINHO|창빈|서창빈|CHANGBIN|SEOCHANGBIN|현진|황현진|HYUNJIN|HWANGHYUNJIN|한|지성|한지성|HAN|JISUNG|HANJISUNG|필릭스|FELIX|승민|김승민|SEUNGMIN|KIMSEUNGMIN|아이엔|양정인|정인|I.N|JEONGIN|SKZ RECORD|스키즈 자작곡|스트레이키즈 자작곡|Self composed|self composed song|슼레|쓰리라차|3RACHA|Stray Kids 파티스낫오버|SKZ PARTY’S not OVER|단체 슼즈레코드|SKZ record PARTY’s not OVER|stayweek|stray kids stay week|스테이위크|스키즈 보컬|스키즈 랩|SKZ rap|SKZ Vocal|sKZ song|skz 실력,964905,277235,0,21007,https://i.ytimg.com/vi/eM-w-P8c1rw/default.jpg,False,False,"Stray Kids(스트레이 키즈) “PARTY’S NOT OVER” | [Stray Kids(스트레이 키즈) : SKZ-RECORD(슼즈 레코드)]｜2023 STAYweeK[Credits]작사: 창빈 (3RACHA), RESTART, 승민작곡: 창빈 (3RACHA), RESTART, 채강해편곡: RESTART, 채강해Original Publisher : JYP Publishing (KOMCA), Copyright Control[Stray Kids “PARTY’S NOT OVER” Lyrics]거리를 비추던 네온사인 하나둘 빛을 잃어가네 oh yeah점점 희미해질 걸 잘 알면서도 나 여전히 여기 서 있어이 밤이 영원할 거라 믿어 yeah끝나지 않을 우리의 밤So don’t stop! We like this partyI’ll just be with the musicWe’re going to light up the darkness조명이 꺼진대도 We’re in the spotlightOh Dance in the never-ending storyI’m still here with the musicWe’re going to light up the darkness이 모든 순간이 다 highlight시작이 있다면 다 끝이 있대 I’m not fine영원할 줄 알았던 저 밤하늘의 shining star유성이 되어 한순간에 빛을 잃어도찬란했던 순간들에 It’s gonna shine, redo나 여전히 여기 서 있어이 밤이 영원할 거라 믿어 yeah끝나지 않을 우리의 밤 We can’t stopSo don’t stop! We like this partyI’ll just be with the musicWe’re going to light up the darkness조명이 꺼진대도 We’re in the spotlightOh Dance in the never-ending storyI’m still here with the musicWe're going to light up the darkness이 모든 순간이 다 highlightWe like to partyWe like to partyWe like to party ay ay ayLet’s get it startedLet’s get it startedLet’s get it started ay ay aySo don’t stop! We like this partyI’ll just be with the musicWe’re going to light up the darkness우릴 비추는 spotlight yeah어둠에 가려진대도 괜찮아I’m not afraid어떤 이유에서든 한 걸음 더 나아갈게PARTY’S NOT OVER PARTY’S NOT OVERHey DJ drop the beat, let’s goTurn on the music 3 2 1 let’s go!Na na na na na na na na naNa na na na na na na na na naNa na na na na na na na na조명이 꺼진대도 We’re in the spotlightNa na na na na na na na naNa na na na na na na na na naNa na na na na na na na na조명이 꺼진대도 We’re in the spotlight💫 Listen to ＜★★★★★ (5-STAR)＞ now!https://Stray-Kids.lnk.to/5-STARStray Kids ★★★★★ (5-STAR)iTunes & Apple Music: https://Stray-Kids.lnk.to/5-STAR/AppleMusic Spotify: https://Stray-Kids.lnk.to/5-STAR/SpotifyStray Kids Official YouTube: https://www.youtube.com/c/StrayKidsStray Kids Official Facebook: https://www.facebook.com/JYPEStrayKids/Stray Kids Official Instagram: https://www.instagram.com/realstraykids/Stray Kids Official Twitter: https://twitter.com/Stray_KidsStray Kids Official TikTok: https://www.tiktok.com/@jypestraykidsStray Kids Official Fan's: https://fans.jype.com/StrayKids#StrayKids #2023STAYweeK #SKZ_RECORD  #슼즈레코드#스트레이키즈#STAY #스테이#스테이위크 #스테이크#YouMakeStrayKidsStayCopyrights 2023 ⓒ JYP Entertainment. All Rights Reserved.",People & Blogs,US,0.3090894958571051
B6wOSQ-Qznc,MY FIRST MAGAZINE SHOOT OF 2021 (Behind the Scenes),2021-02-10T02:00:04Z,UC-59s1w6gpuuv8Eu_kBb54A,Mark Tuan,22,2021-02-10T00:00:00Z,[None],1171971,345363,278,16686,https://i.ytimg.com/vi/B6wOSQ-Qznc/default.jpg,False,False,"Behind the scene footage of my Trendmo's cover shoot. Had a lot of fun shooting this and wanted to show you guys! Hope you guys enjoy! Don't forget to like, comment, and subscribe! :) (I'm new to this haha)One in a Million - Mark x SanjoyReleases February 12, 2021Click the link below to pre-save:https://inamillion.io​Follow:Facebook: https://www.facebook.com/Mark-Tuan-102278171829727Instagram: https://instagram.com/marktuanTwitter: https://twitter.com/marktuan",People & Blogs,US,0.30892317301366673
3P-wT723kYs,"Bang Chan, Lee Know Drive | [Stray Kids : SKZ-PLAYER]",2021-07-02T14:59:57Z,UC9rMiEjNaCSsebs31MRDCRA,Stray Kids,22,2021-07-03T00:00:00Z,Stray Kids|스트레이 키즈|SKZ|방찬|BANG CHAN|리노|이민호|LEE KNOW|LEEMINHO|창빈|서창빈|CHANGBIN|SEOCHANGBIN|현진|황현진|HYUNJIN|HWANGHYUNJIN|한|지성|한지성|HAN|JISUNG|HANJISUNG|필릭스|FELIX|승민|김승민|SEUNGMIN|KIMSEUNGMIN|아이엔|양정인|정인|I.N|JEONGIN|SKZ PLAYER|스키즈 자작곡|스트레이키즈 자작곡|슼즈 플레이어|슼즈 플레이어 방찬|슼즈 플레이어 리노|Bang Chan SKZ PLAYER|Lee Know SKZ PLAYER|스키즈 Drive|스트레이 키즈 Drive|Stray Kids Drive|Bang Chan Drive|Lee Know Drive|방찬 Drive|리노 Drive|방찬 리노 Drive|Bang Chan Lee Know Drive|드라이브|방찬 리노 드라이브,1652724,448491,708,55279,https://i.ytimg.com/vi/3P-wT723kYs/default.jpg,False,False,"방찬(Bang Chan), 리노(Lee Know) Drive | [Stray Kids(스트레이 키즈) : SKZ-PLAYER(슼즈 플레이어)][Credits]Lyrics by : 방찬 (3RACHA), 리노Composed by : 방찬 (3RACHA), taalthechoiArranged by : taalthechoiOriginal publisher : JYP Publishing (KOMCA)[Bang Chan, Lee Know Drive Lyrics]시동 걸어 놓고 오늘 밤도 drive쉬지 않고 달려 feel the heat insideBaby I can do this every day and night오늘 밤은 나만 믿고 따라와시동 걸어 놓고 오늘 밤도 drive쉬지 않고 달려 feel the heat insideBaby, baby we gon do it day and night참을 필요 없어 너와 나의 drive은은한 달빛 속에서 너를 간직해꿈에선 이 장면 많이 본 듯해어두운 길을 밝혀주는 가로등 같애 yeah책임지고 어디든 데려갈게Ride on the highway to heaven단둘만의 special connection맘 편하게 show all your coloursWe’ll do this forever시동 걸어 놓고 오늘 밤도 drive쉬지 않고 달려 feel the heat insideBaby I can do this every day and night오늘 밤은 나만 믿고 따라와시동 걸어 놓고 오늘 밤도 drive쉬지 않고 달려 feel the heat insideBaby, baby we gon do it day and night참을 필요 없어 너와 나의 driveWe’ll be dancin with the shadows in the nightThe stars are jealous knowing that you’re by my sideFeel the adrenaline, accelerationIn the course, we’ll be drivin so roughRide like the motions of the oceanHigh tide in the moonlightOne way emotion, satisfaction(Skrrt skrrt) We ain’t stopping now결말까지 널 놓지 않겠어꽉 잡아 속도 올라갈수록정상을 향해 또 너랑 꿈꿔 ohCause we don’t give a (uh)시동 걸어 놓고 오늘 밤도 drive쉬지 않고 달려 feel the heat insideBaby I can do this every day and night오늘 밤은 나만 믿고 따라와시동 걸어 놓고 오늘 밤도 drive쉬지 않고 달려 feel the heat insideBaby, baby we gon do it day and night참을 필요 없어 너와 나의 (uh)(Drive) Ooh yeah(Drive) Drive with me baby yeah(Drive) In the course, in the nightDriveStray Kids Digital Single Mixtape : 애 iTunes & Apple Music: https://apple.co/3dc63xQSpotify: https://spoti.fi/3qykdyYStray Kids Official YouTube: https://www.youtube.com/c/StrayKidsStray Kids Official Facebook: https://www.facebook.com/JYPEStrayKids/Stray Kids Official Instagram: https://www.instagram.com/realstraykids/Stray Kids Official Twitter: https://twitter.com/Stray_KidsStray Kids Official Fan's: https://fans.jype.com/StrayKids#StrayKids #스트레이키즈 #Drive#방찬 #BangChan#리노 #LeeKnow#SKZ_PLAYER #슼즈플레이어#YouMakeStrayKidsStayCopyrights 2021 ⓒ JYP Entertainment. All Rights Reserved.",People & Blogs,US,0.30481193472110285
UcGWYKHBDA4,Stray Kids FNF Video,2023-06-14T15:00:00Z,UC9rMiEjNaCSsebs31MRDCRA,Stray Kids,22,2023-06-15T00:00:00Z,Stray Kids|스트레이 키즈|SKZ|방찬|BANG CHAN|리노|이민호|LEE KNOW|LEEMINHO|창빈|서창빈|CHANGBIN|SEOCHANGBIN|현진|황현진|HYUNJIN|HWANGHYUNJIN|한|지성|한지성|HAN|JISUNG|HANJISUNG|필릭스|FELIX|승민|김승민|SEUNGMIN|KIMSEUNGMIN|아이엔|양정인|정인|I.N|JEONGIN|5star|★★★★★|stray kids 5star|skz 5star|스키즈 특|skz s-class|stray kids s-class|fnf|stray kids fnf|skz fnf|스키즈 fnf|스트레이 키즈 fnf|fnf music video|fnf mv|fnf full|fnf 뮤비|fnf 풀버전|fnf 뮤직비디오|fnf 호주|스키즈 호주|스트레이 키즈 호주|stray kids australia|skz aussie,1126414,327513,0,13379,https://i.ytimg.com/vi/UcGWYKHBDA4/default.jpg,False,False,Stray Kids(스트레이 키즈) FNF Video💫 Listen to ＜★★★★★ (5-STAR)＞ now!https://Stray-Kids.lnk.to/5-STARStray Kids ★★★★★ (5-STAR)iTunes & Apple Music: https://Stray-Kids.lnk.to/5-STAR/AppleMusic Spotify: https://Stray-Kids.lnk.to/5-STAR/SpotifyStray Kids Official YouTube: https://www.youtube.com/c/StrayKidsStray Kids Official Facebook: https://www.facebook.com/JYPEStrayKids/Stray Kids Official Instagram: https://www.instagram.com/realstraykids/Stray Kids Official Twitter: https://twitter.com/Stray_KidsStray Kids Official TikTok: https://www.tiktok.com/@jypestraykidsStray Kids Official Fan's: https://fans.jype.com/StrayKids#StrayKids #스트레이키즈#5_STAR#특 #S_Class#FNF#StrayKidsComeback#YouMakeStrayKidsStayCopyrights 2023 ⓒ JYP Entertainment. All Rights Reserved.,People & Blogs,US,0.30263473287796494
2jjcuRckOJc,"Alesso, Stray Kids & CORSAK “Going Dumb” Lyric Video",2021-03-19T06:59:54Z,UC9rMiEjNaCSsebs31MRDCRA,Stray Kids,22,2021-03-20T00:00:00Z,Stray Kids|스트레이 키즈|SKZ|방찬|BANG CHAN|리노|이민호|LEE KNOW|LEEMINHO|창빈|서창빈|CHANGBIN|SEOCHANGBIN|현진|황현진|HYUNJIN|HWANGHYUNJIN|한|지성|한지성|HAN|JISUNG|필릭스|FELIX|승민|김승민|SEUNGMIN|아이엔|양정인|정인|I.N|JEONGIN|스트레이키즈 콜라보레이션|배틀그라운드 콜라보곡|스트레이키즈 배틀그라운드|Stray Kids Battleground|Stray Kids collaboration|battle ground going dumb|skz lyric video|going dumb lyric video|Stray Kids 배그 콜라보|모바일배그 삽입곡|스키즈 배그|스트레이키즈 배그|stray kids ost|battleground ost|stray kids going dumb|스트레이키즈 고잉덤|고잉덤,1118141,291116,331,43748,https://i.ytimg.com/vi/2jjcuRckOJc/default.jpg,False,False,"Alesso, Stray Kids(스트레이 키즈) & CORSAK “Going Dumb” Lyric Video Stray Kids 1st Global Collaboration with Alesso & CORSAK “Going DumbListen Now : https://orcd.co/goingdumb Stray Kids Official YouTube: https://www.youtube.com/c/StrayKidsStray Kids Official Facebook: https://www.facebook.com/JYPEStrayKids/Stray Kids Official Instagram: https://www.instagram.com/realstraykids/Stray Kids Official Twitter: https://twitter.com/Stray_KidsStray Kids Official Fan's: https://fans.jype.com/StrayKids Alesso Official YouTube: https://www.youtube.com/alessoAlesso Official Facebook: https://www.facebook.com/AlessoOfficial/Alesso Official Instagram: https://www.instagram.com/alesso/ Alesso Official Twitter: https://twitter.com/Alesso CORSAK Official YouTube: https://www.youtube.com/corsakCORSAK Official Facebook: https://www.facebook.com/corsakmusic/CORSAK Official Instagram: https://www.instagram.com/corsakmusic/CORSAK Official Twitter: https://twitter.com/corsakmusic #StrayKids #Alesso #CORSAK#GoingDumb #고잉덤#PUBGM #모바일배틀그라운드#스트레이키즈 #알레소 #코르삭#YouMakeStrayKidsStayCopyrights 2021 ⓒ JYP Entertainment. All Rights Reserved.",People & Blogs,GB,0.29948280225839136
jxwFUMvd-fY,Stray Kids Lonely St. Video,2022-03-26T15:00:21Z,UC9rMiEjNaCSsebs31MRDCRA,Stray Kids,22,2022-03-27T00:00:00Z,Stray Kids|스트레이 키즈|SKZ|스키즈|방찬|BANG CHAN|리노|이민호|LEE KNOW|MINHO|LEEMINHO|창빈|서창 빈|CHANGBIN|SEOCHANGBIN|현진|황현진|HYUNJIN|HWANGHYUNJIN|한|지성|한지성|HAN|JISUNG|HANJISUNG|필릭스|FELIX|승민|김승민|SEUNGMIN|KIMSEUNGMIN|아이엔|양정인|정인|I.N|YANGJEONGIN|JEONGIN|stray kids comeback|스트레이 키즈 컴백|스키즈 컴백|skz comeback|oddinary|Stray Kids ODDINARY|스키즈 오디너리|stray kids lonely st|스트레이 키즈 론리스트릿|론리스트릿|lonely st|skz lonely st|스키즈 론리스트릿|론리스트릿 뮤비|lonely st music video|lonely st mv|론리스트릿 mv,1894442,518847,0,22211,https://i.ytimg.com/vi/jxwFUMvd-fY/default.jpg,False,False,Stray Kids(스트레이 키즈) Lonely St. VideoStray Kids ODDINARYiTunes & Apple Music: https://apple.co/3IqqKmlSpotify: https://spoti.fi/3ijBk40✅ Listen to ＜ODDINARY＞ now!http://Stray-Kids.lnk.to/ODDINARYStray Kids Official YouTube: https://www.youtube.com/c/StrayKidsStray Kids Official Facebook: https://www.facebook.com/JYPEStrayKids/Stray Kids Official Instagram: https://www.instagram.com/realstraykids/Stray Kids Official Twitter: https://twitter.com/Stray_KidsStray Kids Official TikTok: https://www.tiktok.com/@jypestraykidsStray Kids Official Fan's: https://fans.jype.com/StrayKids#StrayKids #스트레이키즈#Lonely_St#ODDINARY#MANIAC #MANIAC_SKZ#YouMakeStrayKidsStayCopyrights 2022 ⓒ JYP Entertainment. All Rights Reserved.,People & Blogs,US,0.28560283186289154
b4zq-KJLUf0,Bang Chan Eternity | [Stray Kids : SKZ-RECORD],2024-03-01T15:00:00Z,UC9rMiEjNaCSsebs31MRDCRA,Stray Kids,22,2024-03-03T00:00:00Z,Stray Kids|스트레이 키즈|SKZ|방찬|BANG CHAN|리노|이민호|LEE KNOW|LEEMINHO|창빈|서창빈|CHANGBIN|SEOCHANGBIN|현진|황현진|HYUNJIN|HWANGHYUNJIN|한|지성|한지성|HAN|JISUNG|HANJISUNG|필릭스|용복|이용복|FELIX|승민|김승민|SEUNGMIN|KIMSEUNGMIN|아이엔|양정인|정인|I.N|JEONGIN|SKZ RECORD|스키즈 자작곡|스트레이키즈 자작곡|방찬 자작곡|방찬 작곡|방찬 작사|슼즈레코드 방찬|방찬 슼레|방찬 보컬|bang chan vocal|방찬 노래|스키즈 방찬 슼즈레코드|bang chan SKZ RECORD|bang chan song|방찬 eternity|방찬 강아지|방찬 베리|bang chan berry|방찬 호주|bang chan sydney,1206544,324617,0,19532,https://i.ytimg.com/vi/b4zq-KJLUf0/default.jpg,False,False,"방찬(Bang Chan) Eternity | [Stray Kids(스트레이 키즈) : SKZ-RECORD(슼즈 레코드)][Credits]Lyrics by : 방찬 (3RACHA)Composed by : 방찬 (3RACHA), Nickko YoungArranged by : 방찬 (3RACHA), Nickko YoungOriginal Publisher : JYP Publishing (KOMCA), Copyright Control[Bang Chan Eternity Lyrics]I’ve known you ever since the day when we were kidsThe happiest moment to ever existCheck my bucket list, oh you were on the listI’m living the dream, somebody heard my wishCall out your nameYou do the sameHug you all dayI hope this’ll never end for eternityI just want all time to stopI’m never letting goLet’s go on a little walk, see the world outsideDon’t wanna let you goThe way that you give me your hands, I’ll flyAt times when I feel down or emptyYou’re always beside mePromise that I’ll love you plentyI hope this’ll never end for eternityWhen I look at you I know that you’re the only oneThe only one yeahNothing in the world could beat our little special bond’Cause we are oneRun around and make a messWe don’t even have to restEvery moment is a precious memoryThe way you wake me up in bedYeah I hope this never endsI’m lucky that you’re my best friend soI just want all time to stopI’m never letting goLet’s go on a little walk, see the world outsideDon’t wanna let you goThe way that you give me your hands, I’ll flyAt times when I feel down or emptyYou’re always beside mePromise that I’ll love you plentyI hope this’ll never end for eternity(Awooh)Eternity(Awooh)You make meCall out your nameYou do the sameHug you all dayI hope this’ll never endI’m never letting goLet’s go on a little walk, see the world outsideDon’t wanna let you goThe way that you give me your hands, I’ll flyEternityListen to 樂-STAR now🤘https://Stray-Kids.lnk.to/ROCK-STARStray Kids 樂-STARiTunes & Apple Music: https://Stray-Kids.lnk.to/ROCK-STAR/AppleMusicSpotify: https://Stray-Kids.lnk.to/ROCK-STAR/SpotifyStray Kids Official YouTube: https://www.youtube.com/c/StrayKidsStray Kids Official Twitter: https://twitter.com/Stray_KidsStray Kids Official Instagram: https://www.instagram.com/realstraykids/Stray Kids Official TikTok: https://www.tiktok.com/@jypestraykidsStray Kids Official Facebook: https://www.facebook.com/JYPEStrayKids/Stray Kids Official FANS (Android) https://play.google.com/store/apps/details?id=com.jype.fansStray Kids Official FANS (iOS) https://apps.apple.com/app/fans-for-fans-artists/id6474999628#StrayKids #스트레이키즈#SKZ_RECORD #슼즈레코드#방찬 #BangChan#YouMakeStrayKidsStayCopyrights 2024 ⓒ JYP Entertainment. All Rights Reserved.",People & Blogs,GB,0.28523534989192273
JqwPCzJnYyY,Stray Kids MEGAVERSE Video,2023-11-19T14:59:56Z,UC9rMiEjNaCSsebs31MRDCRA,Stray Kids,22,2023-11-20T00:00:00Z,JYP Entertainment|Stray Kids|스트레이 키즈|SKZ|스키즈|방찬|BANG CHAN|리노|LEE KNOW|창빈|서창빈|CHANGBIN|SEOCHANGBIN|현진|황현진|HYUNJIN|HWANGHYUNJIN|한|한지성|HAN|HANJISUNG|필릭스|FELIX|승민|김승민|SEUNGMIN|KIMSEUNGMIN|아이엔|양정인|I.N|YANGJEONGIN|stray kids comeback|스트레이 키즈 컴백|스키즈 컴백|skz comeback|skz|rock star|rock-star|락스타|스트레이 키즈 락스타|스키즈 락스타|skz rockstar|樂-star|stray kids rock star|메가버스|MEGAVERSE|스키즈 메가버스|스트레이 키즈 메가버스|stray kids megaverse|megaverse mv|메가버스 뮤비|skz megaverse|lalalala|LALALALA|락,2058234,551724,0,29624,https://i.ytimg.com/vi/JqwPCzJnYyY/default.jpg,False,False,Stray Kids(스트레이 키즈) MEGAVERSE VideoListen to 樂-STAR now🤘https://Stray-Kids.lnk.to/ROCK-STARStray Kids 樂-STARiTunes & Apple Music: https://Stray-Kids.lnk.to/ROCK-STAR/AppleMusicSpotify: https://Stray-Kids.lnk.to/ROCK-STAR/SpotifyStray Kids Official YouTube: https://www.youtube.com/c/StrayKidsStray Kids Official Facebook: https://www.facebook.com/JYPEStrayKids/Stray Kids Official Instagram: https://www.instagram.com/realstraykids/Stray Kids Official Twitter: https://twitter.com/Stray_KidsStray Kids Official TikTok: https://www.tiktok.com/@jypestraykidsStray Kids Official Fan's: https://fans.jype.com/StrayKids#StrayKids #스트레이키즈#樂_STAR #ROCK_STAR#락 #樂 #LALALALA#MEGAVERSE#StrayKidsComeback#YouMakeStrayKidsStayCopyrights 2023 ⓒ JYP Entertainment. All Rights Reserved.,People & Blogs,US,0.2824499060845366
6dtdYVHqK4Q,Lovejoy - Taunt (OFFICIAL VIDEO),2021-05-10T17:58:50Z,UC3S-tYM-oNvzuCQHD8cUvqg,Lovejoy,22,2021-05-11T00:00:00Z,[None],1065159,263835,421,36237,https://i.ytimg.com/vi/6dtdYVHqK4Q/default.jpg,False,False,"Spotify: https://open.spotify.com/album/6rPU1BHqLneslZ1N1EvVdRAppleMusic: https://music.apple.com/gb/album/are-you-alright-ep/1566793126Written by Wilbur Soot and Joe GoldsmithProduced by Cameron NesbittMastered by ShawDirected by Wilbur SootEdited by Wilbur SootStarring GeorgeNotFound (he's a champ)Remember way back then in school?Oh, did anybody ever say no to you?Oh, did anybody ever say no to you?",People & Blogs,US,0.28171568751707493
k8Y6ZTjmCXs,"Stray Kids 강박 (방찬, 현진)” Video",2021-09-13T10:59:58Z,UC9rMiEjNaCSsebs31MRDCRA,Stray Kids,22,2021-09-14T00:00:00Z,Stray Kids|스트레이 키즈|SKZ|스키즈|방찬|BANG CHAN|리노|이민호|LEE KNOW|MINHO|LEEMINHO|창빈|서창빈|CHANGBIN|SEOCHANGBIN|현진|황현진|HYUNJIN|HWANGHYUNJIN|한|지성|한지성|HAN|HANJISUNG|필릭스|FELIX|승민|김승민|SEUNGMIN|KIMSEUNGMIN|아이엔|양정인|정인|I.N|YANGJEONGIN|JEONGIN|소리꾼|Thunderous|NOEASY|스트레이 키즈 NOEASY|Stray Kids NOEASY|스트레이 키즈 소리꾼|스트레이 키즈 Thunderous|스키즈 소리꾼|스트레이 키즈 강박|스키즈 강박|Stray Kids Red Lights|Stray Kids 강박|강박 뮤직비디오|강박 뮤비|강박 MV|Red lights MV|Red Lights music video|Red Lights|방찬 현진|방찬 현진 강박,2847946,741745,1706,54863,https://i.ytimg.com/vi/k8Y6ZTjmCXs/default.jpg,False,False,"Stray Kids(스트레이 키즈) 강박 (방찬, 현진)” VideoStray Kids THE 2ND ALBUM NOEASYiTunes & Apple Music: https://apple.co/3moxkm9Spotify: https://spoti.fi/3Djh3VRStray Kids Official YouTube: https://www.youtube.com/c/StrayKidsStray Kids Official Facebook: https://www.facebook.com/JYPEStrayKids/Stray Kids Official Instagram: https://www.instagram.com/realstraykids/Stray Kids Official Twitter: https://twitter.com/Stray_KidsStray Kids Official Fan's: https://fans.jype.com/StrayKids#StrayKids #스트레이키즈#강박 #RedLights #NOEASY#소리꾼 #Thunderous#YouMakeStrayKidsStayCopyrights 2021 ⓒ JYP Entertainment. All Rights Reserved.",People & Blogs,US,0.27971316871878893
xTCiQoZPHFM,ENHYPEN (엔하이픈) X TAYO - 'HEY TAYO' Official MV,2021-07-29T09:00:01Z,UCArLZtok93cO5R9RI4_Y5Jw,ENHYPEN,22,2021-07-30T00:00:00Z,BELIFTLAB|ENHYPEN|엔하이픈,1754808,451419,1297,38436,https://i.ytimg.com/vi/xTCiQoZPHFM/default.jpg,False,False,ENHYPEN (엔하이픈) X TAYO - 'HEY TAYO' Official MV☞ (https://youtu.be/ZSw4Pj35eqA)#ENHYPEN #엔하이픈#ENHYPEN_TAYO#HeyTayo#TayotheLittleBus,People & Blogs,US,0.2791501976284585
oYyWoovxq-8,ROSÉ - Don't Look Back In Anger (Oasis) Live Studio Cover,2022-02-11T05:13:44Z,UCBo1hnzxV9rz3WVsv__Rn1g,ROSÉ Official,22,2022-02-13T00:00:00Z,YG Entertainment|YG|와이지|K-pop|BLACKPINK|블랙핑크|블핑|로제|Rosé|BLINK|블링크|Don't Look Back In Anger|Oasis|ROSÉ Don't Look Back In Anger,1482971,388943,0,24933,https://i.ytimg.com/vi/oYyWoovxq-8/default.jpg,False,False,Live studio cover with LØRENOasis - Don’t Look Back In AngerFollow ROSÉ: https://www.instagram.com/roses_are_rosieFollow LØREN: https://www.instagram.com/lorenisalone#ROSÉ #로제 #Cover #DontLookBackInAnger #Oasis #LØREN,People & Blogs,GB,0.27908570025981627
Jkhu8d0C5O8,a new beginning...,2021-02-06T03:00:10Z,UC-59s1w6gpuuv8Eu_kBb54A,Mark Tuan,22,2021-02-07T00:00:00Z,#marktuan|#mark|#tuan|#got7|#jb|#jackson|#jacksonwang|#yugyeom|#youngjae|#jinyoung|#bambam|#bam|#korea|#milo|#losangeles,3173514,823271,943,47369,https://i.ytimg.com/vi/Jkhu8d0C5O8/default.jpg,False,False,"Welcome to the beginning of a new channel! Here are some behind the scenes footage of me moving back to LA from Korea. I hope to release more content for you guys in the future! Hope this gives everyone a little glimpse of my life. If you have any other suggestions of what you would like to see, comment down below! Thank you!!One in a Million - Mark x SanjoyReleases February 12, 2021Click the link below to pre-save:https://inamillion.ioFollow: Facebook: https://www.facebook.com/Mark-Tuan-102278171829727Instagram: https://instagram.com/marktuanTwitter: https://twitter.com/marktuanMusic:Tokyo Music Walker  - Way Home is under a Creative Commons (cc-by) licenseMusic promoted by BreakingCopyright: https://bit.ly/tokyo-walker-way-home",People & Blogs,US,0.27434572527488454
b3GYcA7j5mg,Stray Kids TOPLINE (Feat. Tiger JK) Video,2023-06-21T15:00:01Z,UC9rMiEjNaCSsebs31MRDCRA,Stray Kids,22,2023-06-22T00:00:00Z,Stray Kids|스트레이 키즈|SKZ|방찬|BANG CHAN|리노|이민호|LEE KNOW|LEEMINHO|창빈|서창빈|CHANGBIN|SEOCHANGBIN|현진|황현진|HYUNJIN|HWANGHYUNJIN|한|지성|한지성|HAN|JISUNG|HANJISUNG|필릭스|FELIX|승민|김승민|SEUNGMIN|KIMSEUNGMIN|아이엔|양정인|정인|I.N|JEONGIN|5star|★★★★★|stray kids 5star|skz 5star|스키즈 특|skz s-class|stray kids s-class|탑라인|TOPLINE (Feat. Tiger JK)|스키즈 탑라인|스트레이 키즈 탑라인|stray kids TOPLINE (Feat. Tiger JK)|get lit mv|TOPLINE music video|five star TOPLINE|탑라인 뮤비|탑라인 풀버전|TOPLINE full|skz TOPLINE mv,1920934,503432,0,22568,https://i.ytimg.com/vi/b3GYcA7j5mg/default.jpg,False,False,Stray Kids(스트레이 키즈) TOPLINE (Feat. Tiger JK) Video💫 Listen to ＜★★★★★ (5-STAR)＞ now!https://Stray-Kids.lnk.to/5-STARStray Kids ★★★★★ (5-STAR)iTunes & Apple Music: https://Stray-Kids.lnk.to/5-STAR/AppleMusic Spotify: https://Stray-Kids.lnk.to/5-STAR/SpotifyStray Kids Official YouTube: https://www.youtube.com/c/StrayKidsStray Kids Official Facebook: https://www.facebook.com/JYPEStrayKids/Stray Kids Official Instagram: https://www.instagram.com/realstraykids/Stray Kids Official Twitter: https://twitter.com/Stray_KidsStray Kids Official TikTok: https://www.tiktok.com/@jypestraykidsStray Kids Official Fan's: https://fans.jype.com/StrayKids#StrayKids #스트레이키즈#5_STAR#특 #S_Class#TOPLINE Feat. #TigerJK#YouMakeStrayKidsStayCopyrights 2023 ⓒ JYP Entertainment. All Rights Reserved.,People & Blogs,US,0.27382512881754395
CJsZTiYnRgI,Pokémon X ENHYPEN (엔하이픈) 'One and Only' Official MV,2023-07-11T15:00:03Z,UCArLZtok93cO5R9RI4_Y5Jw,ENHYPEN,22,2023-07-12T00:00:00Z,BELIFTLAB|ENHYPEN|엔하이픈,1056035,269426,0,16788,https://i.ytimg.com/vi/CJsZTiYnRgI/default.jpg,False,False,"Pokémon X ENHYPEN (엔하이픈) 'One and Only' Official MVCredits:BAKERSExecutive Producer : KWON YOUNG MINMain Producer : MOON YUNProducer : DO YEDAMProducer : SEO JONGWOOKSTUDIO SACCHARINDirector : KWON YONGSOO1st AD : YOU WONSIK2st AD : SON SEOYOUNGEditor : KWON HEEGYEONGAssistant Editor : KIM CHAEHYUNDirector of photography : IHM CHIHOONGaffer : KWON HOONHOArt Director : PARK SEOYOUNGDI : COLOUR LUCIDColorist : KWAK HAEWONLENNON STUDIO2D Supervisor : YANG SEUNGBIN VFX Supervisor : KO SUNGUK Producer : HAM EUNJUNG ℗ 2023 Pokémon, under exclusive license to Universal Music LLCPokémon image & game sound:©Pokémon/Nintendo/CR/GFConnect with ENHYPENOFFICIAL WEBSITE  https://ENHYPEN.comENHYPEN Weverse https://www.weverse.io/enhypen OFFICIAL YOUTUBE https://www.youtube.com/ENHYPENOFFICIALOFFICIAL TWITTER https://twitter.com/ENHYPENENHYPEN TWITTER https://twitter.com/ENHYPEN_membersOFFICIAL FACEBOOK https://www.facebook.com/officialENHYPENOFFICIAL INSTAGRAM https://www.instagram.com/enhypenOFFICIAL TIKTOK  https://www.tiktok.com/@enhypenOFFICIAL WEIBO https://weibo.com/ENHYPENOFFICIAL JAPAN TWITTER https://twitter.com/ENHYPEN_JPOFFICIAL BILIBILI https://space.bilibili.com/3493119035181246#Pokemon_ENHYPEN #PokemonMusicCollective  #OneandOnly#ポケモン #ポケットモンスター#Pokémon #Pokemon #ENHYPEN",People & Blogs,US,0.27102700194595825
etjQd0wgUTo,Stray Kids 땡 Video,2022-03-27T14:59:57Z,UC9rMiEjNaCSsebs31MRDCRA,Stray Kids,22,2022-03-28T00:00:00Z,Stray Kids|스트레이 키즈|SKZ|스키즈|방찬|BANG CHAN|리노|이민호|LEE KNOW|MINHO|LEEMINHO|창빈|서창 빈|CHANGBIN|SEOCHANGBIN|현진|황현진|HYUNJIN|HWANGHYUNJIN|한|지성|한지성|HAN|JISUNG|HANJISUNG|필릭스|FELIX|승민|김승민|SEUNGMIN|KIMSEUNGMIN|아이엔|양정인|정인|I.N|YANGJEONGIN|JEONGIN|stray kids comeback|스트레이 키즈 컴백|스키즈 컴백|skz comeback|oddinary|Stray Kids ODDINARY|스키즈 오디너리|스트레이 키즈 땡|스키즈 땡|stray kids 땡|skz 땡|stray kids freeze|skz freeze|땡 뮤비|땡 뮤직비디오|스키즈 땡 뮤비|스트레이 키즈 땡 뮤직비디오|stray kids freeze mv|freeze mv,2117150,544385,0,24983,https://i.ytimg.com/vi/etjQd0wgUTo/default.jpg,False,False,Stray Kids(스트레이 키즈) 땡 VideoStray Kids ODDINARYiTunes & Apple Music: https://apple.co/3IqqKmlSpotify: https://spoti.fi/3ijBk40✅ Listen to ＜ODDINARY＞ now!http://Stray-Kids.lnk.to/ODDINARYStray Kids Official YouTube: https://www.youtube.com/c/StrayKidsStray Kids Official Facebook: https://www.facebook.com/JYPEStrayKids/Stray Kids Official Instagram: https://www.instagram.com/realstraykids/Stray Kids Official Twitter: https://twitter.com/Stray_KidsStray Kids Official TikTok: https://www.tiktok.com/@jypestraykidsStray Kids Official Fan's: https://fans.jype.com/StrayKids#StrayKids #스트레이키즈#땡 #FREEZE#ODDINARY#MANIAC #MANIAC_SKZ#YouMakeStrayKidsStayCopyrights 2022 ⓒ JYP Entertainment. All Rights Reserved.,People & Blogs,US,0.26893134638547106
pM-jOfy_1jM,Stray Kids 거미줄 Video,2022-03-22T15:00:02Z,UC9rMiEjNaCSsebs31MRDCRA,Stray Kids,22,2022-03-23T00:00:00Z,Stray Kids|스트레이 키즈|SKZ|스키즈|방찬|BANG CHAN|리노|이민호|LEE KNOW|MINHO|LEEMINHO|창빈|서창 빈|CHANGBIN|SEOCHANGBIN|현진|황현진|HYUNJIN|HWANGHYUNJIN|한|지성|한지성|HAN|JISUNG|HANJISUNG|필릭스|FELIX|승민|김승민|SEUNGMIN|KIMSEUNGMIN|아이엔|양정인|정인|I.N|YANGJEONGIN|JEONGIN|stray kids comeback|스트레이 키즈 컴백|스키즈 컴백|skz comeback|oddinary|Stray Kids ODDINARY|스키즈 오디너리|stray kids 거미줄|stray kids venom|거미줄|스키즈 거미줄|거미줄 뮤직비디오|거미줄 뮤비|venom music video|venom mv|스키즈 거미줄 뮤비|Stray kids venom mv|skz venom|skz 거미줄,2578726,656433,0,36610,https://i.ytimg.com/vi/pM-jOfy_1jM/default.jpg,False,False,Stray Kids(스트레이 키즈) 거미줄 VideoStray Kids ODDINARYiTunes & Apple Music: https://apple.co/3IqqKmlSpotify: https://spoti.fi/3ijBk40✅ Listen to ＜ODDINARY＞ now!http://Stray-Kids.lnk.to/ODDINARYStray Kids Official YouTube: https://www.youtube.com/c/StrayKidsStray Kids Official Facebook: https://www.facebook.com/JYPEStrayKids/Stray Kids Official Instagram: https://www.instagram.com/realstraykids/Stray Kids Official Twitter: https://twitter.com/Stray_KidsStray Kids Official TikTok: https://www.tiktok.com/@jypestraykidsStray Kids Official Fan's: https://fans.jype.com/StrayKids#StrayKids #스트레이키즈#거미줄 #VENOM#ODDINARY#MANIAC #MANIAC_SKZ#YouMakeStrayKidsStayCopyrights 2022 ⓒ JYP Entertainment. All Rights Reserved.,People & Blogs,US,0.26875402815188587
8ziUcTYwARI,Stray Kids SUPER BOARD Video,2022-10-17T11:00:03Z,UC9rMiEjNaCSsebs31MRDCRA,Stray Kids,22,2022-10-18T00:00:00Z,Stray Kids|스트레이 키즈|SKZ|스키즈|방찬|BANG CHAN|리노|이민호|LEE KNOW|MINHO|LEEMINHO|창빈|서창 빈|CHANGBIN|SEOCHANGBIN|현진|황현진|HYUNJIN|HWANGHYUNJIN|한|지성|한지성|HAN|JISUNG|HANJISUNG|필릭스|FELIX|승민|김승민|SEUNGMIN|KIMSEUNGMIN|아이엔|양정인|정인|I.N|YANGJEONGIN|JEONGIN|maxident|SUPER BOARD|슈퍼보드|스트레이 키즈 슈퍼보드|스키즈 슈퍼보드|stray kids super board|skz super board|super board mv|super board music video|슈퍼보드 뮤비|슈퍼보드 뮤직비디오|슈퍼보드 풀버전|super board video|stray kids music video|skz music video|스트레이 키즈 뮤직비디오,1890017,483611,0,22539,https://i.ytimg.com/vi/8ziUcTYwARI/default.jpg,False,False,Stray Kids(스트레이 키즈) SUPER BOARD Video💗Listen to ＜MAXIDENT＞ now!⚡http://Stray-Kids.lnk.to/MAXIDENT Stray Kids MAXIDENTiTunes & Apple Music: https://stray-kids.lnk.to/MAXIDENT/AppleMusicSpotify: https://stray-kids.lnk.to/MAXIDENT/SpotifyStray Kids Official YouTube: https://www.youtube.com/c/StrayKidsStray Kids Official Facebook: https://www.facebook.com/JYPEStrayKids/Stray Kids Official Instagram: https://www.instagram.com/realstraykids/Stray Kids Official Twitter: https://twitter.com/Stray_KidsStray Kids Official TikTok: https://www.tiktok.com/@jypestraykidsStray Kids Official Fan's: https://fans.jype.com/StrayKids#StrayKids #스트레이키즈#MAXIDENT#CASE143#SUPERBOARD#StrayKidsComeback#YouMakeStrayKidsStayCopyrights 2022 ⓒ JYP Entertainment. All Rights Reserved.,People & Blogs,US,0.2678018240047576
1inY1P4Xn6Y,Stray Kids 타 Dance Practice Video,2020-11-24T14:59:56Z,UC9rMiEjNaCSsebs31MRDCRA,Stray Kids,22,2020-11-26T00:00:00Z,Stray Kids|스트레이 키즈|SKZ|스키즈|방찬|BANG CHAN|리노|LEE KNOW|창빈|서창빈|CHANGBIN|SEOCHANGBIN|현진|황현진|HYUNJIN|HWANGHYUNJIN|한|한지성|HAN|HANJISUNG|필릭스|FELIX|승민|김승민|SEUNGMIN|KIMSEUNGMIN|아이엔|양정인|I.N|stray kids behind|비욘드라이브|beyondlive|스트레이키즈온라인콘서트|스키즈콘서트|스키즈비욘드라이브|Stray Kids beyondlive|Stray Kids online concert|online concert|스트레이키즈 라이브|스트레이키즈 비욘드라이브|스트레이키즈 타|SKZ 타|스키즈 타|Stray Kids 타|타 안무영상 타 안무|스키즈 콘서트 타|TA|Stray Kids TA|스키즈 타 안무영상|SKZ dance choreography|TA dance choreography,1035313,257324,359,12667,https://i.ytimg.com/vi/1inY1P4Xn6Y/default.jpg,False,False,Stray Kids(스트레이 키즈) 타 Dance Practice VideoStray Kids The 1st Album Repackage IN生iTunes & Apple Music: https://apple.co/2Fz8NaMSpotify: https://spoti.fi/2Frc0cGStray Kids Official YouTube: https://www.youtube.com/c/StrayKidsStray Kids Official Facebook: https://www.facebook.com/JYPEStrayKids/Stray Kids Official Instagram: https://www.instagram.com/realstraykids/Stray Kids Official Twitter: https://twitter.com/Stray_KidsStray Kids Official Fan's: https://fans.jype.com/StrayKids#StrayKids #스트레이키즈 #타 #TA#UnlockGOLIVEINLIFE #StrayKids_Beyond_LIVE#StrayKidsOnlineConcert#INLIFE #IN生 #YouMakeStrayKidsStayCopyrights 2020 ⓒ JYP Entertainment. All Rights Reserved.,People & Blogs,US,0.260782005055476
yzjTpCgfIII,Jung Kook (정국) ‘Stay Alive (Prod. SUGA of BTS)’ | Promotion Video,2022-02-11T05:00:01Z,UCWAQUQFOtYRndsDxJLe5VWA,7FATES: CHAKHO by HYBE,22,2022-02-12T00:00:00Z,[None],4653730,1108140,0,65384,https://i.ytimg.com/vi/yzjTpCgfIII/default.jpg,False,False,7FATES: CHAKHO Official SoundtrackJung Kook (정국) ‘Stay Alive (Prod. SUGA of BTS)’ Now available on all DSPs.[Check out more stories about 7FATES: CHAKHO]네이버 웹툰: https://webtoons.naver.com/chakho149네이버 시리즈: https://bit.ly/CHAKHO_NOVELWEBTOON: https://go.webtoons.com/Pk0Op6cxNmbWattpad: https://wattpad.onelink.me/f4RR/76f8a997LINEマンガ webtoon: https://manga.line.me/product/periodi...LINEマンガ ノベル: https://manga.line.me/product/periodi...WEBTOON DE: https://go.webtoons.com/uhXDZsD6NmbWEBTOON FR: https://go.webtoons.com/Rn9EZ5FWombLINE WEBTOON(ID)_Webcomic: https://go.webtoons.com/chakho_wt01LINE WEBTOON(ID)_Web novel: https://go.webtoons.com/chakho_wn01WEBTOON(LATAM)_Webcomic: https://go.webtoons.com/3VZYZFuaOmbWattpad(LATAM)_Web novel: https://wattpad.onelink.me/f4RR/fbb5e1c0LINE WEBTOON (Thailand) WEBTOON: https://go.webtoons.com/K9luk1H4NmbLINE WEBTOON (Thailand) นิยาย: https://go.webtoons.com/T7T7vmt6Nmb#방탄소년단 #BTS #슈가 #SUGA #정국 #JungKook#착호 #7FATES_CHAKHO #CHAKHO#StayAlive #StayAlive_CHAKHOConnect with 7FATES: CHAKHOInstagram: https://www.instagram.com/7fates_chakhoTwitter: https://twitter.com/7Fates_CHAKHOFacebook: https://www.facebook.com/7FATES.CHAKHO.HYBE,People & Blogs,US,0.25216847560988714
no2QNIWK19o,[BTS Universe Story] Official Trailer,2020-09-15T02:01:19Z,UCEmKdF5eArneymKKh2RoO1A,BTS Universe Story,22,2020-09-15T00:00:00Z,[None],1939811,451616,1047,24233,https://i.ytimg.com/vi/no2QNIWK19o/default.jpg,False,False,"First reveal for the full official BTS Universe Story trailer!Pre-register Now▶http://mar.by/_kNjsImmerse yourself in the story behind the universe,the BTS Universe Story that you'll help create!#BTS_Universe_Story#BUS_PreRegisterNow#Become_Our_Story#BUS_사전등록중#이제_우리의_이야기가_되어줘",People & Blogs,US,0.2453068881452884
9B08WsLHhMg,Stray Kids 특(S-Class) (Feat. STAY) Guide Video,2023-06-02T05:30:09Z,UC9rMiEjNaCSsebs31MRDCRA,Stray Kids,22,2023-06-03T00:00:00Z,Stray Kids|스트레이 키즈|SKZ|스키즈|방찬|BANG CHAN|리노|이민호|LEE KNOW|MINHO|LEEMINHO|창빈|서창빈|CHANGBIN|SEOCHANGBIN|현진|황현진|HYUNJIN|HWANGHYUNJIN|한|지성|한지성|HAN|JISUNG|HANJISUNG|필릭스|FELIX|승민|김승민|SEUNGMIN|KIMSEUNGMIN|아이엔|양정인|정인|I.N|YANGJEONGIN|JEONGIN|Stray Kids 5STAR|SKZ 5STAR|스키즈 5star|스트레이키즈 5star|스키즈 특|skz s-class|stray kids s-class|스트레이키즈 특|팬피처링|스트레이 키즈 팬피처링|특 팬피처링|특 응원법|stray kids cheer guide|s-class cheer|스키즈 응원법|스트레이 키즈 응원법|스트레이키즈 응원법|스키즈 팬피처링|스키즈 특 팬피처링,1017130,235603,0,12647,https://i.ytimg.com/vi/9B08WsLHhMg/default.jpg,False,False,"Stray Kids(스트레이 키즈) 특(S-Class) (Feat. STAY) Guide Video✨ English, Japanese, Chinese, Spanish, Indonesian & Thai subtitles are available!💫 Listen to ＜★★★★★ (5-STAR)＞ now!https://Stray-Kids.lnk.to/5-STARStray Kids ★★★★★ (5-STAR)iTunes & Apple Music: https://Stray-Kids.lnk.to/5-STAR/AppleMusic Spotify: https://Stray-Kids.lnk.to/5-STAR/SpotifyStray Kids Official YouTube: https://www.youtube.com/c/StrayKidsStray Kids Official Facebook: https://www.facebook.com/JYPEStrayKids/Stray Kids Official Instagram: https://www.instagram.com/realstraykids/Stray Kids Official Twitter: https://twitter.com/Stray_KidsStray Kids Official TikTok: https://www.tiktok.com/@jypestraykidsStray Kids Official Fan's: https://fans.jype.com/StrayKids#StrayKids #스트레이키즈#5_STAR#특 #S_Class#StrayKidsComeback#YouMakeStrayKidsStayCopyrights 2023 ⓒ JYP Entertainment. All Rights Reserved.",People & Blogs,US,0.24406909637902727
WAGlb7u9nqE,Stray Kids Back Door Dance Practice Video,2020-09-16T10:59:55Z,UC9rMiEjNaCSsebs31MRDCRA,Stray Kids,22,2020-09-17T00:00:00Z,Stray Kids|스트레이 키즈|SKZ|스키즈|방찬|BANG CHAN|리노|이민호|LEE KNOW|MINHO|LEEMINHO|창빈|서창빈|CHANGBIN|SEOCHANGBIN|현진|황현진|HYUNJIN|HWANGHYUNJIN|한|지성|한지성|HAN|HANJISUNG|필릭스|FELIX|승민|김승민|SEUNGMIN|KIMSEUNGMIN|아이엔|양정인|정인|I.N|YANGJEONGIN|JEONGIN|백도어|back door|in life|스트레이 키즈 백도어|스트레이 키즈 back door|스키즈 백도어|백도어 안무영상|백도어 안무연습|백도어 안무|back door choreography|stray kids choreography|skz choreography|skz dance|스트레이 키즈 안무영상|스트레이 키즈 안무연습|스트레이 키즈 안무|스키즈 안무|스키즈 안무연습|스키즈 안무영상|스트레이 키즈 직캠,1524623,353417,817,14682,https://i.ytimg.com/vi/WAGlb7u9nqE/default.jpg,False,False,Stray Kids(스트레이 키즈) Back Door Dance Practice VideoStray Kids THE 1ST ALBUM IN生iTunes & Apple Music: https://apple.co/2Fz8NaMSpotify: https://spoti.fi/2Frc0cGStray Kids Official YouTube: https://www.youtube.com/c/StrayKidsStray Kids Official Facebook: https://www.facebook.com/JYPEStrayKids/Stray Kids Official Instagram: https://www.instagram.com/realstraykids/Stray Kids Official Twitter: https://twitter.com/Stray_KidsStray Kids Official Fan's: https://fans.jype.com/StrayKids#StrayKids #IN生 #BackDoor #백도어#스트레이키즈 #INLIFE#YouMakeStrayKidsStayCopyrights 2020 ⓒ JYP Entertainment. All Rights Reserved.,People & Blogs,US,0.24143607960787683
5rkMxc7yGSk,Feeding a City in Need,2021-04-05T20:00:41Z,UCAiLfjNXkNv24uhpzUgPa6A,Beast Philanthropy,22,2021-04-06T00:00:00Z,beast philanthropy|mrbeast charity|beast philanthropy channel|beast philanthropy real channel,1575547,354704,570,24308,https://i.ytimg.com/vi/5rkMxc7yGSk/default.jpg,False,False,THIS IS MY FAVORITE VIDEO EVER! Thank you so much for watching this channel and allowing us to grow this charity! :)MERCH & DONATIONS - Coming Soon!,People & Blogs,US,0.24055899316237472
WfEiabOTH8Y,ROSÉ - 'Until I Found You (Stephen Sanchez)' Cover,2023-02-11T03:00:07Z,UCBo1hnzxV9rz3WVsv__Rn1g,Rosesarerosie,22,2023-02-12T00:00:00Z,YG Entertainment|YG|와이지|K-pop|BLACKPINK|블랙핑크|블핑|로제|Rosé|BLINK|블링크,3599045,786871,0,77029,https://i.ytimg.com/vi/WfEiabOTH8Y/default.jpg,False,False,Cover by ROSÉStephen Sanchez - ‘Until I Found You’ Follow ROSÉ: https://www.instagram.com/roses_are_rosie/ #ROSÉ #로제 #Cover #UntilIFoundYou #StephenSanchez,People & Blogs,US,0.24003589841193984
043CQXHfx10,Ian & Anthony Play 2 Truths 1 Lie,2023-06-22T17:00:00Z,UCYJPby9DRCteedh5tfxVbrw,Smosh Pit,22,2023-06-23T00:00:00Z,smosh|smosh pit|smosh games|funny|comedy|smoosh,1186705,274194,0,6117,https://i.ytimg.com/vi/043CQXHfx10/default.jpg,False,False,"Do best friends really know EVERYTHING?SUBSCRIBE: https://smo.sh/Sub2SmoshPitWEAR OUR JOKES: https://smosh.comWHO YOU SEEIan Hecox // https://www.instagram.com/ianhecox/Anthony Padilla // https://www.instagram.com/anthonypadilla/Courtney Miller // https://www.instagram.com/co_mill/Shayne Topp // https://www.instagram.com/shaynetopp/Damien Haas // https://www.instagram.com/damienhaas/WHO YOU DON’T SEE (usually)Director: Kiana ParkerEditor: Josh FleuryDirector Of Programming, Smosh Pit: Kiana ParkerPit - AP: Kimmy JimenezAD: Jacqi JonesArt Director: Cassie VanceArt - Asst Dir.: Erin KuschnerArt Coord.: Alex AguilarArt Intern: Courtney ChapmanAudio Mixer: Greg JonesCamera Operator: Vida RobbinsContent Manager: Lizzy JonesDigital Content Intern: JJ GuidryDir. Audience Dev & Distro: Rachel EvansDIT/AE: Matt DuranDir. Of Photography: Brennan IketaniGFX: Brittany HobbsPost Manager: Luke BakerProduction Coord: Heidi HaProduction Asst: Marcus MunguiaProduction Manager: Jacqi JonesSr. Dir. Of Production: Zoe MoacaninTalent Coord: Selina GarciaWardrobe Supervisor: Alicia BalderasNEW SMOSH:Watch Try Not To Laugh Challenge #122 w/ Anthony Padilla: https://youtu.be/G46n2JMJb48Watch Smash or Pass: Tears of the Kingdom: https://youtu.be/PEX48-YyPZwOTHER SMOSHES:Smosh: https://smo.sh/Sub2SmoshSmosh Games: https://smo.sh/Sub2SmoshGamesEl Smosh (Spanish Dub): https://smo.sh/Sub2ElSmoshFOLLOW US:TikTok: https://smo.sh/TikTokSnapchat: http://smo.sh/OnSnapchatInstagram: https://instagram.com/smoshFacebook: https://facebook.com/smoshTwitter: https://twitter.com/smosh",People & Blogs,US,0.23620950446825453
lWxfycNz1Fs,Bakery tour vlog,2021-12-15T05:00:16Z,UCNYi_zGmR519r5gYdOKLTjQ,Jennierubyjane Official,22,2021-12-16T00:00:00Z,YG Entertainment|YG|와이지|K-pop|BLACKPINK|블랙핑크|블핑|제니|Jennie|BLINK|블링크|제니 브이로그|JENNIE VLOG|BAKERY VLOG|JENNIE BAKERY TOUR|BAKERY TOUR|KOREA BAKERY,3230972,694580,0,57954,https://i.ytimg.com/vi/lWxfycNz1Fs/default.jpg,False,False,#JENNIE #제니 #Bakery #Tour #빵지순례,People & Blogs,GB,0.23291257243950117
n4PDo8W2FJQ,[Cover] ENHYPEN HEESEUNG - Off My Face (원곡 : Justin Bieber),2022-05-30T13:00:07Z,UCArLZtok93cO5R9RI4_Y5Jw,ENHYPEN,22,2022-05-31T00:00:00Z,BELIFTLAB|ENHYPEN|엔하이픈,2100279,430868,0,46739,https://i.ytimg.com/vi/n4PDo8W2FJQ/default.jpg,False,False,#ENHYPEN 공식 채널 #ENHYPEN OFFICIAL CHANNELOFFICIAL WEBSITE  https://ENHYPEN.comENHYPEN Weverse https://www.weverse.io/enhypen OFFICIAL V LIVE https://channels.vlive.tv/9A0CA5OFFICIAL YOUTUBE https://www.youtube.com/ENHYPENOFFICIALOFFICIAL TWITTER https://twitter.com/ENHYPENENHYPEN TWITTER https://twitter.com/ENHYPEN_membersOFFICIAL FACEBOOK https://www.facebook.com/officialENHYPENOFFICIAL INSTAGRAM https://www.instagram.com/enhypenOFFICIAL TIKTOK  https://www.tiktok.com/@enhypenOFFICIAL WEIBO https://weibo.com/ENHYPENOFFICIAL JAPAN TWITTER https://twitter.com/ENHYPEN_JP,People & Blogs,US,0.22740169282271547
BKj91w-3tLY,TAEYONG 'LONELY' Performance Video,2022-03-15T09:00:04Z,UCXvI0Bi2dUi8pkScf0PcxHg,TY TRACK,22,2022-03-16T00:00:00Z,태용|taeyong|nct|엔시티|nct127|엔시티127|ty track,998765,209053,0,16728,https://i.ytimg.com/vi/BKj91w-3tLY/default.jpg,False,False,#TAEYONG #TY_TRACK#LONELY#NCT #NCT127 NCT Officialhttp://www.youtube.com/nctsmtown​http://www.instagram.com/nct​http://www.tiktok.com/@official_nct​http://twitter.com/NCTsmtown​http://www.facebook.com/NCT.smtown​NCT 127 Officialhttp://www.youtube.com/nct127​http://www.instagram.com/nct127​http://www.tiktok.com/@official_nct​http://twitter.com/NCTsmtown_127​http://www.facebook.com/NCT127.smtown​,People & Blogs,GB,0.22606018432764463
foyDzdFbCmA,[In the SOOP BTS ver. Season 2] Official Teaser 2,2021-10-05T15:00:03Z,UCjbhchq-wEJBNJ-_faXsOmA,INTHESOOP_TV,22,2021-10-06T00:00:00Z,인더숲|In the SOOP|BTS|방탄소년단,1305649,282822,327,6277,https://i.ytimg.com/vi/foyDzdFbCmA/default.jpg,False,False,#In_the_SOOP BTS ver. Season 2 Official Teaser 2✔️10월 15일부터 매주 금요일 공개     ➡️JTBC : 밤 9시(KST)     ➡️Weverse : 밤 10시(KST)✔️Premiere on Oct 15✔️New episodes drop on Weverse every Friday 10PM(KST)🎫Pre-order NOW!   weverseshop.onelink.me/BZSY/fe1c32f#BTS #방탄소년단 #인더숲 #인더숲BTS편시즌2Connect with In the SOOP:Twitter: https://twitter.com/INTHESOOP_TVWeibo: https://weibo.com/u/7478570417Weverse: https://weverse.onelink.me/qt3S/35bd758aInstagram: https://www.instagram.com/inthesoop.tv/,People & Blogs,US,0.22142168377565485
NSGNGV3ld_I,Mark Tuan - My Life (Official Music Video),2022-01-21T05:00:09Z,UC-59s1w6gpuuv8Eu_kBb54A,Mark Tuan,22,2022-01-22T00:00:00Z,[None],1049588,219144,0,11856,https://i.ytimg.com/vi/NSGNGV3ld_I/default.jpg,False,False,"Official Music Video for My Life by Mark Tuan.Listen and download My Life out now: https://lnk.fu.ga/marktuan_mylifeSocials:Instagram: https://instagram.com/marktuanTwitter: https://twitter.com/marktuanTikTok: https://www.tiktok.com/@marktuan?lang=enFacebook: https://www.facebook.com/Mark-Tuan-102278171829727Director: Will ChanExecutive Producer: Nuer Taqa, Mark TuanDirector of Photography: Andrea GavazziProduction Designer: Elizabet PukstoEditor: Olaf WoldanLyrics:Sometimes I look at myself it's A little bit selfishI tried but I can't win You don't even know How could somebody look at me And think that I'm happy I haven't been laughing Too much anymore You say I seem okay when I'm sitting here with all my friendsEasy to say when you're looking from the outside inI'll never change, loving myself is all pretendAnd I might never againI tried everything to please youI forgot to think of me tooI woke up and realized That this is my life And every time that I felt hopelessI fucked myself up to keep on going And I never realizedThat this is my lifeSometimes I wish I was different And someone would listen It's hard it explain it You don't even know Last time I told you I missed you It turned to an issue Guess I was mistakenI'll leave you alone You say I seem okay when I'm sitting here with all my friendsEasy to say when you're looking from the outside inI'll never change, loving myself is all pretendAnd I might never againI tried everything to please youI forgot to think of me tooI woke up and realized That this is my life And every time that I felt hopelessI fucked myself up to keep on going And I never realizedThat this is my life",People & Blogs,GB,0.22008635769463827
F81f8QayoR8,Stray Kids 특(S-Class) M/V Reaction,2023-06-03T10:59:56Z,UC9rMiEjNaCSsebs31MRDCRA,Stray Kids,22,2023-06-04T00:00:00Z,Stray Kids|스트레이 키즈|SKZ|방찬|BANG CHAN|리노|이민호|LEE KNOW|LEEMINHO|창빈|서창빈|CHANGBIN|SEOCHANGBIN|현진|황현진|HYUNJIN|HWANGHYUNJIN|한|지성|한지성|HAN|JISUNG|HANJISUNG|필릭스|FELIX|승민|김승민|SEUNGMIN|KIMSEUNGMIN|아이엔|양정인|정인|I.N|JEONGIN|kpop mv reaction|스키즈 뮤비 리액션|stray kids reaction|skz mv reaction|스트레이 키즈 리액션|5star|★★★★★|stray kids 5star|skz 5star|s-class mv|특 뮤비|스키즈 특|skz s-class|stray kids s-class|s-class reaction|특 리액션|5star reaction|s-class mv reaction|특 뮤비 리액션|특 뮤직비디오,936049,198489,0,4963,https://i.ytimg.com/vi/F81f8QayoR8/default.jpg,False,False,"Stray Kids(스트레이 키즈) 특(S-Class) M/V Reaction✨ English, Japanese & Chinese subtitles are available!💫 Listen to ＜★★★★★ (5-STAR)＞ now!https://Stray-Kids.lnk.to/5-STARStray Kids ★★★★★ (5-STAR)iTunes & Apple Music: https://Stray-Kids.lnk.to/5-STAR/AppleMusic Spotify: https://Stray-Kids.lnk.to/5-STAR/SpotifyStray Kids Official YouTube: https://www.youtube.com/c/StrayKidsStray Kids Official Facebook: https://www.facebook.com/JYPEStrayKids/Stray Kids Official Instagram: https://www.instagram.com/realstraykids/Stray Kids Official Twitter: https://twitter.com/Stray_KidsStray Kids Official TikTok: https://www.tiktok.com/@jypestraykidsStray Kids Official Fan's: https://fans.jype.com/StrayKids#StrayKids #스트레이키즈#5_STAR#특 #S_Class#StrayKidsComeback#YouMakeStrayKidsStayCopyrights 2023 ⓒ JYP Entertainment. All Rights Reserved.",People & Blogs,US,0.21735186939999937
gSva10cuutQ,Hawaii vlog,2022-05-02T09:00:18Z,UCNYi_zGmR519r5gYdOKLTjQ,Jennierubyjane Official,22,2022-05-03T00:00:00Z,YG Entertainment|YG|와이지|K-pop|BLACKPINK|블랙핑크|블핑|제니|Jennie|BLINK|블링크,1738824,358248,0,15526,https://i.ytimg.com/vi/gSva10cuutQ/default.jpg,False,False,#JENNIE #제니 #Hawaii #vlog #브이로그,People & Blogs,US,0.21495792558648835
Dd6Jxk5Kgws,Stray Kids “특 (S-Class)” Dance Practice Video,2023-06-05T11:59:57Z,UC9rMiEjNaCSsebs31MRDCRA,Stray Kids,22,2023-06-06T00:00:00Z,Stray Kids|스트레이 키즈|SKZ|방찬|BANG CHAN|리노|이민호|LEE KNOW|LEEMINHO|창빈|서창빈|CHANGBIN|SEOCHANGBIN|현진|황현진|HYUNJIN|HWANGHYUNJIN|한|지성|한지성|HAN|JISUNG|HANJISUNG|필릭스|FELIX|승민|김승민|SEUNGMIN|KIMSEUNGMIN|아이엔|양정인|정인|I.N|JEONGIN|5star|★★★★★|stray kids 5star|skz 5star|스키즈 특|skz s-class|stray kids s-class|s-class choreo|s-class choreography|스키즈 안무|스키즈 안무영상|스트레이 키즈 안무|특 안무|특 안무영상|스키즈 특 안무|스키즈 특 안무영상|stray kids choreo|stray kids dance|skz dance|s-class dance|s-class practice,1245410,259132,0,8403,https://i.ytimg.com/vi/Dd6Jxk5Kgws/default.jpg,False,False,Stray Kids(스트레이 키즈) “특 (S-Class)” Dance Practice Video💫 Listen to ＜★★★★★ (5-STAR)＞ now!https://Stray-Kids.lnk.to/5-STARStray Kids ★★★★★ (5-STAR)iTunes & Apple Music: https://Stray-Kids.lnk.to/5-STAR/AppleMusic Spotify: https://Stray-Kids.lnk.to/5-STAR/SpotifyStray Kids Official YouTube: https://www.youtube.com/c/StrayKidsStray Kids Official Facebook: https://www.facebook.com/JYPEStrayKids/Stray Kids Official Instagram: https://www.instagram.com/realstraykids/Stray Kids Official Twitter: https://twitter.com/Stray_KidsStray Kids Official TikTok: https://www.tiktok.com/@jypestraykidsStray Kids Official Fan's: https://fans.jype.com/StrayKids#StrayKids #스트레이키즈#5_STAR#특 #S_Class#StrayKidsComeback#YouMakeStrayKidsStayCopyrights 2023 ⓒ JYP Entertainment. All Rights Reserved.,People & Blogs,US,0.21481680731646607
tyoI-VMj7xA,YA VOLVÍ - JD Pantoja 🔥,2022-03-10T22:08:04Z,UCzoUWqjCbcfWFdOMvoep8FA,Juan De Dios Pantoja,22,2022-03-12T00:00:00Z,Team|juki|Juan|De|Dios|Pantoja|jd|youtube|retos|reto|tag|tags|Challenge|nuevo|video|risa|comedia|diversión|extremo|música|roast,2307686,466987,0,28140,https://i.ytimg.com/vi/tyoI-VMj7xA/default.jpg,False,False,"YA VOLVÍ  - JD Pantoja 🔥 ( Video Oficial ) Esto lo estoy haciendo por la felicidad de mis fans 💎 ▪️SIGUEME EN MIS REDES SOCIALES QUIERO CONECTARME MAS CONTIGO:• INSTAGRAM: @JuandediosPantoja -  https://bit.ly/2vWtdSj • TWITTER:  @Juandedios_P - https://bit.ly/2OY3UYN• PAGINA DE FACE: Juan De Dios Pantoja Corona - https://bit.ly/2KHVW2E 📩 : marcasjddp@gmail.com",People & Blogs,US,0.21455561978536075
SMhFTex19DU,Lovejoy - Are You Alright? (Full EP),2021-05-10T00:21:16Z,UC3S-tYM-oNvzuCQHD8cUvqg,Lovejoy,22,2021-05-11T00:00:00Z,[None],935805,156922,196,40691,https://i.ytimg.com/vi/SMhFTex19DU/default.jpg,False,False,"Spotify: https://open.spotify.com/album/6rPU1BHqLneslZ1N1EvVdRAppleMusic: https://music.apple.com/gb/album/are-you-alright-ep/1566793126Written by Wilbur Soot, Joe Goldsmith, Ash Kabosu and Mark BoardmanProduced by Cameron NesbittMastered by ShawIf you like the same music we do and will come to our shows and shout our lyrics back at us then you are already home :)",People & Blogs,US,0.2111689935403209
WXqbR-h5VMY,Lovejoy - One Day (OFFICIAL VIDEO),2021-05-10T00:23:11Z,UC3S-tYM-oNvzuCQHD8cUvqg,Lovejoy,22,2021-05-11T00:00:00Z,[None],1717852,315340,886,44532,https://i.ytimg.com/vi/WXqbR-h5VMY/default.jpg,False,False,"Spotify: https://open.spotify.com/album/6rPU1BHqLneslZ1N1EvVdRAppleMusic: https://music.apple.com/gb/album/are-you-alright-ep/1566793126Written by Wilbur Soot and Joe GoldsmithProduced by Cameron NesbittMastered by ShawDirected by Wilbur SootEdited by Wilbur Soot and Elodie GrenvilleSpecial thanks to Nathan Kidd One day I know that you will be thereOne day I'll focus on the future maybeOne day, oh baby isn't life soF-cking Inconsistent",People & Blogs,US,0.20948952529088652
kxWUcCUfDuE,Dream & Alec Benjamin - Change My Clothes (Official Lyric Video),2021-08-20T04:00:11Z,UCj9fD9faZE8t1gAcG8Td4UA,Dream Music,22,2021-08-21T00:00:00Z,[None],2598330,489967,8018,52651,https://i.ytimg.com/vi/kxWUcCUfDuE/default.jpg,False,False,"Dream & Alec Benjamin - Change My Clothes (Official Lyric Video)Listen to Change My Clothes on other platforms: https://li.sten.to/ChangeMyClothesFollow Dream: Twitter: @DreamInstagram: @DreamWasTakenFollow Alec Benjamin:Instagram: @AlecBenjamin Twitter: @AlecBenjamin Youtube: @Alec Benjamin Producing Credits:Executive Producer: Alec BenjaminProducer: Brian PhillipsProducer: Tim PagnottaMixing/Mastering Engineer: Serge CourtoisAlec Benjamin appears courtesy of Elektra RecordsThis is a lyrics video for the Dream & Alec Benjamin song Change My Clothes.[Verse 1: Dream]Don't lack imaginationI'm just too scared to tryAfraid that I won't make itBut if I never step outside Of my comfort zone here in my homeI'll never know Where I could goIt's worth it to make some mistakesYou miss all of the shots that you don't take[Chorus: Alec Benjamin]I really wanna change the world, but can't change my clothesWanna find a girl, but can't find my phoneI just lie in bed 'til the afternoonDreamin' 'bout the things that I wanna doIf I wanna change the world, I should change myselfI should make my bed, I should dust the shelfShouldn't lie in bed 'til the aftеrnoonDreamin' 'bout the things that I wanna do, mhm[Post-Chorus: Alec Benjamin]Mhm, mhmMhm, mhmMhm, mhm'Bout the things that I wanna do[Verse 2: Dream]At first, my calculations seemed bullеtproof to meThere can be no humiliation Without accountabilityIf I just stay home, here all alone in my comfort zoneBut now I knowIt's worth it to make some mistakesYou miss all of the shots that you don't take[Chorus: Alec Benjamin & Dream]I really wanna change the world, but can't change my clothesWanna find a girl, but can't find my phoneI just lie in bed 'til the afternoonDreamin' 'bout the things that I wanna doIf I wanna change the world, I should change myselfI should make my bed, I should dust the shelfShouldn't lie in bed 'til the afternoonDreamin' 'bout the things that I wanna do, mhm[Post-Chorus: Alec Benjamin]Mhm, mhmMhm, mhmMhm, mhm'Bout the things that I wanna do[Bridge: Alec Benjamin]I'd rather find out then regret never trying nowI won't let an inhibitions take control, mmI'd rather fail Then spend my life in a jail Of my very own creationOf my very own creation[Chorus: Alec Benjamin & Dream]I really wanna change the world, but can't change my clothesWanna find a girl, but can't find my phoneI just lie in bed 'til the afternoonDreamin' 'bout the things that I wanna doIf I wanna change the world, I should change myselfI should make my bed, I should dust the shelfShouldn't lie in bed 'til the afternoonDreamin' 'bout the things that I wanna do, mhm[Post-Chorus: Alec Benjamin]Mhm, mhmMhm, mhmMhm, mhm'Bout the things that I wanna do, mhm",People & Blogs,US,0.20883336604665304
pb1bMrAwLz0,Behind the Scenes of You & Me stage,2023-01-26T09:00:35Z,UCNYi_zGmR519r5gYdOKLTjQ,Jennierubyjane Official,22,2023-01-27T00:00:00Z,YG Entertainment|YG|와이지|K-pop|BLACKPINK|블랙핑크|블핑|제니|Jennie|BLINK|블링크,1109550,217963,0,9786,https://i.ytimg.com/vi/pb1bMrAwLz0/default.jpg,False,False,#JENNIE #제니 #YouAndMe #DancePractice #Vlog,People & Blogs,US,0.20526249380379433
l3iDrxLneKM,THE SIDEMEN LOSE THEIR HEADS ON GTA 5...,2021-06-10T18:00:28Z,UCh5mLn90vUaB1PbRRx_AiaA,MoreSidemen,22,2021-06-11T00:00:00Z,sidemen|moresidemen|miniminter|ksi|zerkaa|behzinga|tbjzl|vikkstar|wroetoshaw,1566347,317431,569,3320,https://i.ytimg.com/vi/l3iDrxLneKM/default.jpg,False,False,#SidemenGaming• Sidemen: http://www.youtube.com/Sidemen• Sidemen Clothing: http://www.sidemenclothing.com• Sidemen Twitter: https://twitter.com/SidemenSidemen:• Miniminter: http://www.youtube.com/Miniminter• Zerkaa: http://www.youtube.com/Zerkaa• Behzinga: http://www.youtube.com/Behzinga• Vikkstar123: http://www.youtube.com/Vikkstar123• TBJZL: http://www.youtube.com/TBJZL• Wroetoshaw: http://www.youtube.com/Wroetoshaw• KSI: http://www.youtube.com/KSIedited by CHiPFAT: https://twitter.com/chipfat_,People & Blogs,GB,0.2047764639636045
0zZf4RP3wkw,day 68 of feeding my pet seagull to gain his trust,2021-06-19T09:46:45Z,UCpOOxojfWdfzZhCwiHAW4qg,Feeding Steven,15,2021-06-22T00:00:00Z,birds|funny birds|funny animals|talking animals|talking birds|birds talking|seagull|funny seagull|seagull tiktok|talking seagull|feeding birds|feeding seagull|bird vlog|pet bird|talking pets|funny pets|viral pets|viral animals,848960,92014,760,957,https://i.ytimg.com/vi/0zZf4RP3wkw/default.jpg,False,False,new merch ⬇️https://linktr.ee/feedingsteven#tiktok #seagull #shorts,Pets & Animals,GB,0.10951163776856389
Ttzhgial4x8,Big ike meets a new MALE tortoise 😳🐢,2021-12-24T16:00:13Z,UCLfF54KleOla21Qvp2gVvEg,The Tortoise Whisperer,15,2021-12-28T00:00:00Z,shorts|thetortoisewhisperer,945599,92980,0,543,https://i.ytimg.com/vi/Ttzhgial4x8/default.jpg,False,False,Big ike meets a new MALE tortoise 😳🐢Become a Channel Member! 🐢 https://www.youtube.com/channel/UCLfF54KleOla21Qvp2gVvEg/joinWebsite & Socials 🐢 https://www.thetortoisewhisperer.com/Cameo 🐢 (Request personalized videos) https://www.cameo.com/thetortoisewhisperer#Shorts,Pets & Animals,GB,0.09890344638689338
Ws8KOjWsCAU,Ike coming up from his burrow 😎🐢,2021-12-26T16:00:09Z,UCLfF54KleOla21Qvp2gVvEg,The Tortoise Whisperer,15,2021-12-29T00:00:00Z,shorts|thetortoisewhisperer,1344256,125302,0,1301,https://i.ytimg.com/vi/Ws8KOjWsCAU/default.jpg,False,False,Ike coming up from his burrow 😎🐢Become a Channel Member! 🐢 https://www.youtube.com/channel/UCLfF54KleOla21Qvp2gVvEg/joinWebsite & Socials 🐢 https://www.thetortoisewhisperer.com/Cameo 🐢 (Request personalized videos) https://www.cameo.com/thetortoisewhisperer#Shorts,Pets & Animals,GB,0.09418072152923253
sA5PcE6a8e0,What Will The Animals Do With Christmas Trees??? 🤔🎄 #shorts #animals,2021-12-23T15:05:49Z,UCz5Ms8847Lmak08A5AiGOEw,Corbin Maxey,15,2021-12-28T00:00:00Z,Shorts|YouTube shorts|Shorts shelf|Corbin Maxey|Corbin Maxey shorts|Christmas|Christmas trees|Animal Christmas|Pet Christmas|Pet|Pets|What will the animals do with Christmas trees|Christmas 2021|Pets and animals|Christmas tree|Reptile|Alligator|Alligators|Corbin Maxey alligator|Corbin Maxey snake|Corbin Maxey Napoleon,1492707,130455,0,1052,https://i.ytimg.com/vi/sA5PcE6a8e0/default.jpg,False,False,What Will The Animals Do With Christmas Trees? 🤔🎄 #christmas #christmas2021 Please SUBSCRIBE: https://goo.gl/ZbuBnR BUY A TEAM SONI OR TEAM CHOMPERS T-Shirt: https://corbinmaxey.com/store Follow Corbin MaxeyWebsite: https://corbinmaxey.com TikTok: https://vm.tiktok.com/ZMR9tQkhv/YouTube: https://goo.gl/ZbuBnRInstagram: https://goo.gl/NDYWFFTwitter: https://goo.gl/F4zVfNFacebook: https://goo.gl/ZsE1SPPodcast: https://corbinmaxey.com/podcast-1#pets #petsandanimals #pet #christmastree #christmastreedecoration #tree #holiday #holidays #christmastime #tistheseason,Pets & Animals,GB,0.08809967394806885
RVca0LuEDaQ,True Facts: Dangerous Little Ticks,2021-06-10T17:00:11Z,UCVpankR4HtoAVtYnFDUieYA,zefrank1,15,2021-06-12T00:00:00Z,[None],971446,77542,438,5114,https://i.ytimg.com/vi/RVca0LuEDaQ/default.jpg,False,False,"Sponsored by http://www.curiositystream.com/zefrank (code zefrank)True Facts Merch: https://ze-true-store.myshopify.com/CREDITS:Footage from ‘The Tick Ixodes Ricinus and Lyme Disease’ licensed from and provided by Technische Informationsbibliothek (TIB) : https://www.tib.eu/en/The original footage was created by: Dr. Franz-Rainer Matuschka, Freie Universität Berlin Dr. Andrew Spielman, Harvard School of Public Health Institut für den Wissenschaftlichen Film Gottingen Dr. Uwe Sander - Director, Research Regine Feldmann - Editor Camera: Jurgen Kaeding, Kuno Lechner, Michael Schorsch, Hort Witman.Extra special thank you to Dr. Dania Richter for her time and for  her patience in helping me understand the remarkable life cycle of the Ixodes ticks. Dr. Richter led me to the remarkable documentary that is featured throughout this episode.Thank you to Dania Richter, Franz-Rainer Matuschka, Andrew Spielman and L. Mahadevan for allowing me the use of images and footage from their amazing work on the feeding apparatus in:  How ticks get under your skin: insertion mechanics of the feeding apparatus of Ixodes ricinus ticks http://dx.doi.org/10.1098/rspb.2013.1758Special thank to Marie Vancová, Tomáš Bílý, Ladislav Šimo, Jan Touš, Petr Horodyský, Daniel Růžek, Adam Novobilský, Jiří Salát, Martin Strnad, Daniel E. Sonenshine, Libor Grubhoffer & Jana Nebesářová for making their work available through the CC 4.0 license.Three-dimensional reconstruction of the feeding apparatus of the tick Ixodes ricinus (Acari: Ixodidae): a new insight into the mechanism of blood-feedinghttps://doi.org/10.1038/s41598-019-56811-2Thank you to Graham Hickling for licensing me his excellent footage of the egg laying process and Gene’s organ. Check him out at: https://vimeo.com/user565817Thank you Patrons Andrew Pann & Rick Rubenstein for inspiring jokes, and Tina Persson for asking that the tick not be named Tina)http://www.patreon.com/truefactsCLASSICAL MUSIC BYhttps://soundcloud.com/querfloteADDITIONAL FOOTAGE FROMhttp://pond5.com",Pets & Animals,US,0.08508553228897953
UgPyYoh6mME,My Dog Meets His Son,2021-08-17T14:09:50Z,UCNSzfesc7IgWZwg4n6uXr1A,Tucker Budzyn,15,2021-08-18T00:00:00Z,[None],902344,65442,385,7244,https://i.ytimg.com/vi/UgPyYoh6mME/default.jpg,False,False,,Pets & Animals,US,0.08055242789889444
Pii224aV-jY,GalaxyxBTS: The Strange Tailor Shop 👔 | Samsung,2020-09-13T11:11:41Z,UCWwgaK7x0_FR1goeSRazfsQ,Samsung,28,2020-09-14T00:00:00Z,Samsung|SamsungGalaxy|Galaxy|GalaxyNote20|BTSxGalaxy|BTS|RM|Jin|SUGA|j-hope|Jimin|JungKook,950363,215365,1200,14166,https://i.ytimg.com/vi/Pii224aV-jY/default.jpg,False,False,What does it take to master the dance between work and play? Feat. #Jin & #JungKook #GalaxyNote20 #GalaxyxBTS 👔 #XboxGamePass 🎮Learn more: http://smsng.co/GalaxyNote20,Science & Technology,GB,0.24151929315429999
LQEL5ltZFcg,Galaxy x BTS: A Piece of Cake 🍰 | Samsung,2020-10-06T12:02:18Z,UCWwgaK7x0_FR1goeSRazfsQ,Samsung,28,2020-10-08T00:00:00Z,Samsung|SamsungGalaxy|Galaxy|GalaxyNote20|BTSxGalaxy|BTS|RM|Jin|SUGA|j-hope|Jimin|JungKook,1248586,267914,1381,9657,https://i.ytimg.com/vi/LQEL5ltZFcg/default.jpg,False,False,"When it comes to work or play, having the right tools can make the task at hand a piece of cake. Feat. #SUGA, #jhope, and #V#GalaxyNote20 #GalaxyxBTS 🍰Learn more: http://smsng.co/GalaxyNote20",Science & Technology,US,0.22230827512081666
hsLP5SLsUY0,Galaxy x BTS: Unfold your Galaxy Z Flip3 | Samsung,2021-08-11T15:00:11Z,UCWwgaK7x0_FR1goeSRazfsQ,Samsung,28,2021-08-12T00:00:00Z,Samsung|Galaxy|Z Flip 3|Foldable|Foldables|folding phone|foldable phone|samsung folding mobile|samsung z|Samsung Unpacked|Galaxy Unpacked|Unpacked|GalaxyxBTS|BTS|BTS butter,1273899,246227,951,8546,https://i.ytimg.com/vi/hsLP5SLsUY0/default.jpg,False,False,"Hotter? Sweeter! Cooler? 💜!Finally, Galaxy Z Flip3 has arrived.Learn more: http://smsng.co/BTSButter_yt #GalaxyxBTS #GalaxyZFlip3 #SamsungUnpacked",Science & Technology,US,0.19999466205719607
ybPgmjTRvMo,The Truth About my Son,2021-04-16T17:16:07Z,UCY1kMZp36IQSyNx_9h4mpCg,Mark Rober,28,2021-04-17T00:00:00Z,[None],7798779,1132627,3994,83185,https://i.ytimg.com/vi/ybPgmjTRvMo/default.jpg,False,False,"Now that you've met my son, please consider sharing and donating to impact his life and so many others like him.Livestream link (April 30th- MARK YOUR CALENDAR NOW!)- https://youtu.be/5J3peD8LZ5oLearn more about the charity NEXT for Autism here- https://www.nextforautism.org/current-events/color-the-spectrum/Join us in the live stream with a few folks you mighta heard of such as:Andy Samberg, Adam Sandler, Casey Neistat, Chris Rock, Conan o'brien, Miranda Sings, iJustine, Jack Black, Jacksepticeye, John Oliver, Jon Stewart, Karl Jacobs, Marques Brownlee, Maya Rudolph, Mark Hamill, Merrell Twins, MrBeast, Paul Rudd, Rhett & Link, Sarah Silverman, Stephen Colbert, Terry Crews, Vsauce, Zach Galifianakis, Zach King plus a few more surprises!",Science & Technology,US,0.15589773732529155
DVCpKfedfok,I'm done,2021-10-25T01:33:01Z,UCfMJ2MchTSW2kWaT0kK94Yw,William Osman,28,2021-10-26T00:00:00Z,laser cutter|william osman|crappy science|peter sripol|simone giertz|allen pan|colin furze|thehacksmith|michael reeves,1614300,200815,3162,31128,https://i.ytimg.com/vi/DVCpKfedfok/default.jpg,False,False,"thanks to: @Simone Giertz, @Daniel Thrasher @Ludwig @NileRed @Allen Pan - Sufficiently Advanced @SirWrender @JLaservideo Patreon: https://www.patreon.com/williamosmanWebsite: http://www.williamosman.com/Instagram: https://www.instagram.com/crabsandscience/Twitter: https://twitter.com/CrabsAndScience",Science & Technology,US,0.14368023291829277
7DFNyivh9uE,My Health is starting to Suffer,2022-05-28T08:48:08Z,UCMiJRAwDNSNzuYeN2uWa0pA,Mrwhosetheboss,28,2022-05-29T00:00:00Z,mrwhosetheboss|health|fitness|transformation,1637267,209974,0,16188,https://i.ytimg.com/vi/7DFNyivh9uE/default.jpg,False,False,Can I get into the best shape of my life in the next 3 months?Subscribe for more content (IT'S FREE) : https://goo.gl/pLg6fEIt would make my day if you could also follow me on:🌈 Instagram: https://goo.gl/OUqBBa🐦 Twitter: https://goo.gl/EFhwqL😊 Facebook: https://goo.gl/Aluzl1Amazon Affiliate links:Amazon US: https://goo.gl/3yS2aPAmazon UK: https://goo.gl/gvrsGZMy Filming Gear:https://bit.ly/35CuxwIMusic is from Epidemic sound:http://share.epidemicsound.com/pHDFT,Science & Technology,US,0.1381338535498486
gVwdpuan8ak,5 Google Secrets 😏,2021-11-01T16:14:30Z,UCZSlfzadjnw7G419c_OJ9eg,Mrwhosetheboss Shorts,28,2021-11-03T00:00:00Z,shorts|tech|iphone|smartphone|hacks|mrwhosetheboss|google,1517909,204500,2018,767,https://i.ytimg.com/vi/gVwdpuan8ak/default.jpg,False,False,Do consider subscribing to my Shorts Channel! 👊Main Mrwhosetheboss YouTube Channel: https://www.youtube.com/user/Mrwhosetheboss#shorts #tech #google,Science & Technology,US,0.13523010931485352
KMtrY6lbjcY,Is Your Privacy An Illusion? (Taking on Big Tech) - Smarter Every Day 263,2021-10-21T14:37:16Z,UC6107grRI4m0o2-emgoDnAA,SmarterEveryDay,28,2021-10-23T00:00:00Z,Smarter|Every|Day|Science|Physics|Destin|Sandlin|Education|Math|Smarter Every Day|experiment|nature|demonstration|slow|motion|slow motion|education|math|science|science education|what is science|Physics of|projects|experiments|science projects,931869,105970,1699,10083,https://i.ytimg.com/vi/KMtrY6lbjcY/default.jpg,False,False,Please Support the Kickstarter:https://www.kickstarter.com/projects/4privacyapp/4privacy-appAerial footage captured in accordance with FAA regulations under Part 107 guidelines by a licensed and insured UAS service provider. Professional Drone Services (PDS.Media),Science & Technology,US,0.12453789105550243
jTihJ0RFjFc,Never Spill a Drink again. 🤯,2021-11-21T13:58:45Z,UCZSlfzadjnw7G419c_OJ9eg,Mrwhosetheboss Shorts,28,2021-11-22T00:00:00Z,shorts|tech|iphone|smartphone|hacks|mrwhosetheboss|gadgets,1032299,124584,1354,698,https://i.ytimg.com/vi/jTihJ0RFjFc/default.jpg,False,False,Full gadgets video HERE: https://youtu.be/GCmiKaLnd7MDo consider subscribing to my Shorts Channel! 👊Main Mrwhosetheboss YouTube Channel: https://www.youtube.com/user/Mrwhosetheboss#shorts #tech #gadgets,Science & Technology,US,0.12136212473324105
VrKW58MS12g,Glitterbomb Trap Catches Phone Scammer (who gets arrested),2021-03-18T18:49:50Z,UCY1kMZp36IQSyNx_9h4mpCg,Mark Rober,28,2021-03-19T00:00:00Z,[None],6298788,719038,2547,43606,https://i.ytimg.com/vi/VrKW58MS12g/default.jpg,False,False,"I glitterbombed my way up the scammer chain of command.  Come join me in my Creative Engineering class!! https://Monthly.com/MarkRoberIf you suspect that you or a loved one has been the victim of fraud, you can call or visit the National Elder Fraud hotline (https://stopelderfraud.ovc.ojp.gov/)  at 833-372-8311 and report it to the FTC by visiting the agency’s website (https://reportfraud.ftc.gov/#/) or calling 877-382-4357.Go watch Jim’s video to see how he located the scammers and subscribe to his channel- https://youtu.be/Xvjjpzyiig4Go sub to Perogi with Scammer Payback too- https://youtube.com/c/ScammerPaybackNew music this time from the talented Laura Shigihara- https://open.spotify.com/track/1zOzvy6SeVJs2MEET7vyCW?si=f3fee98828fa4802",Science & Technology,US,0.1210778962555971
WKOkCpMZ3Z0,What you didn't know about YouTube.,2022-12-08T16:39:39Z,UCMiJRAwDNSNzuYeN2uWa0pA,Mrwhosetheboss,28,2022-12-09T00:00:00Z,YouTube|tips|tricks|hacks|mods|google|secrets,1590664,179206,0,9915,https://i.ytimg.com/vi/WKOkCpMZ3Z0/default.jpg,False,False,"40 secrets you didn't know about YouTube - Subscribe if you learned something new!I spend a LOT of time trying to make my videos as concise, polished and useful as possible for you - if you would like to support me on that mission then consider subscribing to the channel - you'd make my day 😁Twitter - For my tech hot takes: https://goo.gl/EFhwqLInstagram - For my personal posts: https://goo.gl/OUqBBaFacebook - Does anyone still use this anymore?: https://goo.gl/Aluzl1Amazon Affiliate links (if you buy anything through these it will support the channel and allow us to buy better gear!):Amazon US: https://goo.gl/3yS2aPAmazon UK: https://goo.gl/gvrsGZMy Filming Gear:https://bit.ly/35CuxwIMusic is from Epidemic sound:http://share.epidemicsound.com/pHDFT",Science & Technology,GB,0.1188943736703666
BHiWygziyso,World's Largest Devil's Toothpaste Explosion,2020-09-20T16:24:09Z,UCY1kMZp36IQSyNx_9h4mpCg,Mark Rober,28,2020-09-21T00:00:00Z,[None],5107177,558758,3341,38123,https://i.ytimg.com/vi/BHiWygziyso/default.jpg,False,False,"It took 8 months, 150 tests and over 1,000 total working hours to reclaim what is rightfully mine :) Get your first month of KiwiCo for FREE!!! https://www.kiwico.com/markroberLet's give Fletcher one final surprise and go subscribe to his channel.  At this moment he has 2 subs and I'm one of them.  https://www.youtube.com/channel/UCxL16LohM2T4mvJCbR6n5Vw",Science & Technology,US,0.11687102287623867
osUTMnDFV30,I made a giant robot to paint my walls,2021-10-30T22:19:19Z,UCj1VqrHhDte54oLgPG4xpuQ,Stuff Made Here,28,2021-11-01T00:00:00Z,[None],1789861,199929,1105,6828,https://i.ytimg.com/vi/osUTMnDFV30/default.jpg,False,False,Check out https://KiwiCo.com/StuffMadeHere to get 50% off your first month of ANY crate!Help support these videos on patreon: http://patreon.com/stuffmadehereSubscribe to Stuff Made Here: https://tinyurl.com/sub2smh------------------------------I moved into a new shop with some massive blank walls. I thought I would break in the new space by building a robot to paint a huge mural for me. Hope you like it!Other great things (your purchase helps support this channel):*  I use a glowforge pro for rapid prototyping and it's great. You can $500 off a Glowforge pro here: http://glowforge.com/stuffmadehere,Science & Technology,GB,0.11551567412218043
_7vPNcnYWQ4,Making an unpickable lock. Calling locksmiths,2020-11-26T00:08:52Z,UCj1VqrHhDte54oLgPG4xpuQ,Stuff Made Here,28,2020-11-26T00:00:00Z,lock pick|lock|unpickable lock|stuff made here|mechanical design,1039526,110377,564,9563,https://i.ytimg.com/vi/_7vPNcnYWQ4/default.jpg,False,False,"Check out http://KiwiCo.com/StuffMadeHere to get 50% off your first month of any crate.Wanna save $500 off a Glowforge pro AND help support these videos? Here you go: http://glowforge.com/stuffmadehere Please consider supporting these projects through my patreon: http://patreon.com/stuffmadehere Although very fun, these videos are very time consuming and expensive.----How hard could it be to make an unpickable lock? Turns out pretty flippin hard. After I recovering from the mental and physical turmoil of getting this thing made I called up a locksmith to see if they would be able to pick it. A fun time for all involved.",Science & Technology,US,0.11537950950721772
XZjoPsmIO80,I Surprised TommyInnit With A Custom Keyboard...,2021-05-23T22:48:04Z,UCFtOX-21N1earf-K58C7HjQ,Glarses,28,2021-05-30T00:00:00Z,Surprising tommyinnit with a custom keyboard|surprising tommyinnit|surprise tommyinnit|tommyinnit keyboard surprise|tommyinnit keyboard|tommyinnit keyboard build|tommyinnit custom keyboard|tommyinnit glarses|tommyinnit builds a keyboard|what keyboard does tommyinnit use|what keyboard does tommyinnit have|glasses tommyinnit|tommyinnit minecraft|tommyinnit hacked keyboard,2545934,282699,1371,9215,https://i.ytimg.com/vi/XZjoPsmIO80/default.jpg,False,False,"I surprised and built a custom mechanical keyboard with TommyInnit. I don't know if I'll be doing that again.Strong TI: https://www.youtube.com/channel/UC5p_l5ZeB_wGjO_yDXwiqvwGeonworks: https://geon.works/Space (made the red and white cable):  https://spaceholdings.net/SocialsDiscord: https://discord.gg/5VYuGuA﻿Twitter: https://twitter.com/glarses1Reddit: u/GlarsesBusiness: glarsesyt@gmail.comBUILD SPECS:Case: Geonworks F1-8X BIG MAN EditionPCB: H87cPlate: Aluminium LeafspringSwitches: Box JadesStabilisers: Everglide v2 Screw InsKeycaps: GEEKARK 9009 w/ Cyrillic Alphas KitI surprised TommyInnit, friend of Wilbursoot, Dream and Tubbo + other minecraft speedrunners and funny minecraft youtubers, with a custom mechanical keyboard. Yes, this is now TommyInnit (aka tom simons) new keyboard, the keyboard tommyinnit uses/has.",Science & Technology,US,0.11465890317659452
h4T_LlK1VE4,Glitterbomb 3.0 vs. Porch Pirates,2020-12-16T19:21:38Z,UCY1kMZp36IQSyNx_9h4mpCg,Mark Rober,28,2020-12-17T00:00:00Z,[None],6826722,699676,4326,65892,https://i.ytimg.com/vi/h4T_LlK1VE4/default.jpg,False,False,"Merry Christmas ya filthy animals.  If you want to learn the design fundamentals it takes to make something like the Glitter Bomb, enroll in my NEW Creative Engineering course at https://Monthly.com/MarkRober and I'll see you in class!MY NEW MERCH!!!  https://markrober.store/Thanks to SimpliSafe for providing the cameras.  Check out their biggest sale of the year by visiting http://simplisafe.com/markroberSubscribe to Jim's channel here- https://www.youtube.com/channel/UCBNG0osIBAprVcZZ3ic84vwBiodegradable glitter courtesy of  https://www.altnaturals.com/pages/glitterSo stoked to finally announce my creative engineering class has just launched today! Enrollment is now open until Dec 27 at Monthly.com/MarkRober (link also in bio).This class is a hands-on, 30-day learning experience that will teach you how to use engineering and science to bring your creative ideas to life.During this class, I'm going to share with you my entire creative engineering process from start to finish. You're going to follow along with me as I fully design and engineer 3 brand new builds from scratch... from how I come up the idea, all the way through bringing the final builds to life.The best part is, over the month, you'll follow along with me and my process, side by side, and you will leave the class with 3 original, creative builds of your own.This is the class I wish I had when I was starting out. It's designed to take your skills to make cool stuff to the next level, whether you're a beginner or a more experienced maker/engineer.The class officially starts on January 4, 2021, and it will only run a few times per year, so claim your spot if you're interested!See you in class!-Mark",Science & Technology,US,0.1121428410297065
CzKpFEKFYuU,iPhone vs Android - Which can survive a CAR? 🚗,2022-02-19T13:04:59Z,UCZSlfzadjnw7G419c_OJ9eg,Mrwhosetheboss Shorts,28,2022-02-20T00:00:00Z,shorts|tech|iphone|smartphone|hacks|mrwhosetheboss|android|iphone vs,3038124,335956,0,2842,https://i.ytimg.com/vi/CzKpFEKFYuU/default.jpg,False,False,Do consider subscribing to my Shorts Channel! 👊Main Mrwhosetheboss YouTube Channel: https://www.youtube.com/user/Mrwhosetheboss#shorts #tech #iPhone #andoird,Science & Technology,US,0.11151552734516432
iVVObU2mHQw,LIGHTSABER vs DIAMOND PLAY BUTTON!,2020-11-12T21:00:04Z,UCjgpFI5dU-D1-kh9H1muoxQ,Hacksmith Industries,28,2020-11-13T00:00:00Z,thehacksmith|hacksmith|lightsabe|diamond play button|whats inside diamond play button|diamond play button unboxing|broken diamond play button|lightsaber vs play button|lightsaber vs|light saber vs playbutton|cutting a play button|10 million subscribers|hacksmith industries|hacksmith industries lightsaber|hacksmith industries history|extendable lightsaber|superheated lightsaber|real lightsaber|plasma lightsaber|retractable lightsaber|youtube diamond play button,1287688,128442,2020,14981,https://i.ytimg.com/vi/iVVObU2mHQw/default.jpg,False,False,"Own a piece of Hacksmith History  ► https://www.etsy.com/ca/shop/HacksmithIndustriesBecome a Hacksmith member get exclusive perks, including 50% off a mini diamond play button! ► https://www.youtube.com/channel/UCjgpFI5dU-D1-kh9H1muoxQ/join►Early video access ►Project design files (solidworks)►Merch Discounts ►Collaborate with us on our videos Channel History Playlist ►https://www.youtube.com/watch?v=108BaHo5xz4&list=PLbncXbXlaNQffbMH5Rimsh9wyGyp7IZjVCHAPTERS:0:00 Teaser0:23 History and Future of Hacksmith Industries10:13 Cooking With The Hacksmith12:22 Cutting the Diamond Playbutton15:44 Until next time!SOCIALWebsite ► http://www.hacksmith.techFacebook ► http://www.facebook.com/thehacksmithInstagram ► http://www.instagram.com/thehacksmithTwitter ► http://twitter.com/thehacksmithPatreon ► http://www.patreon.com/thehacksmithDiscord ► https://discordapp.com/invite/thehacksmith Merch ► https://www.hacksmith.storeMUSIC IN ORDER OF APPEARANCE:1440 Sunset A Day by Mountain Range Licensed from Triple Scoop Music ►https://triplescoopmusic.com/Upon The Hill by DPLicensed from Triple Scoop Music ►https://triplescoopmusic.com/All Star Wars music provided by Samuel Kimhttps://www.youtube.com/c/samuelkimmusic https://twitter.com/samuelkimmusic https://www.instagram.com/samuelkimmusicSOFTWARE:PCB Design ► https://www.altium.com/yt/TheHacksmithVideo Review / Collaboration ► http://r.frame.io/pZq3NVideo Editing ► Adobe Premiere VFX ► https://productioncrate.grsm.io/HacksmithCAD ► Solidworks CAM ► Autodesk HSM http://bit.ly/HSMworksCAMERA GEAR:Highspeed Cam - Chronos 1.4 ► http://bit.ly/chronosCamMain shooter - Panasonic GH5s ► https://bhpho.to/2Fjd80N Phone - Samsung S10  ► https://bhpho.to/2N8FOh8Camcorder - Sony Handycam ► https://bhpho.to/2FDnq81 Action Cam - GoPro ► https://bhpho.to/2FxXDC4 Steadicam - Removu K1 ► https://bhpho.to/2N9lDQq Main mic - Sennheiser ► https://bhpho.to/2DsR8ecBendy Tripod ► https://bhpho.to/2FyLNb0 Main Tripods - old second hand Manfrotto tripods no longer sold. Studio Light - Luxli ► https://bhpho.to/2N9SPavTOOLS / MACHINES: CNC Waterjet Cutter ► http://bit.ly/wazerJetCNC Plasma Cutter ► http://bit.ly/EMTplasma3d Printers ► http://bit.ly/H1PrinterCNC Mill ►  http://bit.ly/PCNC440CNC Lathe ► http://bit.ly/15LSlantProLaser Cutter - Gweike LG900N 80W ► http://lmgtfy.com/?q=lg900n 3d Scanner ► http://amzn.to/2pwbvTuDrills, drivers, grinders, saws, etc ► http://amzn.to/2p9SPJ3 Mig Welder ► http://bit.ly/MP250iWelderTig Welder ► http://bit.ly/Tig200WelderQuiet Air Compressor ► http://bit.ly/38zVKzBDesktop PC ► https://youtu.be/gSbt3LK8hCs Purchases made through some store links may provide some compensation to Hacksmith.WARNING: THESE VIDEOS ARE FOR ENTERTAINMENT PURPOSES ONLY. PERSONAL USE OF VIDEO CONTENT IS AT YOUR OWN RISK. THE HACKSMITH IS A TRAINED PROFESSIONAL WHO KNOWS EXACTLY WHAT HE'S DOING. EXCEPT WHEN HE DOESN'T. DO NOT ATTEMPT TO RECREATE OR RE-ENACT ANYTHING SHOWN IN THESE VIDEOS.#lightsaber #diamondplaybutton #whatsinside",Science & Technology,US,0.11138024117643404
lUzpK0tGFcE,The MrBeast MEGA-STUDIO Tour!,2022-07-28T12:11:04Z,UCMiJRAwDNSNzuYeN2uWa0pA,Mrwhosetheboss,28,2022-07-29T00:00:00Z,mrbeast|mr beast|mrbeast studio|mr beast studio|mrbeast gaming|mrbeast warehouse|studio|warehosue|mrbeast live|mrbeast last to leave|camera|gear,1868872,198991,0,8530,https://i.ytimg.com/vi/lUzpK0tGFcE/default.jpg,False,False,"The Complete MrBeast Studio Tour - including the team, camera gear, his Gaming PC, editing computers and MUCH MORE.  The first 1,000 people to use this link will get a 1 month free trial of Skillshare: https://skl.sh/mrwhosetheboss07221Subscribe for more content (IT'S FREE) : https://goo.gl/pLg6fEIt would make my day if you could also follow me on:🌈 Instagram: https://goo.gl/OUqBBa🐦 Twitter: https://goo.gl/EFhwqL😊 Facebook: https://goo.gl/Aluzl1Amazon Affiliate links:Amazon US: https://goo.gl/3yS2aPAmazon UK: https://goo.gl/gvrsGZMy Filming Gear:https://bit.ly/35CuxwIMusic is from Epidemic sound:http://share.epidemicsound.com/pHDFT",Science & Technology,US,0.11104077753853661
vydgkCCXbTA,An Update On Dianna's Health,2023-03-06T22:47:10Z,UC7DdEm33SyaTDtWYGO2CwdA,Physics Girl,28,2023-03-08T00:00:00Z,physics girl|dianna cowern|#longcovid|#covid|#ME/CFS,977807,97049,0,9659,https://i.ytimg.com/vi/vydgkCCXbTA/default.jpg,False,False,"If you'd like to support Dianna during her recovery, you can do so here → https://www.patreon.com/physicsgirlWe just wanted to give you an update on Dianna’s health, since she’s been sick for a while and may not be returning for longer than we previously thought.Her science videos are postponed until she can make a full recovery. We really appreciate everyone's support here on her channel. We know Dianna wishes she could be here making videos and happily physicsing, but right now she needs to stay in bed and away from work until she makes a full recovery.Special thank you to our X-Ray tier patrons:  Steven Sorenson, Bill N, Michele Robichaux, David DiCamillo, Joe Pacheco, Anton Ragin, Lydia Fullard, zoddy, dheeraj mekala, David Johnston, Christopher Kemsley, Adrian Archuleta, Zoran Dekic, Austin Rose, Gnare, Bazinga_X, Mike Schneider, marcss, James Prokop, Carlos Patricio, Tommy Joseph, jeremy glowacki, Vishal Bedi, Matt Kaminski, Andrew Herstek, Vincent Argiro, Eddie Sabbah, Patrick Olson, Chris Wyma, Zalster,  David Cichowski, Vikram Bhat, Margaux Lopez, Edi, Kenneth Hunter, Fabrice EapMusic provided by APMhttps://www.apmmusic.com/Host: Simone GiertzEditor/Videographer: Levi Butnerhttp://physicsgirl.org/http://twitter.com/thephysicsgirlhttp://facebook.com/thephysicsgirlhttp://instagram.com/thephysicsgirl",Science & Technology,US,0.10912992032169948
ePqkCl4MsKQ,why I'm done making videos.,2022-12-03T14:43:04Z,UCjgpFI5dU-D1-kh9H1muoxQ,Hacksmith,28,2022-12-04T00:00:00Z,thehacksmith|hacksmith|engineering|tech|entertainment|history|future|marvel|thor|spiderman|captain america|stem|science|art|math|iron man|technology|youtube success|mental health|lightsaber|innovation|real talk|backflip|education|projects|real prototypes|movie props|dream job|passion|overwork|burnout|stark industries|tony stark|startup|corporate|research campus|experiments|collaboration|creation|workshop|mechanical|electrical|coding,1559993,161033,0,8953,https://i.ytimg.com/vi/ePqkCl4MsKQ/default.jpg,False,False,"Try vidIQ for just $1 ► https://vidiq.com/thehacksmith/ GET MERCH ► https://www.Hacksmith.storeBecome a member ► https://www.youtube.com/channel/UCjgpFI5dU-D1-kh9H1muoxQ/joinSOCIALInstagram ► http://www.instagram.com/thehacksmithTikTok ► https://www.tiktok.com/@thehacksmith_Facebook ► http://www.facebook.com/thehacksmithTwitter ► http://twitter.com/thehacksmithDiscord ► https://discordapp.com/invite/thehacksmith Merch ► https://www.hacksmith.storeWebsite ► http://www.hacksmith.techSOFTWARE:PCB Design ► https://www.altium.com/asp/hacksmithVideo Review / Collaboration ► http://r.frame.io/pZq3NVideo Editing ► Adobe Premiere CAD ► https://bit.ly/Solidworks4makersTOOLS / MACHINES: 3D Printers ► https://www.makerbot.com/ CNC Mill - Tormach 1100MX ► https://hubs.ly/H0B8DWG0  CNC Mill - Tormach PCNC 440 ► https://hubs.ly/H0B8DYk0  CNC Lathe - Tormach 15L ► https://hubs.ly/H0B8Gcp0 Autofeed Bandsaw - Tormach AF50 ► https://hubs.ly/H0B8Gj10  CNC Waterjet Cutter ► https://www.wazer.com/ CNC Plasma Cutter ► http://bit.ly/EMTplasma  Phenom Resin 3D printer ► https://peopoly.net/products/phenom 3D Printer Resin ► https://siraya.tech/ 3D Scanner ► http://amzn.to/2pwbvTu  Drills, drivers, grinders, saws, etc ► https://amzn.to/35qqbvy Mig Welder ► https://amzn.to/3dxFBzk  Tig Welder ► https://amzn.to/3gmJclN  Oscilloscope ► https://bit.ly/38sOzKw  Multimeters ► https://bit.ly/2WKwPEQ  CAMERA GEAR:Highspeed Cam - Chronos 2.1 ► https://www.krontech.ca/ Main shooter - Sony A7siii ► https://amzn.to/3amVsyN  Main mic - Rode Go II ► https://amzn.to/3toLsh3 Gimbal - DJI RS 2 ► https://amzn.to/3v0DFFs Tripods - Manfrotto 504X ► https://amzn.to/2QB1Onh Studio Lights - Nanlite ► https://amzn.to/3v6iWQrPurchases made through some store links may provide some compensation to Hacksmith.WARNING: THESE VIDEOS ARE FOR ENTERTAINMENT PURPOSES ONLY. PERSONAL USE OF VIDEO CONTENT IS AT YOUR OWN RISK. THE HACKSMITH IS A TRAINED PROFESSIONAL WHO KNOWS EXACTLY WHAT HE'S DOING. EXCEPT WHEN HE DOESN'T. DO NOT ATTEMPT TO RECREATE OR RE-ENACT ANYTHING SHOWN IN THESE VIDEOS.#mentalhealth #youtube #burnout",Science & Technology,US,0.10896587356481728
tH2tKigOPBU,Mars Rover Landing CRASH COURSE- 3 DAYS LEFT!,2021-02-15T03:35:30Z,UCY1kMZp36IQSyNx_9h4mpCg,Mark Rober,28,2021-02-15T00:00:00Z,[None],2606995,262918,1591,21010,https://i.ytimg.com/vi/tH2tKigOPBU/default.jpg,False,False,"This will be cooler than the Super Bowl. Thanks to Bill and Melinda Gates for partnering with me on this video. Read the 2021 Annual Letter, here: http://gatesnot.es/3cfnMF6Watch the live stream- https://www.youtube.com/watch?v=gm0b_ijaYMQ&ab_channel=NASAMain rover landing page- https://mars.nasa.gov/mars2020/Cool rover interactive animation of the 7 mins of terror- https://eyes.nasa.gov/apps/mars2020/#/home?id=surface_operations&time=2021-02-18T12:44:05.006-08:00&rate=0Spin the rover around in 3D- https://mars.nasa.gov/mars2020/spacecraft/rover/Here is the video about why we should explore space even with problems here on Earth- https://youtu.be/lARpY0nIQx0",Science & Technology,US,0.10891006695448208
pXDx6DjNLDU,This Robot Eats Trash #TeamSeas,2021-10-29T19:59:25Z,UCY1kMZp36IQSyNx_9h4mpCg,Mark Rober,28,2021-10-30T00:00:00Z,[None],5140582,537492,2444,18291,https://i.ytimg.com/vi/pXDx6DjNLDU/default.jpg,False,False,"Join #TeamSeas at https://TeamSeas.org (make sure you join the MarkRober team when donating)$1 is one less pound of trash in the Ocean.  We need to remove 30,000,000 lbs by the end of the year!!",Science & Technology,US,0.10811674631393878
kbLvOh1COgo,$200 FAKE AIRPODS MAX?? #Shorts,2022-01-25T21:32:49Z,UCCOrp7GPgZA8EGrbOcIAsyQ,Phone Repair Guru,28,2022-01-27T00:00:00Z,Airpod max|fake airpod max|fake airpod,1046403,111347,0,467,https://i.ytimg.com/vi/kbLvOh1COgo/default.jpg,False,False,Nobody in their right mind would pay $800 For real Airpod Max's. We decided to buy a replica. Let's see how good it is.. Thank you for watching!Second Channel! :https://www.youtube.com/channel/UCsvtCEteOBppQ4TeqAiV91whttps://www.phonerepairguru.com/Ask a Question (Join the Subreddit): https://www.reddit.com/r/PhoneRepairTalk/TOOLS/DISPLAY HOLDER/ORGANIZATION TOOLS: https://www.wrepair.com (DISCOUNT CODE PRG5 for 5% OFF ENTIRE STORE)Framed/disassembled iPhones on display : Purchase Link : https://xreart.com/?ref=l0076ztwhtDisplay/ Battery Programmer : https://amzn.to/3kRi949Tools Used: https://amzn.to/3r9gibNQianli Clamps: https://amzn.to/3eSoXL5My Blue Mat: https://amzn.to/37vGW6VIfixit Starter Kit: https://amzn.to/2UJfvTqHeat Gun: https://amzn.to/2UL23hJElectronic Screw Driver: https://amzn.to/3j00sgrCheck us out on Instagram: https://www.instagram.com/phone.repairguru/Or on TikTok! : https://www.tiktok.com/@phonerepairguru?source=h5_mMail-ins Are On Pause Until January 6. Phone Repair Guru assumes no liability for any damage caused to your phone as a result of any of the information contained in this video.Do not attempt unless you are open to the possibility of further damaging your device.,Science & Technology,US,0.1068555804981446
xbcjf-hrOAs,Dianna Health Update from SmarterEveryDay,2023-12-21T21:18:01Z,UC7DdEm33SyaTDtWYGO2CwdA,Physics Girl,28,2023-12-23T00:00:00Z,physics girl|dianna cowern|long covid|longcovid|me/cfs|mcas|chronic fatigue|notaflu|smartereveryday,1522460,152590,0,8484,https://i.ytimg.com/vi/xbcjf-hrOAs/default.jpg,False,False,"Hosting this video is Destin from SmarterEveryDay giving you a health update on Dianna Cowern. Destin and Dianna have been friends for many years, and recently Destin was able to make a trip out to visit Dianna while she is ill. He shares his story here.Detailed written health update from Kyle - https://www.patreon.com/posts/94956611Support Dianna during her recovery at -PATREON  (monthly)     - https://patreon.com/physicsgirl?utm_medium=clipboard_copy&utm_source=copyLink&utm_campaign=creatorshare_creator&utm_content=join_linkGOFUNDME (one time) - https://www.gofundme.com/f/medical-bills-for-dianna-cowernCheck out Destin’s channel SmarterEveryDay - YouTube.com/smartereverydayHost: Destin SandlinEditor: Levi Butner",Science & Technology,US,0.10579851030568947
xC6J4T_hUKg,4000° PLASMA LIGHTSABER BUILD (RETRACTABLE BLADE!),2020-10-08T20:00:15Z,UCjgpFI5dU-D1-kh9H1muoxQ,the Hacksmith,28,2020-10-09T00:00:00Z,thehacksmith|hacksmith|real life lightsaber|plasma lightsaber|real lightsaber|plasma lightsaber hacksmith|real protosaber|real life protosaber|extendable lightsaber|retractable lightsaber|real retractable lightsaber|real|light saber|lightsaber colors|red lightsaber|green lightsaber|blue lightsaber|lightsaber in real life|star wars|real cutting lightsaber|real plasma lightsaber|real lightsaber cuts through|jlcpcb|altium viewer|altium designer|starwars,2805454,269784,3960,25857,https://i.ytimg.com/vi/xC6J4T_hUKg/default.jpg,False,False,"Download and play AFK Arena for free ► https://bit.ly/3cvZ7dB Use these bonus codes: BestRPG4BusyU and uf4shqjngq to get awesome rewards.Become a Hacksmith member get exclusive perks, like watching our Lightsaber Test video right now! ►►► https://youtu.be/ey_EjSzKFWQYou'll also get...►Project design files (CAD)!►Merch Discounts!►Collaborate with us on our videos!Try Altium Designer for Free and start designing your own PCBs ► https://www.altium.com/yt/TheHacksmithView & share electronic designs online ►https://www.altium.com/viewer/Check out the circuit diagram at Maker.IO ► https://www.digikey.com/en/maker/projects/the-hacksmith-retractable-plasma-lightsaber/d14232ad19c4454ebdc1dd6bbaef5f78Make your own PCBs ► https://jlcpcb.com/  $2  2Layer 5PCBs!$5  4 Layer 5PCBs!Epic Starwars Music and more by Samuel Kim ► https://www.youtube.com/user/samuelkimmusicSOCIALWebsite ► http://www.hacksmith.techFacebook ► http://www.facebook.com/thehacksmithInstagram ► http://www.instagram.com/thehacksmithTwitter ► http://twitter.com/thehacksmithPatreon ► http://www.patreon.com/thehacksmithDiscord ► https://discordapp.com/invite/thehacksmith Merch ► https://www.hacksmith.storeCHAPTERS:0:00 Teaser0:33 A real retractable lightsaber3:28 New hilt design4:17 Support our channel!5:22 Building new hilt9:07 How does it work?12:00 Different blade colors?13:22 Electronics15:00 Powerpack16:27 World's First Retractable Lightsaber17:05 TEST!SOFTWARE:Video Review / Collaboration ► http://r.frame.io/pZq3NVideo Editing ► Adobe Premiere VFX ► https://productioncrate.grsm.io/HacksmithCAD ► Solidworks CAM ► Autodesk HSM http://bit.ly/HSMworksCAMERA GEAR:Highspeed Cam - Chronos 1.4 ► http://bit.ly/chronosCamMain shooter - Panasonic GH5s ► https://bhpho.to/2Fjd80N Phone - Samsung S10  ► https://bhpho.to/2N8FOh8Camcorder - Sony Handycam ► https://bhpho.to/2FDnq81 Action Cam - GoPro ► https://bhpho.to/2FxXDC4 Steadicam - Removu K1 ► https://bhpho.to/2N9lDQq Main mic - Sennheiser ► https://bhpho.to/2DsR8ecBendy Tripod ► https://bhpho.to/2FyLNb0 Main Tripods - old second hand Manfrotto tripods no longer sold. Studio Light - Luxli ► https://bhpho.to/2N9SPavTOOLS / MACHINES: CNC Waterjet Cutter ► http://bit.ly/wazerJetCNC Plasma Cutter ► http://bit.ly/EMTplasma3d Printers ► http://bit.ly/H1PrinterCNC Mill ►  http://bit.ly/PCNC440CNC Lathe ► http://bit.ly/15LSlantProLaser Cutter - Gweike LG900N 80W ► http://lmgtfy.com/?q=lg900n 3d Scanner ► http://amzn.to/2pwbvTuDrills, drivers, grinders, saws, etc ► http://amzn.to/2p9SPJ3 Mig Welder ► http://bit.ly/MP250iWelderTig Welder ► http://bit.ly/Tig200WelderQuiet Air Compressor ► http://bit.ly/38zVKzBDesktop PC ► https://youtu.be/gSbt3LK8hCs MUSIC IN ORDER OF APPEARANCE:Battle Of The Heroes X Duel Of FatesBy Samuel Kimhttps://www.youtube.com/c/samuelkimmusic https://twitter.com/samuelkimmusic https://www.instagram.com/samuelkimmusic Worlds Apart by G. Scott RussellLicensed from Triple Scoop Music ►https://triplescoopmusic.com/Scorpion by Zac NelsonLicensed from Triple Scoop Music ►https://triplescoopmusic.com/Kenobi Theme by Samuel KimJungle by Pink SharkLicensed from Triple Scoop Music ►https://triplescoopmusic.com/Purchases made through some store links may provide some compensation to Hacksmith.WARNING: THESE VIDEOS ARE FOR ENTERTAINMENT PURPOSES ONLY. PERSONAL USE OF VIDEO CONTENT IS AT YOUR OWN RISK. THE HACKSMITH IS A TRAINED PROFESSIONAL WHO KNOWS EXACTLY WHAT HE'S DOING. EXCEPT WHEN HE DOESN'T. DO NOT ATTEMPT TO RECREATE OR RE-ENACT ANYTHING SHOWN IN THESE VIDEOS.#starwars #lightsaber #makeitreal",Science & Technology,US,0.10538080467546429
t705r8ICkRw,Starbase Factory Tour with Elon Musk [Part 1],2021-08-03T20:59:59Z,UC6uKrU_WqJ1R2HMTY3LIx5Q,Everyday Astronaut,28,2021-08-05T00:00:00Z,Elon Musk|SpaceX|SpaceX Starship|Starbase|SpaceX Starbase|Starbase Texas|SpaceX Factory Tour|Starbase Tour|Elon Musk Interview|Starship Factory|Starship Factory Tour|Boca Chica|SpaceX Boca Chica|SpaceX Boca Chica Tour|Everyday Astronaut Interview|Inside Starbase|Inside SpaceX,889428,84976,538,8404,https://i.ytimg.com/vi/t705r8ICkRw/default.jpg,False,False,"Join me as I take a tour of SpaceX's Starbase facility with Elon Musk as our tour guide! This is part 1 of 3, so stay tuned, there's a lot more coming!If you need some notes on this video with key points, check out our article - https://everydayastronaut.com/starbase-tour-and-interview-with-elon-musk/Need a rundown on Starship? I've got you covered with our Complete Guide to Starshiphttps://youtu.be/-8p2JDTd13k00:00 - Intro02:02 - Conversation Starts06:18 - High Bay28:23.- Grid Fin33:55 - Raptor V239:53 - HLS40:45 - Stage Separation / Hot Gas Thrusters48:00 - HLS (again)51:44 - Outro--------------------------Want to support what I do? Consider becoming a Patreon supporter for access to exclusive livestreams, our discord channel and subreddit! - http://patreon.com/everydayastronautExtra special thanks to our Mission Directors!  Peter Jordan, Nick Williams, Tyler Silcott, Mark Krieger, Roger Oldfield, PEDER HALSEIDE, Roberto Cordon, Benjamin Holland, Scott Maley, Robin Haerens, Rob Nunn, James and Becky Carter, Tim Engle, Taron Lexton, Chris Meleg, Corey Coddington, Chris LaClair, Peter F Maher, Steve Kemp, Vincent Argiro, Lars Nielsen (Denmark), IMAJIN, Nick , David A. Greer, Frans de Wet, Chad Souter, Sam Fisher, Arthur Carty, Lawrence Mansour, DLB, Chris Dibbs, David Glover, Max Haot, Ares Lovlyn, John Malkin, TTTA , Seth Pascale, Jared smith, Simon Pilkington, Héctor Ramos, Alejandro , Tomdmay , Mac Malkawi, Manalope , Tristan EdwardsOr become a YouTube member for some bonus perks as well! - https://www.youtube.com/channel/UC6uKrU_WqJ1R2HMTY3LIx5Q/joinThe best place for all your space merch needs!https://everydayastronaut.com/shop/All music is original! Check out my album Maximum Aerodynamic Pressure anywhere you listen to music (Spotify, iTunes, Google Play, Amazon, etc) or click here for easy links - http://everydayastronaut.com/music",Science & Technology,US,0.10498882427807535
mOFOjmws4hk,The STUPIDEST smartphone cases EVER 😂,2021-12-27T12:17:29Z,UCZSlfzadjnw7G419c_OJ9eg,Mrwhosetheboss Shorts,28,2021-12-28T00:00:00Z,[None],2204170,229193,0,1057,https://i.ytimg.com/vi/mOFOjmws4hk/default.jpg,False,False,Do consider subscribing to my Shorts Channel! 👊Main Mrwhosetheboss YouTube Channel: https://www.youtube.com/user/Mrwhosetheboss#shorts #tech #case #phone,Science & Technology,US,0.10446108966186819
rdKTjPDcTM0,This is one of the world's blackest paints,2021-05-11T16:00:23Z,UCA0mlN90EHCizvo101nbr-g,NileRed Shorts,28,2021-05-13T00:00:00Z,nilered|nile|red|science|chemistry|musou|black|blackest|black 3.0|blackest paint|dark|darkest|vanta|paint|color|shade|perfect|texture,1210216,121527,2244,2549,https://i.ytimg.com/vi/rdKTjPDcTM0/default.jpg,False,False,"Check out my main channel: https://www.youtube.com/c/NileRedMusou Black is one of the world's blackest paints that you can easily buy.  To test it out, I've decided to put some of it on a tomato. At first, it doesn't look very dark, but as it dries, it gets blacker and blacker. It isn't so dark that it's impossible to see any texture, but it's still really impressive, and it looks pretty weird.-------------------------------------------Nile talks about lab safety:  https://youtu.be/ftACSEJ6DZA​#shorts",Science & Technology,US,0.10252384698268739
cqidD7kVnxY,World's Fastest Pitch - Supersonic Baseball Cannon - Smarter Every Day 242,2020-09-06T15:38:12Z,UC6107grRI4m0o2-emgoDnAA,SmarterEveryDay,28,2020-09-07T00:00:00Z,Smarter|Every|Day|Science|Physics|Destin|Sandlin|Education|Math|Smarter Every Day|experiment|nature|demonstration|slow|motion|slow motion|education|math|science|science education|what is science|Physics of|projects|experiments|baseball|fastball|supersonic|aerodynamics|fastest pitch|cricket|science project|world's fastest pitch|cnc|machining|welding|vacuum cannon|world's fastest|fastest baseball,1049720,99253,738,8307,https://i.ytimg.com/vi/cqidD7kVnxY/default.jpg,False,False,"⚾  https://www.patreon.com/smartereveryday ⚾Get a Rocket City Trash Pandas shirt at http://shoptrashpandas.com/ !Click here if you're interested in subscribing: http://bit.ly/Subscribe2SEDBehind the Scenes Video of how we built it: https://youtu.be/E60G3ba4TUA ⇊  Click below for more links!  ⇊I have been wanting to build this thing as long as I understood the physics of how it all works.  A super big thanks to David Linderman, Jeremy Fielding, Trent, and David Woodall (the welder).I realize most people who support Smarter Every Day don't do it for transactional reasons, (ie, I'll support Smarter Every Day to get stuff).  I also realized that there is often a mental hurdle that must be crossed before support on Patreon starts.  My thought is that I'd really like to give folks a baseball, and it might provide enough momentum to get over that initial hurdle.  I signed the first shipment of baseballs I received, but I only have so many of those.  There's no implication that my signature is worth anything.... it's just kind of what you do with baseballs... it's a tradition.  After a certain number, it will transition to unsigned baseballs.  I've got enough signed baseballs to over all existing Patrons, and many more, but I will wait a month or so to see how many I need to get, then I'll order the second batch.  I like to support jobs and pay people for what they're good at.  The machinists and welders who made the parts in this video for example.  The whole intent here is to diversify away from solely being ad sponsored so I don't have to answer to anyone but myself and Patrons with respect to the types of content I choose to make.  Thank you for understanding what I'm doing here, and even if you decide not to kick in at https://www.patreon.com/smartereveryday , I'm super grateful you took the time to watch this video!  Thank you very much, Destin~~~~~~~~~~~~~~~~~~~~~~~~~~~~GET SMARTER SECTIONWhen I was younger, my favorite baseball players were Cal Ripken Jr. and Nolan Ryan https://en.wikipedia.org/wiki/Nolan_RyanNolan Ryan's fastball has been beat, but when adjusted for radar gun placement it may still be the fastest pitch ever: https://www.si.com/extra-mustard/2015/04/22/fastball-pitching-documentary-mlb~~~~~~~~~~~~~~~~~~~~~~~~~~~~Jeremy Fielding's YouTube channel:https://www.youtube.com/channel/UC_SLthyNX_ivd-dmsFgmJVgTweet Ideas to me at:http://twitter.com/smartereverydaySmarter Every Day on Facebookhttps://www.facebook.com/SmarterEveryDaySmarter Every Day on Patreonhttps://www.patreon.com/smartereverydaySmarter Every Day On Instagramhttps://www.instagram.com/smartereverydaySmarter Every Day SubReddithttps://www.reddit.com/r/smartereverydayAmbiance, audio and musicy things by: Gordon McGladdery https://www.ashellinthepit.com/http://ashellinthepit.bandcamp.com/If you feel like this video was worth your time and added value to your life, please SHARE THE VIDEO!If you REALLY liked it, feel free to pitch a few dollars Smarter Every Day by becoming a Patron.http://www.patreon.com/smartereverydayWarm Regards,Destin",Science & Technology,US,0.10246541934992189
